id,title,genres,overview,cast,director,popularity,release_date,vote_average
4314,Minions,Family Animation Adventure Comedy,"Minions Stuart, Kevin and Bob are recruited by Scarlet Overkill, a super-villain who, alongside her inventor husband Herb, hatches a plot to take over the world.",Sandra Bullock Jon Hamm Michael Keaton Allison Janney Steve Coogan,Kyle Balda,875.581305,17-06-2015,6.4
4157,Interstellar,Adventure Drama Science Fiction,Interstellar chronicles the adventures of a group of explorers who make use of a newly discovered wormhole to surpass the limitations on human space travel and conquer the vast distances involved in an interstellar voyage.,Matthew McConaughey Jessica Chastain Anne Hathaway Michael Caine Casey Affleck,Christopher Nolan,724.247784,05-11-2014,8.1
4579,Deadpool,Action Adventure Comedy,"Deadpool tells the origin story of former Special Forces operative turned mercenary Wade Wilson, who after being subjected to a rogue experiment that leaves him with accelerated healing powers, adopts the alter ego Deadpool. Armed with his new abilities and a dark, twisted sense of humor, Deadpool hunts down the man who nearly destroyed his life.",Ryan Reynolds Morena Baccarin Ed Skrein T.J. Miller Gina Carano,Tim Miller,514.569956,09-02-2016,7.4
4044,Guardians of the Galaxy,Action Science Fiction Adventure,"Light years from Earth, 26 years after being abducted, Peter Quill finds himself the prime target of a manhunt after discovering an orb wanted by Ronan the Accuser.",Chris Pratt Zoe Saldana Dave Bautista Vin Diesel Bradley Cooper,James Gunn,481.098624,30-07-2014,7.9
3790,Mad Max: Fury Road,Action Adventure Science Fiction Thriller,"An apocalyptic story set in the furthest reaches of our planet, in a stark desert landscape where humanity is broken, and most everyone is crazed fighting for the necessities of life. Within this world exist two rebels on the run who just might be able to restore order. There's Max, a man of action and a man of few words, who seeks peace of mind following the loss of his wife and child in the aftermath of the chaos. And Furiosa, a woman of action and a woman who believes her path to survival may be achieved if she can make it across the desert back to her childhood homeland.",Tom Hardy Charlize Theron Nicholas Hoult Hugh Keays-Byrne Josh Helman,George Miller,434.278564,13-05-2015,7.2
4095,Jurassic World,Action Adventure Science Fiction Thriller,"Twenty-two years after the events of Jurassic Park, Isla Nublar now features a fully functioning dinosaur theme park, Jurassic World, as originally envisioned by John Hammond.",Chris Pratt Bryce Dallas Howard Irrfan Khan Vincent D'Onofrio Nick Robinson,,418.708552,09-06-2015,6.5
10,Pirates of the Caribbean: The Curse of the Black Pearl,Adventure Fantasy Action,"Jack Sparrow, a freewheeling 17th-century pirate who roams the Caribbean Sea, butts heads with a rival pirate bent on pillaging the village of Port Royal. When the governor's daughter is kidnapped, Sparrow decides to help the girl's love save her. But their seafaring mission is hardly simple.",Johnny Depp Geoffrey Rush Orlando Bloom Keira Knightley Jack Davenport,Gore Verbinski,271.972889,09-07-2003,7.5
4049,Dawn of the Planet of the Apes,Science Fiction Action Drama Thriller,"A group of scientists in San Francisco struggle to stay alive in the aftermath of a plague that is wiping out humanity, while Caesar tries to maintain dominance over his community of intelligent apes.",Andy Serkis Jason Clarke Gary Oldman Keri Russell Toby Kebbell,Matt Reeves,243.791743,26-06-2014,7.3
4080,The Hunger Games: Mockingjay - Part 1,Science Fiction Adventure Thriller,Katniss Everdeen reluctantly becomes the symbol of a mass rebellion against the autocratic Capitol.,Jennifer Lawrence Josh Hutcherson Liam Hemsworth Woody Harrelson Donald Sutherland,Francis Lawrence,206.227151,18-11-2014,6.6
4217,Big Hero 6,Adventure Family Animation Action Comedy,"The special bond that develops between plus-sized inflatable robot Baymax, and prodigy Hiro Hamada, who team up with a group of friends to form a band of high-tech heroes.",Scott Adsit Ryan Potter Daniel Henney T.J. Miller Jamie Chung,Chris Williams,203.73459,24-10-2014,7.8
3910,Terminator Genisys,Science Fiction Action Thriller Adventure,"The year is 2029. John Connor, leader of the resistance continues the war against the machines. At the Los Angeles offensive, John's fears of the unknown future begin to emerge when TECOM spies reveal a new plot by SkyNet that will attack him from both fronts; past and future, and will ultimately change warfare forever.",Arnold Schwarzenegger Jason Clarke Emilia Clarke Jai Courtney J.K. Simmons,Alan Taylor,202.042635,23-06-2015,5.8
4505,Captain America: Civil War,Adventure Action Science Fiction,"Following the events of Age of Ultron, the collective governments of the world pass an act designed to regulate all superhuman activity. This polarizes opinion amongst the Avengers, causing two factions to side with Iron Man or Captain America, which causes an epic battle between former allies.",Chris Evans Robert Downey Jr. Scarlett Johansson Sebastian Stan Anthony Mackie,Anthony Russo,198.372395,27-04-2016,7.1
4411,Whiplash,Drama,"Under the direction of a ruthless instructor, a talented young drummer begins to pursue perfection at any cost, even his humanity.",Miles Teller J.K. Simmons Melissa Benoist Austin Stowell Jayson Blair,Damien Chazelle,192.528841,10-10-2014,8.3
69,The Dark Knight,Drama Action Crime Thriller,"Batman raises the stakes in his war on crime. With the help of Lt. Jim Gordon and District Attorney Harvey Dent, Batman sets out to dismantle the remaining criminal organizations that plague the streets. The partnership proves to be effective, but they soon find themselves prey to a reign of chaos unleashed by a rising criminal mastermind known to the terrified citizens of Gotham as the Joker.",Christian Bale Heath Ledger Aaron Eckhart Michael Caine Maggie Gyllenhaal,Christopher Nolan,187.322927,16-07-2008,8.2
4550,The Martian,Drama Adventure Science Fiction,"During a manned mission to Mars, Astronaut Mark Watney is presumed dead after a fierce storm and left behind by his crew. But Watney has survived and finds himself stranded and alone on the hostile planet. With only meager supplies, he must draw upon his ingenuity, wit and spirit to subsist and find a way to signal to Earth that he is alive.",Matt Damon Jessica Chastain Kristen Wiig Jeff Daniels Michael Pe\u00f1a,Ridley Scott,167.93287,30-09-2015,7.6
2945,Inception,Action Thriller Science Fiction Mystery Adventure,"Cobb, a skilled thief who commits corporate espionage by infiltrating the subconscious of his targets is offered a chance to regain his old life as payment for a task considered to be impossible: ""inception"", the implantation of another person's idea into a target's subconscious.",Leonardo DiCaprio Joseph Gordon-Levitt Ellen Page Tom Hardy Ken Watanabe,Christopher Nolan,167.58371,14-07-2010,8.1
4012,Frozen,Animation Adventure Family,"Young princess Anna of Arendelle dreams about finding true love at her sister Elsa’s coronation. Fate takes her on a dangerous journey in an attempt to end the eternal winter that has fallen over the kingdom. She's accompanied by ice delivery man Kristoff, his reindeer Sven, and snowman Olaf. On an adventure where she will find out what friendship, courage, family, and true love really means.",Kristen Bell Idina Menzel Jonathan Groff Josh Gad Santino Fontana,Chris Buck,165.125366,27-11-2013,7.3
4305,Batman v Superman: Dawn of Justice,Action Adventure Fantasy,"Fearing the actions of a god-like Super Hero left unchecked, Gotham City’s own formidable, forceful vigilante takes on Metropolis’s most revered, modern-day savior, while the world wrestles with what sort of hero it really needs. And with Batman and Superman at war with one another, a new threat quickly arises, putting mankind in greater danger than it’s ever known before.",Ben Affleck Henry Cavill Gal Gadot Amy Adams Jesse Eisenberg,Zack Snyder,155.790452,23-03-2016,5.7
2692,Avatar,Action Adventure Fantasy Science Fiction,"In the 22nd century, a paraplegic Marine is dispatched to the moon Pandora on a unique mission, but becomes torn between following orders and protecting an alien civilization.",Sam Worthington Zoe Saldana Sigourney Weaver Stephen Lang Michelle Rodriguez,James Cameron,150.437577,10-12-2009,7.2
230,Fight Club,Drama,"A ticking-time-bomb insomniac and a slippery soap salesman channel primal male aggression into a shocking new form of therapy. Their concept catches on, with underground ""fight clubs"" forming in every town, until an eccentric gets in the way and ignites an out-of-control spiral toward oblivion.",Edward Norton Brad Pitt Meat Loaf Jared Leto Helena Bonham Carter,David Fincher,146.757391,15-10-1999,8.3
18,Pirates of the Caribbean: Dead Man's Chest,Adventure Fantasy Action,"Captain Jack Sparrow works his way out of a blood debt with the ghostly Davey Jones, he also attempts to avoid eternal damnation.",Johnny Depp Orlando Bloom Keira Knightley Stellan Skarsg\u00e5rd Bill Nighy,Gore Verbinski,145.847379,20-06-2006,7.0
4292,The Imitation Game,History Drama Thriller War,"Based on the real life story of legendary cryptanalyst Alan Turing, the film portrays the nail-biting race against time by Turing and his brilliant team of code-breakers at Britain's top-secret Government Code and Cypher School at Bletchley Park, during the darkest days of World War II.",Benedict Cumberbatch Keira Knightley Matthew Goode Rory Kinnear Allen Leech,Morten Tyldum,145.364591,14-11-2014,8.0
2851,The Avengers,Science Fiction Action Adventure,"When an unexpected enemy emerges and threatens global safety and security, Nick Fury, director of the international peacekeeping agency known as S.H.I.E.L.D., finds himself in need of a team to pull the world back from the brink of disaster. Spanning the globe, a daring recruitment effort begins!",Robert Downey Jr. Chris Evans Mark Ruffalo Chris Hemsworth Scarlett Johansson,Joss Whedon,144.448633,25-04-2012,7.4
110,The Godfather,Drama Crime,"Spanning the years 1945 to 1955, a chronicle of the fictional Italian-American Corleone crime family. When organized crime family patriarch, Vito Corleone barely survives an attempt on his life, his youngest son, Michael steps in to take care of the would-be killers, launching a campaign of bloody revenge.",Marlon Brando Al Pacino James Caan Richard S. Castellano Robert Duvall,Francis Ford Coppola,143.659698,14-03-1972,8.4
3968,Teenage Mutant Ninja Turtles,Science Fiction Action Adventure Fantasy Comedy,The city needs heroes. Darkness has settled over New York City as Shredder and his evil Foot Clan have an iron grip on everything from the police to the politicians. The future is grim until four unlikely outcast brothers rise from the sewers and discover their destiny as Teenage Mutant Ninja Turtles. The Turtles must work with fearless reporter April and her wise-cracking cameraman Vern Fenwick to save the city and unravel Shredder's diabolical plan.,Megan Fox Will Arnett William Fichtner Alan Ritchson Noel Fisher,Jonathan Liebesman,143.350376,07-08-2014,5.8
4310,Gone Girl,Mystery Thriller Drama,"With his wife's disappearance having become the focus of an intense media circus, a man sees the spotlight turned on him when it's suspected that he may not be innocent.",Ben Affleck Rosamund Pike Carrie Coon Neil Patrick Harris Tyler Perry,David Fincher,143.041543,01-10-2014,7.9
4465,Pixels,Action Comedy Science Fiction,Video game experts are recruited by the military to fight 1980s-era video game characters who've attacked New York.,Adam Sandler Michelle Monaghan Peter Dinklage Josh Gad Kevin James,Chris Columbus,140.849495,16-07-2015,5.6
4357,Fury,War Drama Action,"Last months of World War II in April 1945. As the Allies make their final push in the European Theater, a battle-hardened U.S. Army sergeant in the 2nd Armored Division named Wardaddy commands a Sherman tank called ""Fury"" and its five-man crew on a deadly mission behind enemy lines. Outnumbered and outgunned, Wardaddy and his men face overwhelming odds in their heroic attempts to strike at the heart of Nazi Germany.",Brad Pitt Shia LaBeouf Logan Lerman Michael Pe\u00f1a Jon Bernthal,David Ayer,139.575085,15-10-2014,7.4
4418,X-Men: Apocalypse,Science Fiction,"After the re-emergence of the world's first mutant, world-destroyer Apocalypse, the X-Men must unite to defeat his extinction level plan.",James McAvoy Michael Fassbender Jennifer Lawrence Nicholas Hoult Oscar Isaac,Bryan Singer,139.272042,18-05-2016,6.4
131,Pirates of the Caribbean: At World's End,Adventure Fantasy Action,"Captain Barbossa, long believed to be dead, has come back to life and is headed to the edge of the Earth with Will Turner and Elizabeth Swann. But nothing is quite as it seems.",Johnny Depp Orlando Bloom Keira Knightley Stellan Skarsg\u00e5rd Chow Yun-fat,Gore Verbinski,139.082615,19-05-2007,6.9
3626,Rise of the Planet of the Apes,Thriller Action Drama Science Fiction,"Scientist Will Rodman is determined to find a cure for Alzheimer's, the disease which has slowly consumed his father. Will feels certain he is close to a breakthrough and tests his latest serum on apes, noticing dramatic increases in intelligence and brain activity in the primate subjects – especially Caesar, his pet chimpanzee.",James Franco Freida Pinto John Lithgow Brian Cox Tom Felton,Rupert Wyatt,138.433168,03-08-2011,7.0
4,Forrest Gump,Comedy Drama Romance,"A man with a low IQ has accomplished great things in his life and been present during significant historic events - in each case, far exceeding what anyone imagined he could do. Yet, despite all the things he has attained, his one true love eludes him. 'Forrest Gump' is the story of a man who rose above his challenges, and who proved that determination, courage, and love are more important than ability.",Tom Hanks Robin Wright Gary Sinise Mykelti Williamson Sally Field,Robert Zemeckis,138.133331,06-07-1994,8.2
55,The Lord of the Rings: The Fellowship of the Ring,Adventure Fantasy Action,"Young hobbit Frodo Baggins, after inheriting a mysterious ring from his uncle Bilbo, must leave his home in order to keep it from falling into the hands of its evil creator. Along the way, a fellowship is formed to protect the ringbearer and make sure that the ring arrives at its final destination: Mt. Doom, the only place where it can be destroyed.",Elijah Wood Ian McKellen Cate Blanchett Orlando Bloom Sean Bean,Peter Jackson,138.049577,18-12-2001,8.0
3946,Despicable Me 2,Animation Comedy Family,Gru is recruited by the Anti-Villain League to help deal with a powerful new super criminal.,Steve Carell Kristen Wiig Benjamin Bratt Miranda Cosgrove Russell Brand,Pierre Coffin,136.886704,25-06-2013,7.0
127,The Shawshank Redemption,Drama Crime,"Framed in the 1940s for the double murder of his wife and her lover, upstanding banker Andy Dufresne begins a new life at the Shawshank prison, where he puts his accounting skills to work for an amoral warden. During his long stretch in prison, Dufresne comes to be admired by the other inmates -- including an older prisoner named Red -- for his integrity and unquenchable sense of hope.",Tim Robbins Morgan Freeman Bob Gunton Clancy Brown Mark Rolston,Frank Darabont,136.747729,23-09-1994,8.5
593,Pirates of the Caribbean: On Stranger Tides,Adventure Action Fantasy,"Captain Jack Sparrow crosses paths with a woman from his past, and he's not sure if it's love -- or if she's a ruthless con artist who's using him to find the fabled Fountain of Youth. When she forces him aboard the Queen Anne's Revenge, the ship of the formidable pirate Blackbeard, Jack finds himself on an unexpected adventure in which he doesn't know who to fear more: Blackbeard or the woman from his past.",Johnny Depp Pen\u00e9lope Cruz Ian McShane Kevin McNally Geoffrey Rush,Rob Marshall,135.413856,14-05-2011,6.4
3971,Avengers: Age of Ultron,Action Adventure Science Fiction,"When Tony Stark tries to jumpstart a dormant peacekeeping program, things go awry and Earth’s Mightiest Heroes are put to the ultimate test as the fate of the planet hangs in the balance. As the villainous Ultron emerges, it is up to The Avengers to stop him from enacting his terrible plans, and soon uneasy alliances and unexpected action pave the way for an epic and unique global adventure.",Robert Downey Jr. Chris Hemsworth Mark Ruffalo Chris Evans Scarlett Johansson,Joss Whedon,134.279229,22-04-2015,7.3
299,Harry Potter and the Chamber of Secrets,Adventure Fantasy Family,"Ignoring threats to his life, Harry returns to Hogwarts to investigate – aided by Ron and Hermione – a mysterious series of attacks.",Daniel Radcliffe Rupert Grint Emma Watson Richard Harris Alan Rickman,Chris Columbus,132.397737,13-11-2002,7.4
4274,The Maze Runner,Action Mystery Science Fiction Thriller,"Set in a post-apocalyptic world, young Thomas is deposited in a community of boys after his memory is erased, soon learning they're all trapped in a maze that will require him to join forces with fellow ""runners"" for a shot at escape.",Dylan O'Brien Ki Hong Lee Kaya Scodelario Aml Ameen Blake Cooper,Wes Ball,131.815575,10-09-2014,7.0
4173,Tomorrowland,Adventure Family Mystery Science Fiction,"Bound by a shared destiny, a bright, optimistic teen bursting with scientific curiosity and a former boy-genius inventor jaded by disillusionment embark on a danger-filled mission to unearth the secrets of an enigmatic place somewhere in time and space that exists in their collective memory as ""Tomorrowland.""",Britt Robertson George Clooney Raffey Cassidy Thomas Robinson Hugh Laurie,Brad Bird,130.311355,19-05-2015,6.2
4140,Inside Out,Drama Comedy Animation Family,"Growing up can be a bumpy road, and it's no exception for Riley, who is uprooted from her Midwest life when her father starts a new job in San Francisco. Like all of us, Riley is guided by her emotions - Joy, Fear, Anger, Disgust and Sadness. The emotions live in Headquarters, the control center inside Riley's mind, where they help advise her through everyday life. As Riley and her emotions struggle to adjust to a new life in San Francisco, turmoil ensues in Headquarters. Although Joy, Riley's main and most important emotion, tries to keep things positive, the emotions conflict on how best to navigate a new city, house and school.",Amy Poehler Phyllis Smith Richard Kind Bill Hader Lewis Black,Pete Docter,128.655964,09-06-2015,8.0
214,One Flew Over the Cuckoo's Nest,Drama,"While serving time for insanity at a state mental hospital, implacable rabble-rouser, Randle Patrick McMurphy inspires his fellow patients to rebel against the authoritarian rule of head nurse, Mildred Ratched.",Jack Nicholson Louise Fletcher Danny DeVito William Redfield Scatman Crothers,Milo\u0161 Forman,127.525581,18-11-1975,8.2
4081,The Hunger Games: Mockingjay - Part 2,Action Adventure Science Fiction,"With the nation of Panem in a full scale war, Katniss confronts President Snow in the final showdown. Teamed with a group of her closest friends – including Gale, Finnick, and Peeta – Katniss goes off on a mission with the unit from District 13 as they risk their lives to stage an assassination attempt on President Snow who has become increasingly obsessed with destroying her. The mortal traps, enemies, and moral choices that await Katniss will challenge her more than any arena she faced in The Hunger Games.",Jennifer Lawrence Josh Hutcherson Liam Hemsworth Woody Harrelson Elizabeth Banks,Francis Lawrence,127.284427,18-11-2015,6.6
1176,Twilight,Adventure Fantasy Drama Romance,"When Bella Swan moves to a small town in the Pacific Northwest to live with her father, she starts school and meets the reclusive Edward Cullen, a mysterious classmate who reveals himself to be a 108-year-old vampire. Despite Edward's repeated cautions, Bella can't help but fall in love with him, a fatal move that endangers her own life when a coven of bloodsuckers try to challenge the Cullen clan.",Kristen Stewart Robert Pattinson Billy Burke Taylor Lautner Peter Facinelli,Catherine Hardwicke,127.084938,20-11-2008,5.8
2,Star Wars,Adventure Action Science Fiction,Princess Leia is captured and held hostage by the evil Imperial forces in their effort to take over the galactic Empire. Venturesome Luke Skywalker and dashing captain Han Solo team together with the loveable robot duo R2-D2 and C-3PO to rescue the beautiful princess and restore peace and justice in the Empire.,Mark Hamill Harrison Ford Carrie Fisher Peter Cushing Alec Guinness,George Lucas,126.393695,25-05-1977,8.1
3631,Brave,Animation Adventure Comedy Family Action,"Brave is set in the mystical Scottish Highlands, where Mérida is the princess of a kingdom ruled by King Fergus and Queen Elinor. An unruly daughter and an accomplished archer, Mérida one day defies a sacred custom of the land and inadvertently brings turmoil to the kingdom. In an attempt to set things right, Mérida seeks out an eccentric old Wise Woman and is granted an ill-fated wish. Also figuring into Mérida’s quest — and serving as comic relief — are the kingdom’s three lords: the enormous Lord MacGuffin, the surly Lord Macintosh, and the disagreeable Lord Dingwall.",Kelly Macdonald Julie Walters Billy Connolly Emma Thompson Kevin McKidd,Brenda Chapman,125.114374,21-06-2012,6.7
57,The Lord of the Rings: The Return of the King,Adventure Fantasy Action,"Aragorn is revealed as the heir to the ancient kings as he, Gandalf and the other members of the broken fellowship struggle to save Gondor from Sauron's forces. Meanwhile, Frodo and Sam bring the ring closer to the heart of Mordor, the dark lord's realm.",Elijah Wood Ian McKellen Viggo Mortensen Liv Tyler Orlando Bloom,Peter Jackson,123.630332,01-12-2003,8.1
305,Pulp Fiction,Thriller Crime,"A burger-loving hit man, his philosophical partner, a drug-addled gangster's moll and a washed-up boxer converge in this sprawling, comedic crime caper. Their adventures unfurl in three stories that ingeniously trip back and forth in time.",John Travolta Samuel L. Jackson Uma Thurman Bruce Willis Ving Rhames,Quentin Tarantino,121.463076,08-10-1994,8.3
4058,The Hobbit: The Battle of the Five Armies,Action Adventure Fantasy,"Immediately after the events of The Desolation of Smaug, Bilbo and the dwarves try to defend Erebor's mountain of treasure from others who claim it: the men of the ruined Laketown and the elves of Mirkwood. Meanwhile an army of Orcs led by Azog the Defiler is marching on Erebor, fueled by the rise of the dark lord Sauron. Dwarves, elves and men must unite, and the hope for Middle-Earth falls into Bilbo's hands.",Martin Freeman Ian McKellen Richard Armitage Ken Stott Graham McTavish,Peter Jackson,120.965743,10-12-2014,7.1
568,Iron Man,Action Science Fiction Adventure,"After being held captive in an Afghan cave, billionaire engineer Tony Stark creates a unique weaponized suit of armor to fight evil.",Robert Downey Jr. Terrence Howard Jeff Bridges Shaun Toub Gwyneth Paltrow,Jon Favreau,120.725053,30-04-2008,7.4
3985,Ant-Man,Science Fiction Action Adventure,"Armed with the astonishing ability to shrink in scale but increase in strength, master thief Scott Lang must embrace his inner-hero and help his mentor, Doctor Hank Pym, protect the secret behind his spectacular Ant-Man suit from a new generation of towering threats. Against seemingly insurmountable obstacles, Pym and Lang must plan and pull off a heist that will save the world.",Paul Rudd Michael Douglas Evangeline Lilly Corey Stoll Bobby Cannavale,Peyton Reed,120.09361,14-07-2015,7.0
59,Spirited Away,Fantasy Adventure Animation Family,A ten year old girl who wanders away from her parents along a path that leads to a world ruled by strange and unusual monster-like animals. Her parents have been changed into pigs along with others inside a bathhouse full of these creatures. Will she ever see the world how it once was?,Rumi Hiiragi Miyu Irino Mari Natsuki Takashi Naito Yasuko Sawaguchi,Hayao Miyazaki,118.968562,20-07-2001,8.3
4074,X-Men: Days of Future Past,Action Adventure Fantasy Science Fiction,The ultimate X-Men ensemble fights a war for the survival of the species across two time periods as they join forces with their younger selves in an epic battle that must change the past – to save our future.,Hugh Jackman James McAvoy Michael Fassbender Jennifer Lawrence Halle Berry,Bryan Singer,118.078691,15-05-2014,7.5
3940,Transformers: Age of Extinction,Science Fiction Action Adventure,"As humanity picks up the pieces, following the conclusion of ""Transformers: Dark of the Moon,"" Autobots and Decepticons have all but vanished from the face of the planet. However, a group of powerful, ingenious businessman and scientists attempt to learn from past Transformer incursions and push the boundaries of technology beyond what they can control - all while an ancient, powerful Transformer menace sets Earth in his cross-hairs.",Mark Wahlberg Stanley Tucci Kelsey Grammer Nicola Peltz Jack Reynor,Michael Bay,116.840296,25-06-2014,5.8
4270,Chappie,Crime Action Science Fiction,"Every child comes into the world full of promise, and none more so than Chappie: he is gifted, special, a prodigy. Like any child, Chappie will come under the influence of his surroundings—some good, some bad—and he will rely on his heart and soul to find his way in the world and become his own man. But there's one thing that makes Chappie different from any one else: he is a robot.",Sharlto Copley Dev Patel Ninja Yolandi Visser Jose Pablo Cantillo,Neill Blomkamp,116.700319,04-03-2015,6.6
233,Spider-Man 3,Fantasy Action Adventure,"The seemingly invincible Spider-Man goes up against an all-new crop of villain – including the shape-shifting Sandman. While Spider-Man’s superpowers are altered by an alien organism, his alter ego, Peter Parker, deals with nemesis Eddie Brock and also gets caught up in a love triangle.",Tobey Maguire Kirsten Dunst James Franco Thomas Haden Church Topher Grace,Sam Raimi,115.699814,01-05-2007,5.9
4225,Night at the Museum: Secret of the Tomb,Adventure Comedy Fantasy Family,"When the magic powers of The Tablet of Ahkmenrah begin to die out, Larry Daley (Ben Stiller) spans the globe, uniting favorite and new characters while embarking on an epic quest to save the magic before it is gone forever.",Ben Stiller Rami Malek Rebel Wilson Robin Williams Owen Wilson,Shawn Levy,115.597753,17-12-2014,6.1
4385,Lucy,Action Science Fiction,"A woman, accidentally caught in a dark deal, turns the tables on her captors and transforms into a merciless warrior evolved beyond human logic.",Scarlett Johansson Morgan Freeman Choi Min-sik Amr Waked Julian Rhind-Tutt,Luc Besson,115.241998,14-07-2014,6.3
124,Batman Begins,Action Crime Drama,"Driven by tragedy, billionaire Bruce Wayne dedicates his life to uncovering and defeating the corruption that plagues his home, Gotham City.  Unable to work within the system, he instead creates a new identity, a symbol of fear for the criminal underworld - The Batman.",Christian Bale Michael Caine Liam Neeson Katie Holmes Gary Oldman,Christopher Nolan,115.040024,10-06-2005,7.5
4218,Mission: Impossible - Rogue Nation,Action Adventure Thriller,"Ethan and team take on their most impossible mission yet, eradicating the Syndicate - an International rogue organization as highly skilled as they are, committed to destroying the IMF.",Tom Cruise Rebecca Ferguson Simon Pegg Jeremy Renner Ving Rhames,Christopher McQuarrie,114.522237,23-07-2015,7.1
2705,Despicable Me,Animation Family,"Villainous Gru lives up to his reputation as a despicable, deplorable and downright unlikable guy when he hatches a plan to steal the moon from the sky. But he has a tough time staying on task after three orphans land in his care.",Steve Carell Jason Segel Russell Brand Julie Andrews Will Arnett,Pierre Coffin,113.858273,08-07-2010,7.1
4583,Maze Runner: The Scorch Trials,Action,"Thomas and his fellow Gladers face their greatest challenge yet: searching for clues about the mysterious and powerful organization known as WCKD. Their journey takes them to the Scorch, a desolate landscape filled with unimaginable obstacles. Teaming up with resistance fighters, the Gladers take on WCKD’s vastly superior forces and uncover its shocking plans for them all.",Dylan O'Brien Kaya Scodelario Thomas Brodie-Sangster Giancarlo Esposito Aidan Gillen,Wes Ball,113.161483,09-09-2015,6.4
3453,The Dark Knight Rises,Action Crime Drama Thriller,"Following the death of District Attorney Harvey Dent, Batman assumes responsibility for Dent's crimes to protect the late attorney's reputation and is subsequently hunted by the Gotham City Police Department. Eight years later, Batman encounters the mysterious Selina Kyle and the villainous Bane, a new terrorist leader who overwhelms Gotham's finest. The Dark Knight resurfaces to protect a city that has branded him an enemy.",Christian Bale Michael Caine Gary Oldman Anne Hathaway Tom Hardy,Christopher Nolan,112.31295,16-07-2012,7.6
3983,Maleficent,Fantasy Adventure Action Family Romance,"The untold story of Disney's most iconic villain from the 1959 classic 'Sleeping Beauty'. A beautiful, pure-hearted young woman, Maleficent has an idyllic life growing up in a peaceable forest kingdom, until one day when an invading army threatens the harmony of the land.  Maleficent rises to be the land's fiercest protector, but she ultimately suffers a ruthless betrayal – an act that begins to turn her heart into stone. Bent on revenge, Maleficent faces an epic battle with the invading King's successor and, as a result, places a curse upon his newborn infant Aurora. As the child grows, Maleficent realizes that Aurora holds the key to peace in the kingdom - and to Maleficent's true happiness as well.",Angelina Jolie Elle Fanning Sharlto Copley Sam Riley Juno Temple,Robert Stromberg,110.620647,28-05-2014,7.0
3455,Gravity,Science Fiction Thriller Drama,"Dr. Ryan Stone, a brilliant medical engineer on her first Shuttle mission, with veteran astronaut Matt Kowalsky in command of his last flight before retiring. But on a seemingly routine spacewalk, disaster strikes. The Shuttle is destroyed, leaving Stone and Kowalsky completely alone-tethered to nothing but each other and spiraling out into the blackness of space. The deafening silence tells them they have lost any link to Earth and any chance for rescue. As fear turns to panic, every gulp of air eats away at what little oxygen is left. But the only way home may be to go further out into the terrifying expanse of space.",Sandra Bullock George Clooney Ed Harris Orto Ignatiussen Phaldut Sharma,Alfonso Cuar\u00f3n,110.153618,27-09-2013,7.3
298,Harry Potter and the Philosopher's Stone,Adventure Fantasy Family,"Harry Potter has lived under the stairs at his aunt and uncle's house his whole life. But on his 11th birthday, he learns he's a powerful wizard -- with a place waiting for him at the Hogwarts School of Witchcraft and Wizardry. As he learns to harness his newfound powers with the help of the school's kindly headmaster, Harry uncovers the truth about his parents' deaths -- and about the villain who's to blame.",Daniel Radcliffe Rupert Grint Emma Watson Richard Harris Tom Felton,Chris Columbus,109.984351,16-11-2001,7.5
142,Bruce Almighty,Fantasy Comedy,"Bruce Nolan toils as a ""human interest"" television reporter in Buffalo, N.Y. Despite his high ratings and the love of his beautiful girlfriend, Grace, Bruce remains unfulfilled. At the end of the worst day in his life, he angrily ridicules God -- and the Almighty responds, endowing Bruce with all of His divine powers.",Jim Carrey Jennifer Aniston Philip Baker Hall Catherine Bell Lisa Ann Walter,Tom Shadyac,109.684788,23-05-2003,6.4
7,The Fifth Element,Adventure Fantasy Action Thriller Science Fiction,"In 2257, a taxi driver is unintentionally given the task of saving a young girl who is part of the key that will ensure the survival of humanity.",Bruce Willis Gary Oldman Ian Holm Milla Jovovich Chris Tucker,Luc Besson,109.528572,07-05-1997,7.3
3457,The Hobbit: An Unexpected Journey,Adventure Fantasy Action,"Bilbo Baggins, a hobbit enjoying his quiet life, is swept into an epic quest by Gandalf the Grey and thirteen dwarves who seek to reclaim their mountain home from Smaug, the dragon.",Ian McKellen Martin Freeman Richard Armitage Andy Serkis Cate Blanchett,Peter Jackson,108.849621,26-11-2012,7.0
1790,Quantum of Solace,Adventure Action Thriller Crime,"Quantum of Solace continues the adventures of James Bond after Casino Royale. Betrayed by Vesper, the woman he loved, 007 fights the urge to make his latest mission personal. Pursuing his determination to uncover the truth, Bond and M interrogate Mr. White, who reveals that the organization that blackmailed Vesper is far more complex and dangerous than anyone had imagined.",Daniel Craig Olga Kurylenko Mathieu Amalric Judi Dench Giancarlo Giannini,Marc Forster,107.928811,30-10-2008,6.1
4300,Spectre,Action Adventure Crime,"A cryptic message from Bond’s past sends him on a trail to uncover a sinister organization. While M battles political forces to keep the secret service alive, Bond peels back the layers of deceit to reveal the terrible truth behind SPECTRE.",Daniel Craig Christoph Waltz L\u00e9a Seydoux Ralph Fiennes Monica Bellucci,Sam Mendes,107.376788,26-10-2015,6.3
2831,The Twilight Saga: Eclipse,Adventure Fantasy Drama Romance,"Bella once again finds herself surrounded by danger as Seattle is ravaged by a string of mysterious killings and a malicious vampire continues her quest for revenge. In the midst of it all, she is forced to choose between her love for Edward and her friendship with Jacob, knowing that her decision has the potential to ignite the ageless struggle between vampire and werewolf. With her graduation quickly approaching, Bella is confronted with the most important decision of her life.",Kristen Stewart Robert Pattinson Taylor Lautner Ashley Greene Peter Facinelli,David Slade,107.069763,23-06-2010,5.8
56,The Lord of the Rings: The Two Towers,Adventure Fantasy Action,"Frodo and Sam are trekking to Mordor to destroy the One Ring of Power while Gimli, Legolas and Aragorn search for the orc-captured Merry and Pippin. All along, nefarious wizard Saruman awaits the Fellowship members at the Orthanc Tower in Isengard.",Elijah Wood Ian McKellen Viggo Mortensen Liv Tyler Orlando Bloom,Peter Jackson,106.914973,18-12-2002,8.0
246,"Monsters, Inc.",Animation Comedy Family,"James Sullivan and Mike Wazowski are monsters, they earn their living scaring children and are the best in the business... even though they're more afraid of the children than they are of them. When a child accidentally enters their world, James and Mike suddenly find that kids are not to be afraid of and they uncover a conspiracy that could threaten all children across the world.",John Goodman Billy Crystal Mary Gibbs Steve Buscemi James Coburn,,106.815545,01-11-2001,7.5
112,The Godfather: Part II,Drama Crime,"In the continuing saga of the Corleone crime family, a young Vito Corleone grows up in Sicily and in 1910s New York. In the 1950s, Michael Corleone attempts to expand the family business into Las Vegas, Hollywood and Cuba.",Al Pacino Robert Duvall Diane Keaton Robert De Niro John Cazale,Francis Ford Coppola,105.792936,20-12-1974,8.3
185,Schindler's List,Drama History War,The true story of how businessman Oskar Schindler saved over a thousand Jewish lives from the Nazis while they worked as slaves in his factory during World War II.,Liam Neeson Ben Kingsley Ralph Fiennes Caroline Goodall Jonathan Sagall,Steven Spielberg,104.469351,29-11-1993,8.3
260,The Matrix,Action Science Fiction,"Set in the 22nd century, The Matrix tells the story of a computer hacker who joins a group of underground insurgents fighting the vast and powerful computers who now rule the earth.",Keanu Reeves Laurence Fishburne Carrie-Anne Moss Hugo Weaving Gloria Foster,Lilly Wachowski,104.309993,30-03-1999,7.9
264,Men in Black,Action Adventure Comedy Science Fiction,"Men in Black follows the exploits of agents Kay and Jay, members of a top-secret organization established to monitor and police alien activity on Earth. The two Men in Black find themselves in the middle of the deadly plot by an intergalactic terrorist who has arrived on Earth to assassinate two ambassadors from opposing galaxies. In order to prevent worlds from colliding, the MiB must track down the terrorist and prevent the destruction of Earth. It's just another typical day for the Men in Black.",Tommy Lee Jones Will Smith Linda Fiorentino Vincent D'Onofrio Rip Torn,Barry Sonnenfeld,104.121555,02-07-1997,6.9
4478,Insurgent,Adventure Science Fiction Thriller,Beatrice Prior must confront her inner demons and continue her fight against a powerful alliance which threatens to tear her society apart.,Shailene Woodley Theo James Kate Winslet Ansel Elgort Miles Teller,Robert Schwentke,103.718387,18-03-2015,6.2
207,The Green Mile,Fantasy Drama Crime,"A supernatural tale set on death row in a Southern prison, where gentle giant John Coffey possesses the mysterious power to heal people's ailments. When the cellblock's head guard, Paul Edgecomb, recognizes Coffey's miraculous gift, he tries desperately to help stave off the condemned man's execution.",Tom Hanks Michael Clarke Duncan David Morse Bonnie Hunt James Cromwell,Frank Darabont,103.698022,10-12-1999,8.2
4191,Furious 7,Action,Deckard Shaw seeks revenge against Dominic Toretto and his family for his comatose brother.,Vin Diesel Paul Walker Dwayne Johnson Michelle Rodriguez Tyrese Gibson,James Wan,102.322217,01-04-2015,7.3
129,Terminator 2: Judgment Day,Action Thriller Science Fiction,"Nearly 10 years have passed since Sarah Connor was targeted for termination by a cyborg from the future. Now her son, John, the future leader of the resistance, is the target for a newer, more deadly terminator. Once again, the resistance has managed to send a protector back to attempt to save John and his mother Sarah.",Arnold Schwarzenegger Linda Hamilton Robert Patrick Edward Furlong Michael Edwards,James Cameron,101.74155,01-07-1991,7.7
4135,Exodus: Gods and Kings,Adventure Drama Action,"The defiant leader Moses rises up against the Egyptian Pharaoh Ramses, setting 400,000 slaves on a monumental journey of escape from Egypt and its terrifying cycle of deadly plagues.",Christian Bale Joel Edgerton John Turturro Aaron Paul Ben Mendelsohn,Ridley Scott,101.599427,03-12-2014,5.6
301,Harry Potter and the Goblet of Fire,Adventure Fantasy Family,"Harry starts his fourth year at Hogwarts, competes in the treacherous Triwizard Tournament and faces the evil Lord Voldemort. Ron and Hermione help Harry manage the pressure – but Voldemort lurks, awaiting his chance to destroy Harry and all that he stands for.",Daniel Radcliffe Rupert Grint Emma Watson Ralph Fiennes Michael Gambon,Mike Newell,101.250416,05-11-2005,7.5
4141,Cinderella,Romance Fantasy Family Drama,"When her father unexpectedly passes away, young Ella finds herself at the mercy of her cruel stepmother and her daughters. Never one to give up hope, Ella's fortunes begin to change after meeting a dashing stranger in the woods.",Lily James Cate Blanchett Richard Madden Helena Bonham Carter Stellan Skarsg\u00e5rd,Kenneth Branagh,101.187052,12-03-2015,6.7
4500,It Follows,Horror Thriller,"For 19-year-old Jay, fall should be about school, boys and weekends out at the lake. But a seemingly innocent physical encounter turns sour and gives her the inescapable sense that someone, or something, is following her. Faced with this burden, Jay and her teenage friends must find a way to escape the horror that seems to be only a few steps behind.",Maika Monroe Keir Gilchrist Daniel Zovatto Jake Weary Olivia Luccardi,David Robert Mitchell,100.876794,04-02-2015,6.6
4537,The Revenant,Western Drama Adventure Thriller,"In the 1820s, a frontiersman, Hugh Glass, sets out on a path of vengeance against those who left him for dead after a bear mauling.",Leonardo DiCaprio Tom Hardy Will Poulter Domhnall Gleeson Paul Anderson,Alejandro Gonz\u00e1lez I\u00f1\u00e1rritu,100.635882,25-12-2015,7.3
4444,San Andreas,Action Drama Thriller,"In the aftermath of a massive earthquake in California, a rescue-chopper pilot makes a dangerous journey across the state in order to rescue his estranged daughter.",Dwayne Johnson Alexandra Daddario Carla Gugino Ioan Gruffudd Archie Panjabi,Brad Peyton,100.412364,27-05-2015,6.0
4110,We're the Millers,Comedy Crime,A veteran pot dealer creates a fake family as part of his plan to move a huge shipment of weed into the U.S. from Mexico.,Jason Sudeikis Jennifer Aniston Will Poulter Emma Roberts Ed Helms,Rawson Marshall Thurber,100.348805,07-08-2013,6.8
3873,How to Train Your Dragon 2,Fantasy Action Adventure Animation Comedy,"The thrilling second chapter of the epic How To Train Your Dragon trilogy brings back the fantastical world of Hiccup and Toothless five years later. While Astrid, Snotlout and the rest of the gang are challenging each other to dragon races (the island's new favorite contact sport), the now inseparable pair journey through the skies, charting unmapped territories and exploring new worlds. When one of their adventures leads to the discovery of a secret ice cave that is home to hundreds of new wild dragons and the mysterious Dragon Rider, the two friends find themselves at the center of a battle to protect the peace.",Jay Baruchel Gerard Butler Kristen Wiig Jonah Hill Cate Blanchett,Dean DeBlois,100.21391,12-06-2014,7.6
256,Titanic,Drama Romance Thriller,"84 years later, a 101-year-old woman named Rose DeWitt Bukater tells the story to her granddaughter Lizzy Calvert, Brock Lovett, Lewis Bodine, Bobby Buell and Anatoly Mikailavich on the Keldysh about her life set in April 10th 1912, on a ship called Titanic when young Rose boards the departing ship with the upper-class passengers and her mother, Ruth DeWitt Bukater, and her fiancé, Caledon Hockley. Meanwhile, a drifter and artist named Jack Dawson and his best friend Fabrizio De Rossi win third-class tickets to the ship in a game. And she explains the whole story from departure until the death of Titanic on its first and last voyage April 15th, 1912 at 2:20 in the morning.",Kate Winslet Leonardo DiCaprio Frances Fisher Billy Zane Kathy Bates,James Cameron,100.025899,18-11-1997,7.5
3495,The Twilight Saga: Breaking Dawn - Part 2,Adventure Fantasy Drama Romance,"After the birth of Renesmee, the Cullens gather other vampire clans in order to protect the child from a false allegation that puts the family in front of the Volturi.",Kristen Stewart Robert Pattinson Taylor Lautner Peter Facinelli Elizabeth Reaser,Bill Condon,99.687084,13-11-2012,6.1
186,Ice Age,Animation Comedy Family Adventure,"With the impending ice age almost upon them, a mismatched trio of prehistoric critters – Manny the woolly mammoth, Diego the saber-toothed tiger and Sid the giant sloth – find an orphaned infant and decide to return it to its human parents. Along the way, the unlikely allies become friends but, when enemies attack, their quest takes on far nobler aims.",Ray Romano John Leguizamo Denis Leary Goran Visnjic Jack Black,Chris Wedge,99.561972,10-03-2002,7.1
3789,Thor: The Dark World,Action Adventure Fantasy,"Thor fights to restore order across the cosmos… but an ancient race led by the vengeful Malekith returns to plunge the universe back into darkness. Faced with an enemy that even Odin and Asgard cannot withstand, Thor must embark on his most perilous and personal journey yet, one that will reunite him with Jane Foster and force him to sacrifice everything to save us all.",Chris Hemsworth Natalie Portman Tom Hiddleston Anthony Hopkins Christopher Eccleston,Alan Taylor,99.499595,29-10-2013,6.8
3466,Man of Steel,Action Adventure Fantasy Science Fiction,"A young boy learns that he has extraordinary powers and is not of this earth. As a young man, he journeys to discover where he came from and what he was sent here to do. But the hero in him must emerge if he is to save the world from annihilation and become the symbol of hope for all mankind.",Henry Cavill Amy Adams Michael Shannon Kevin Costner Diane Lane,Zack Snyder,99.398009,12-06-2013,6.5
341,Harry Potter and the Half-Blood Prince,Adventure Fantasy Family,"As Harry begins his sixth year at Hogwarts, he discovers an old book marked as 'Property of the Half-Blood Prince', and begins to learn more about Lord Voldemort's dark past.",Daniel Radcliffe Rupert Grint Emma Watson Tom Felton Michael Gambon,David Yates,98.885637,07-07-2009,7.4
4320,Fifty Shades of Grey,Drama Romance Thriller,"When college senior Anastasia Steele steps in for her sick roommate to interview prominent businessman Christian Grey for their campus paper, little does she realize the path her life will take. Christian, as enigmatic as he is rich and powerful, finds himself strangely drawn to Ana, and she to him. Though sexually inexperienced, Ana plunges headlong into an affair -- and learns that Christian's true sexual proclivities push the boundaries of pain and pleasure.",Dakota Johnson Jamie Dornan Jennifer Ehle Eloise Mumford Victor Rasuk,Sam Taylor-Johnson,98.755657,11-02-2015,5.2
3787,12 Years a Slave,Drama History,"In the pre-Civil War United States, Solomon Northup, a free black man from upstate New York, is abducted and sold into slavery. Facing cruelty as well as unexpected kindnesses Solomon struggles not only to stay alive, but to retain his dignity. In the twelfth year of his unforgettable odyssey, Solomon’s chance meeting with a Canadian abolitionist will forever alter his life.",Chiwetel Ejiofor Michael Fassbender Lupita Nyong'o Benedict Cumberbatch Paul Dano,Steve McQueen,95.9229,18-10-2013,7.9
657,"I, Robot",Action Science Fiction,"In 2035, where robots are common-place and abide by the three laws of robotics, a techno-phobic cop investigates an apparent suicide. Suspecting that a robot may be responsible for the death, his investigation leads him to believe that humanity may be in danger.",Will Smith Bridget Moynahan Alan Tudyk James Cromwell Bruce Greenwood,Alex Proyas,95.914473,15-07-2004,6.7
42,Gladiator,Action Drama Adventure,"In the year 180, the death of emperor Marcus Aurelius throws the Roman Empire into chaos. Maximus is one of the Roman army's most capable and trusted generals and a key advisor to the emperor. As Marcus' devious son Commodus ascends to the throne, Maximus is set to be executed. He escapes, but is captured by slave traders. Renamed Spaniard and forced to become a gladiator, Maximus must battle to the death with other men for the amusement of paying audiences. His battle skills serve him well, and he becomes one of the most famous and admired men to fight in the Colosseum. Determined to avenge himself against the man who took away his freedom and laid waste to his family, Maximus believes that he can use his fame and skill in the ring to avenge the loss of his family and former glory. As the gladiator begins to challenge his rule, Commodus decides to put his own fighting mettle to the test by squaring off with Maximus in a battle to the death.",Russell Crowe Joaquin Phoenix Connie Nielsen Oliver Reed Richard Harris,Ridley Scott,95.301296,01-05-2000,7.9
4484,Ex Machina,Drama Science Fiction,"Caleb, a 26 year old coder at the world's largest internet company, wins a competition to spend a week at a private mountain retreat belonging to Nathan, the reclusive CEO of the company. But when Caleb arrives at the remote location he finds that he will have to participate in a strange and fascinating experiment in which he must interact with the world's first true artificial intelligence, housed in the body of a beautiful robot girl.",Domhnall Gleeson Alicia Vikander Oscar Isaac Sonoya Mizuno Corey Johnson,Alex Garland,95.130041,21-01-2015,7.6
3995,The Wolf of Wall Street,Crime Drama Comedy,"A New York stockbroker refuses to cooperate in a large securities fraud case involving corruption on Wall Street, corporate banking world and mob infiltration. Based on Jordan Belfort's autobiography.",Leonardo DiCaprio Jonah Hill Margot Robbie Kyle Chandler Rob Reiner,,95.007934,25-12-2013,7.9
2610,The Twilight Saga: New Moon,Adventure Fantasy Drama Romance,"Forks, Washington resident Bella Swan is reeling from the departure of her vampire love, Edward Cullen, and finds comfort in her friendship with Jacob Black, a werewolf. But before she knows it, she's thrust into a centuries-old conflict, and her desire to be with Edward at any cost leads her to take greater and greater risks.",Kristen Stewart Robert Pattinson Taylor Lautner Billy Burke Ashley Greene,Chris Weitz,94.815867,15-03-2009,5.6
3569,The Hobbit: The Desolation of Smaug,Adventure Fantasy,"The Dwarves, Bilbo and Gandalf have successfully escaped the Misty Mountains, and Bilbo has gained the One Ring. They all continue their journey to get their gold back from the Dragon, Smaug.",Martin Freeman Ian McKellen Richard Armitage Ken Stott Graham McTavish,Peter Jackson,94.370564,11-12-2013,7.6
4528,The Jungle Book,Family Adventure Drama Fantasy,"After a threat from the tiger Shere Khan forces him to flee the jungle, a man-cub named Mowgli embarks on a journey of self discovery with the help of panther, Bagheera, and free spirited bear, Baloo.",Neel Sethi Bill Murray Ben Kingsley Idris Elba Scarlett Johansson,Jon Favreau,94.199316,07-04-2016,6.7
161,Alien,Horror Action Thriller Science Fiction,"During its return to the earth, commercial spaceship Nostromo intercepts a distress signal from a distant planet. When a three-member team of the crew discovers a chamber containing thousands of eggs on the planet, a creature inside one of the eggs attacks an explorer. The entire crew is unaware of the impending nightmare set to descend upon them when the alien parasite planted inside its unfortunate host is birthed.",Tom Skerritt Sigourney Weaver Veronica Cartwright Harry Dean Stanton John Hurt,Ridley Scott,94.184658,25-05-1979,7.9
32,Blade Runner,Science Fiction Drama Thriller,"In the smog-choked dystopian Los Angeles of 2019, blade runner Rick Deckard is called out of retirement to terminate a quartet of replicants who have escaped to Earth seeking their creator for a way to extend their short life spans.",Harrison Ford Rutger Hauer Sean Young Edward James Olmos M. Emmet Walsh,Ridley Scott,94.056131,25-06-1982,7.9
223,Psycho,Drama Horror Thriller,"When larcenous real estate clerk Marion Crane goes on the lam with a wad of cash and hopes of starting a new life, she ends up at the notorious Bates Motel, where manager Norman Bates cares for his housebound mother. The place seems quirky, but fine… until Marion decides to take a shower.",Anthony Perkins Vera Miles John Gavin Janet Leigh Martin Balsam,Alfred Hitchcock,93.067866,16-06-1960,8.2
3164,Skyfall,Action Adventure Thriller,"When Bond's latest assignment goes gravely wrong and agents around the world are exposed, MI6 is attacked forcing M to relocate the agency. These events cause her authority and position to be challenged by Gareth Mallory, the new Chairman of the Intelligence and Security Committee. With MI6 now compromised from both inside and out, M is left with one ally she can trust: Bond. 007 takes to the shadows - aided only by field agent, Eve - following a trail to the mysterious Silva, whose lethal and hidden motives have yet to reveal themselves.",Daniel Craig Judi Dench Javier Bardem Ralph Fiennes Naomie Harris,Sam Mendes,93.004993,25-10-2012,6.9
366,Aladdin,Animation Family Comedy Adventure Fantasy,"Princess Jasmine grows tired of being forced to remain in the palace and she sneaks out into the marketplace  in disguise where she meets street-urchin Aladdin and the two fall in love, although she may only marry a prince. After being thrown in jail, Aladdin and becomes embroiled in a plot to find a mysterious lamp with which the evil Jafar hopes to rule the land.",Scott Weinger Robin Williams Linda Larkin Jonathan Freeman Frank Welker,Ron Clements,92.982009,25-11-1992,7.4
2330,Up,Animation Comedy Family Adventure,"Carl Fredricksen spent his entire life dreaming of exploring the globe and experiencing life to its fullest. But at age 78, life seems to have passed him by, until a twist of fate (and a persistent 8-year old Wilderness Explorer named Russell) gives him a new lease on life.",Ed Asner Christopher Plummer Jordan Nagai Bob Peterson Delroy Lindo,Pete Docter,92.201962,13-05-2009,7.7
265,Men in Black II,Action Adventure Comedy Science Fiction,"Kay and Jay reunite to provide our best, last and only line of defense against a sinister seductress who levels the toughest challenge yet to the MIB's untarnished mission statement – protecting Earth from the scum of the universe. It's been four years since the alien-seeking agents averted an intergalactic disaster of epic proportions. Now it's a race against the clock as Jay must convince Kay – who not only has absolutely no memory of his time spent with the MIB, but is also the only living person left with the expertise to save the galaxy – to reunite with the MIB before the earth submits to ultimate destruction.",Tommy Lee Jones Will Smith Rip Torn Lara Flynn Boyle Johnny Knoxville,Barry Sonnenfeld,91.332849,03-07-2002,6.0
3346,Black Swan,Drama Thriller,"A ballet dancer wins the lead in ""Swan Lake"" and is perfect for the role of the delicate White Swan - Princess Odette - but slowly loses her mind as she becomes more and more like Odile, the Black Swan.",Natalie Portman Mila Kunis Vincent Cassel Barbara Hershey Winona Ryder,Darren Aronofsky,91.285683,02-12-2010,7.3
481,Pan's Labyrinth,Fantasy Drama War,"Living with her tyrannical stepfather in a new home with her pregnant mother, 10-year-old Ofelia feels alone until she explores a decaying labyrinth guarded by a mysterious faun who claims to know her destiny. If she wishes to return to her real father, Ofelia must complete three terrifying tasks.",Ivana Baquero Maribel Verd\u00fa Sergi L\u00f3pez Doug Jones Ariadna Gil,Guillermo del Toro,90.809408,27-05-2006,7.6
1115,The Lion King,Family Animation Drama,A young lion cub named Simba can't wait to be king. But his uncle craves the title for himself and will stop at nothing to get it.,Jonathan Taylor Thomas Matthew Broderick James Earl Jones Jeremy Irons Moira Kelly,Roger Allers,90.457886,23-06-1994,8.0
3454,The Bourne Legacy,Action Thriller,"New CIA operative, Aaron Cross experiences life-or-death stakes that have been triggered by the previous actions of Jason Bourne.",Jeremy Renner Rachel Weisz Edward Norton Scott Glenn Stacy Keach,Tony Gilroy,90.33681,08-08-2012,6.0
4598,Suicide Squad,Action Adventure Crime Fantasy Science Fiction,"From DC Comics comes the Suicide Squad, an antihero team of incarcerated supervillains who act as deniable assets for the United States government, undertaking high-risk black ops missions in exchange for commuted prison sentences.",Will Smith Margot Robbie Joel Kinnaman Viola Davis Jared Leto,David Ayer,90.23792,02-08-2016,5.9
2575,The Adventures of Tintin,Adventure Animation Mystery,"Intrepid young reporter, Tintin and his loyal dog, Snowy are thrust into a world of high adventure when they discover a ship carrying an explosive secret. As Tintin is drawn into a centuries-old mystery, Ivan Ivanovitch Sakharine suspects him of stealing a priceless treasure. Tintin and Snowy, with the help of salty, cantankerous Captain Haddock and bumbling detectives, Thompson &amp; Thomson, travel half the world, one step ahead of their enemies as Tintin endeavors to find The Unicorn, a sunken ship that may hold a vast fortune, but also an ancient curse.",Jamie Bell Andy Serkis Daniel Craig Nick Frost Simon Pegg,Steven Spielberg,89.938296,25-10-2011,6.7
616,The Amazing Spider-Man,Action Adventure Fantasy,"Peter Parker is an outcast high schooler abandoned by his parents as a boy, leaving him to be raised by his Uncle Ben and Aunt May. Like most teenagers, Peter is trying to figure out who he is and how he got to be the person he is today. As Peter discovers a mysterious briefcase that belonged to his father, he begins a quest to understand his parents' disappearance – leading him directly to Oscorp and the lab of Dr. Curt Connors, his father's former partner. As Spider-Man is set on a collision course with Connors' alter ego, The Lizard, Peter will make life-altering choices to use his powers and shape his destiny to become a hero.",Andrew Garfield Emma Stone Rhys Ifans Denis Leary Campbell Scott,Marc Webb,89.866276,27-06-2012,6.5
4266,Birdman,Drama Comedy,"A fading actor best known for his portrayal of a popular superhero attempts to mount a comeback by appearing in a Broadway play. As opening night approaches, his attempts to become more altruistic, rebuild his career, and reconnect with friends and family prove more difficult than expected.",Michael Keaton Emma Stone Zach Galifianakis Naomi Watts Edward Norton,Alejandro Gonz\u00e1lez I\u00f1\u00e1rritu,89.811154,27-08-2014,7.4
3982,The Amazing Spider-Man 2,Action Adventure Fantasy,"For Peter Parker, life is busy. Between taking out the bad guys as Spider-Man and spending time with the person he loves, Gwen Stacy, high school graduation cannot come quickly enough. Peter has not forgotten about the promise he made to Gwen’s father to protect her by staying away, but that is a promise he cannot keep. Things will change for Peter when a new villain, Electro, emerges, an old friend, Harry Osborn, returns, and Peter uncovers new clues about his past.",Andrew Garfield Emma Stone Jamie Foxx Dane DeHaan Campbell Scott,Marc Webb,89.270217,16-04-2014,6.5
3634,Monsters University,Animation Family,A look at the relationship between Mike and Sulley during their days at Monsters University — when they weren't necessarily the best of friends.,Billy Crystal John Goodman Steve Buscemi Helen Mirren Noah Johnston,Dan Scanlon,89.186492,20-06-2013,7.0
4399,Nightcrawler,Crime Drama Thriller,"When Lou Bloom, desperate for work, muscles into the world of L.A. crime journalism, he blurs the line between observer and participant to become the star of his own story. Aiding him in his effort is Nina, a TV-news veteran.",Jake Gyllenhaal Rene Russo Riz Ahmed Bill Paxton Kevin Rahm,Dan Gilroy,89.095538,23-10-2014,7.6
3125,Casino Royale,Adventure Action Thriller,"Le Chiffre, a banker to the world's terrorists, is scheduled to participate in a high-stakes poker game in Montenegro, where he intends to use his winnings to establish his financial grip on the terrorist market. M sends Bond – on his maiden mission as a 00 Agent – to attend this game and prevent Le Chiffre from winning. With the help of Vesper Lynd and Felix Leiter, Bond enters the most important poker game in his already dangerous career.",Daniel Craig Eva Green Mads Mikkelsen Judi Dench Jeffrey Wright,Martin Campbell,88.935165,14-11-2006,7.3
4474,Taken 3,Thriller Action,"Ex-government operative Bryan Mills finds his life is shattered when he's falsely accused of a murder that hits close to home. As he's pursued by a savvy police inspector, Mills employs his particular set of skills to track the real killer and exact his unique brand of justice.",Liam Neeson Forest Whitaker Maggie Grace Famke Janssen Dougray Scott,Olivier Megaton,88.844777,16-12-2014,6.1
4128,Prisoners,Drama Thriller Crime,"When Keller Dover's daughter and her friend go missing, he takes matters into his own hands as the police pursue multiple leads and the pressure mounts. But just how far will this desperate father go to protect his family?",Hugh Jackman Jake Gyllenhaal Paul Dano Maria Bello Melissa Leo,Denis Villeneuve,88.496873,18-09-2013,7.9
187,"The Good, the Bad and the Ugly",Western,"While the Civil War rages between the Union and the Confederacy, three men – a quiet loner, a ruthless hit man and a Mexican bandit – comb the American Southwest in search of a strongbox containing $200,000 in stolen gold.",Eli Wallach Clint Eastwood Lee Van Cleef Aldo Giuffr\u00e8 Luigi Pistilli,Sergio Leone,88.377076,23-12-1966,8.1
4248,American Sniper,War Action,"U.S. Navy SEAL Chris Kyle takes his sole mission—protect his comrades—to heart and becomes one of the most lethal snipers in American history. His pinpoint accuracy not only saves countless lives but also makes him a prime target of insurgents. Despite grave danger and his struggle to be a good husband and father to his family back in the States, Kyle serves four tours of duty in Iraq. However, when he finally returns home, he finds that he cannot leave the war behind.",Bradley Cooper Sienna Miller Kyle Gallner Cole Konis Ben Reed,Clint Eastwood,87.53437,11-12-2014,7.4
1328,A Bug's Life,Adventure Animation Comedy Family,"On behalf of ""oppressed bugs everywhere,"" an inventive ant named Flik hires a troupe of warrior bugs to defend his bustling colony from a horde of freeloading grasshoppers led by the evil-minded Hopper.",Kevin Spacey Julia Louis-Dreyfus Hayden Panettiere Phyllis Diller Bonnie Hunt,Andrew Stanton,87.350802,25-11-1998,6.8
1604,Thor,Adventure Fantasy Action,"Against his father Odin's will, The Mighty Thor - a powerful but arrogant warrior god - recklessly reignites an ancient war. Thor is cast down to Earth and forced to live among humans as punishment. Once here, Thor learns what it takes to be a true hero when the most dangerous villain of his world sends the darkest forces of Asgard to invade Earth.",Chris Hemsworth Natalie Portman Tom Hiddleston Anthony Hopkins Stellan Skarsg\u00e5rd,Kenneth Branagh,86.493424,21-04-2011,6.6
728,The Bourne Identity,Action Drama Mystery Thriller,"Wounded to the brink of death and suffering from amnesia, Jason Bourne is rescued at sea by a fisherman. With nothing to go on but a Swiss bank account number, he starts to reconstruct his life, but finds that many people he encounters want him dead. However, Bourne realizes that he has the combat and mental skills of a world-class spy – but who does he work for?",Matt Damon Franka Potente Chris Cooper Clive Owen Brian Cox,Doug Liman,86.476817,14-06-2002,7.3
20,2001: A Space Odyssey,Science Fiction Mystery Adventure,"Humanity finds a mysterious object buried beneath the lunar surface and sets off to find its origins with the help of HAL 9000, the world's most advanced super computer.",Keir Dullea Gary Lockwood William Sylvester Douglas Rain Daniel Richter,Stanley Kubrick,86.201184,10-04-1968,7.9
4479,Allegiant,Adventure Science Fiction,Beatrice Prior and Tobias Eaton venture into the world outside of the fence and are taken into protective custody by a mysterious agency known as the Bureau of Genetic Welfare.,Shailene Woodley Theo James Zo\u00eb Kravitz Miles Teller Naomi Watts,Robert Schwentke,86.105615,09-03-2016,5.9
3,Finding Nemo,Animation Family,"Nemo, an adventurous young clownfish, is unexpectedly taken from his Great Barrier Reef home to a dentist's office aquarium. It's up to his worrisome father Marlin and a friendly but forgetful fish Dory to bring Nemo home -- meeting vegetarian sharks, surfer dude turtles, hypnotic jellyfish, hungry seagulls, and more along the way.",Albert Brooks Ellen DeGeneres Alexander Gould Willem Dafoe Brad Garrett,Andrew Stanton,85.688789,30-05-2003,7.6
90,Sin City: A Dame to Kill For,Crime Thriller,Some of Sin City's most hard-boiled citizens cross paths with a few of its more reviled inhabitants.,Mickey Rourke Jessica Alba Josh Brolin Joseph Gordon-Levitt Rosario Dawson,Robert Rodriguez,85.428395,20-08-2014,6.3
3801,Jupiter Ascending,Science Fiction Fantasy Action Adventure,"In a universe where human genetic material is the most precious commodity, an impoverished young Earth woman becomes the key to strategic maneuvers and internal strife within a powerful dynasty…",Mila Kunis Channing Tatum Sean Bean Eddie Redmayne Douglas Booth,Lilly Wachowski,85.36908,04-02-2015,5.2
386,The Mask,Romance Comedy Crime Fantasy,"When timid bank clerk Stanley Ipkiss discovers a magical mask containing the spirit of the Norse god Loki, his entire life changes. While wearing the mask, Ipkiss becomes a supernatural playboy exuding charm and confidence which allows him to catch the eye of local nightclub singer Tina Carlyle. Unfortunately, under the mask's influence, Ipkiss also robs a bank, which angers junior crime lord Dorian Tyrell, whose goons get blamed for the heist.",Jim Carrey Cameron Diaz Nancy Fish Tim Bagley Johnny Williams,Chuck Russell,85.30318,29-07-1994,6.6
422,Ice Age: The Meltdown,Animation Family Comedy Adventure,"Diego, Manny and Sid return in this sequel to the hit animated movie Ice Age. This time around, the deep freeze is over, and the ice-covered earth is starting to melt, which will destroy the trio's cherished valley. The impending disaster prompts them to reunite and warn all the other beasts about the desperate situation.",Ray Romano John Leguizamo Denis Leary Queen Latifah Seann William Scott,Carlos Saldanha,85.115058,23-03-2006,6.5
1334,Kung Fu Panda,Adventure Animation Family Comedy,"When the Valley of Peace is threatened, lazy Po the panda discovers his destiny as the ""chosen one"" and trains to become a kung fu hero, but transforming the unsleek slacker into a brave warrior won't be easy. It's up to Master Shifu and the Furious Five -- Tigress, Crane, Mantis, Viper and Monkey -- to give it a try.",Jack Black Dustin Hoffman Angelina Jolie Jackie Chan Lucy Liu,Mark Osborne,84.689648,04-06-2008,6.9
333,V for Vendetta,Action Thriller Fantasy,"In a world in which Great Britain has become a fascist state, a masked vigilante known only as 'V' conducts guerrilla warfare against the oppressive British government. When 'V' rescues a young woman from the secret police, he finds in her an ally with whom he can continue his fight to free the people of Britain.",Natalie Portman Hugo Weaving Stephen Rea Stephen Fry John Hurt,James McTeigue,84.630969,15-03-2006,7.7
4504,Penguins of Madagascar,Family Animation Adventure Comedy,"Skipper, Kowalski, Rico and Private join forces with undercover organization The North Wind to stop the villainous Dr. Octavius Brine from destroying the world as we know it.",Tom McGrath Chris Miller Christopher Knights Conrad Vernon John Malkovich,Eric Darnell,84.366984,22-11-2014,6.5
162,The Devil Wears Prada,Comedy Drama Romance,The Devil Wears Prada is about a young journalist who moves to New York to work in the fashion industry. Her boss however is extremely demanding and cruel and won’t let her succeed if she doesn’t fit into the high class elegant look of their magazine when all she really wants to be a good journalist.,Meryl Streep Anne Hathaway Emily Blunt Stanley Tucci Simon Baker,David Frankel,83.893257,30-06-2006,7.0
4340,Non-Stop,Action Thriller Mystery,"Bill Marks is a burned-out veteran of the Air Marshals service. He views the assignment not as a life-saving duty, but as a desk job in the sky. However, today's flight will be no routine trip. Shortly into the transatlantic journey from New York to London, he receives a series of mysterious text messages ordering him to have the government transfer $150 million into a secret account, or a passenger will die every 20 minutes.",Liam Neeson Julianne Moore Scoot McNairy Michelle Dockery Nate Parker,Jaume Collet-Serra,83.295796,26-01-2014,6.8
4378,The Purge: Anarchy,Horror Thriller,"Three groups of people are trying to survive Purge Night, when their stories intertwine and are left stranded in The Purge trying to survive the chaos and violence that occurs.",Frank Grillo Carmen Ejogo Zach Gilford Kiele Sanchez Zo\u00eb Borde,James DeMonaco,82.975841,17-07-2014,6.6
410,Cars,Animation Adventure Comedy Family,"Lightning McQueen, a hotshot rookie race car driven to succeed, discovers that life is about the journey, not the finish line, when he finds himself unexpectedly detoured in the sleepy Route 66 town of Radiator Springs. On route across the country to the big Piston Cup Championship in California to compete against two seasoned pros, McQueen gets to know the town's offbeat characters.",Owen Wilson Paul Newman Bonnie Hunt Larry the Cable Guy Tony Shalhoub,John Lasseter,82.643036,08-06-2006,6.6
231,Spider-Man,Fantasy Action,"After being bitten by a genetically altered spider, nerdy high school student Peter Parker is endowed with amazing powers.",Tobey Maguire Willem Dafoe Kirsten Dunst James Franco Cliff Robertson,Sam Raimi,82.502566,01-05-2002,6.8
2640,The Hangover,Comedy,"When three friends finally come to after a raucous night of bachelor-party revelry, they find a baby in the closet and a tiger in the bathroom. But they can't seem to locate their best friend, Doug – who's supposed to be tying the knot. Launching a frantic search for Doug, the trio perseveres through a nasty hangover to try to make it to the church on time.",Bradley Cooper Ed Helms Zach Galifianakis Justin Bartha Heather Graham,Todd Phillips,82.21166,05-06-2009,7.2
4347,Horrible Bosses 2,Comedy,"Dale, Kurt and Nick decide to start their own business but things don't go as planned because of a slick investor, prompting the trio to pull off a harebrained and misguided kidnapping scheme.",Jason Bateman Jason Sudeikis Charlie Day Jennifer Aniston Kevin Spacey,Sean Anders,82.185281,26-11-2014,6.1
3692,Django Unchained,Drama Western,"With the help of a German bounty hunter, a freed slave sets out to rescue his wife from a brutal Mississippi plantation owner.",Jamie Foxx Christoph Waltz Leonardo DiCaprio Kerry Washington Samuel L. Jackson,Quentin Tarantino,82.121691,25-12-2012,7.8
4581,The Age of Adaline,Fantasy Drama Romance,"After 29-year-old Adaline recovers from a nearly lethal accident, she inexplicably stops growing older. As the years stretch on and on, Adaline keeps her secret to herself  until she meets a man who changes her life.",Blake Lively Michiel Huisman Harrison Ford Ellen Burstyn Kathy Baker,Lee Toland Krieger,82.052056,16-04-2015,7.4
1925,Shutter Island,Drama Thriller Mystery,"World War II soldier-turned-U.S. Marshal Teddy Daniels investigates the disappearance of a patient from a hospital for the criminally insane, but his efforts are compromised by his troubling visions and also by a mysterious doctor.",Leonardo DiCaprio Mark Ruffalo Ben Kingsley Emily Mortimer Michelle Williams,Martin Scorsese,81.914696,18-02-2010,7.8
3737,World War Z,Action Drama Horror Science Fiction Thriller,"Life for former United Nations investigator Gerry Lane and his family seems content. Suddenly, the world is plagued by a mysterious infection turning whole human populations into rampaging mindless zombies. After barely escaping the chaos, Lane is persuaded to go on a mission to investigate this disease. What follows is a perilous trek around the world where Lane must brave horrific dangers and long odds to find answers before human civilization falls.",Brad Pitt Mireille Enos Abigail Hargrove Sterling Jerins James Badge Dale,Marc Forster,81.834855,20-06-2013,6.7
126,Underworld,Fantasy Action Thriller,"Vampires and werewolves have waged a nocturnal war against each other for centuries. But all bets are off when a female vampire warrior named Selene, who's famous for her strength and werewolf-hunting prowess, becomes smitten with a peace-loving male werewolf, Michael, who wants to end the war.",Kate Beckinsale Scott Speedman Michael Sheen Shane Brolly Bill Nighy,Len Wiseman,81.829237,19-09-2003,6.6
2617,Night at the Museum: Battle of the Smithsonian,Adventure Fantasy Action Comedy Family,"Hapless museum night watchman Larry Daley must help his living, breathing exhibit friends out of a pickle now that they've been transferred to the archives at the Smithsonian Institution. Larry's (mis)adventures this time include close encounters with Amelia Earhart, Abe Lincoln and Ivan the Terrible.",Ben Stiller Amy Adams Owen Wilson Hank Azaria Robin Williams,Shawn Levy,81.781591,20-05-2009,5.9
3589,Sherlock Holmes: A Game of Shadows,Adventure Action Crime Mystery,"There is a new criminal mastermind at large (Professor Moriarty) and not only is he Holmes’ intellectual equal, but his capacity for evil and lack of conscience may give him an advantage over the  detective.",Robert Downey Jr. Jude Law Jared Harris Noomi Rapace Kelly Reilly,Guy Ritchie,81.499621,22-11-2011,7.0
346,Home Alone 2: Lost in New York,Comedy Family Adventure Crime,"Instead of flying to Florida with his folks, Kevin ends up alone in New York, where he gets a hotel room with his dad's credit card—despite problems from a clerk and meddling bellboy. But when Kevin runs into his old nemeses, the Wet Bandits, he's determined to foil their plans to rob a toy store on Christmas eve.",Macaulay Culkin Joe Pesci Catherine O'Hara Daniel Stern John Heard,Chris Columbus,81.487685,19-11-1992,6.3
38,Indiana Jones and the Last Crusade,Adventure Action,"When Dr. Henry Jones Sr. suddenly goes missing while pursuing the Holy Grail, eminent archaeologist Indiana must team up with Marcus Brody, Sallah and Elsa Schneider to follow in his father's footsteps and stop the Nazis from recovering the power of eternal life.",Harrison Ford Sean Connery Denholm Elliott Alison Doody John Rhys-Davies,Steven Spielberg,80.972475,24-05-1989,7.6
1128,Taken,Action Thriller,"While vacationing with a friend in Paris, an American girl is kidnapped by a gang of human traffickers intent on selling her into forced prostitution. Working against the clock, her ex-spy father must pull out all the stops to save her. But with his best years possibly behind him, the job may be more than he can handle.",Liam Neeson Famke Janssen Maggie Grace Katie Cassidy Holly Valance,Pierre Morel,80.879032,18-02-2008,7.2
5,American Beauty,Drama,"Lester Burnham, a depressed suburban father in a mid-life crisis, decides to turn his hectic life around after developing an infatuation with his daughter's attractive friend.",Kevin Spacey Annette Bening Thora Birch Wes Bentley Mena Suvari,Sam Mendes,80.878605,15-09-1999,7.9
477,The Pursuit of Happyness,Drama,"The true story of Christopher Gardner, who invests heavily in a device known as a 'Bone Density Scanner', only to find himself struggle to sell the product as it's just marginally better than the current technology, and much more expensive. His wife leaves him,  he loses his house, bank account and credit cards and, now forced to live out in the streets with his young son,  he's desperate to find a steady job. He takes on a job as a stockbroker but, before he can receive pay, he needs to go through 6 months of training, and must sell his devices.",Will Smith Jaden Smith Thandie Newton Brian Howe James Karen,Gabriele Muccino,80.581367,14-12-2006,7.7
4158,Divergent,Adventure Action Science Fiction,"In a world divided into factions based on personality types, Tris learns that she's been classified as Divergent and won't fit in. When she discovers a plot to destroy Divergents, Tris and the mysterious Four must find out what makes Divergents dangerous before it's too late.",Shailene Woodley Theo James Kate Winslet Miles Teller Ray Stevenson,Neil Burger,80.316463,14-03-2014,6.9
178,Snow White and the Seven Dwarfs,Fantasy Animation Family,"A beautiful girl, Snow White, takes refuge in the forest in the house of seven dwarfs to hide from her stepmother, the wicked Queen. The Queen is jealous because she wants to be known as ""the fairest in the land,"" and Snow White's beauty surpasses her own.",Adriana Caselotti Lucille La Verne Harry Stockwell Roy Atwell Pinto Colvig,David Hand,80.171283,20-12-1937,6.9
4153,The Equalizer,Thriller Action Crime,"In The Equalizer, Denzel Washington plays McCall, a man who believes he has put his mysterious past behind him and dedicated himself to beginning a new, quiet life. But when McCall meets Teri (Chloë Grace Moretz), a young girl under the control of ultra-violent Russian gangsters, he can’t stand idly by – he has to help her. Armed with hidden skills that allow him to serve vengeance against anyone who would brutalize the helpless, McCall comes out of his self-imposed retirement and finds his desire for justice reawakened. If someone has a problem, if the odds are stacked against them, if they have nowhere else to turn, McCall will help. He is The Equalizer.",Denzel Washington Marton Csokas Chlo\u00eb Grace Moretz David Harbour Haley Bennett,Antoine Fuqua,79.922059,24-09-2014,7.1
11,Kill Bill: Vol. 1,Action Crime,"An assassin is shot at the altar by her ruthless employer, Bill and other members of their assassination circle – but 'The Bride' lives to plot her vengeance. Setting out for some payback, she makes a death list and hunts down those who wronged her, saving Bill for last.",Uma Thurman Lucy Liu Vivica A. Fox Daryl Hannah David Carradine,Quentin Tarantino,79.754966,10-10-2003,7.7
300,Harry Potter and the Prisoner of Azkaban,Adventure Fantasy Family,"Harry, Ron and Hermione return to Hogwarts for another magic-filled year. Harry comes face to face with danger yet again, this time in the form of escaped convict, Sirius Black – and turns to sympathetic Professor Lupin for help.",Daniel Radcliffe Rupert Grint Emma Watson Gary Oldman David Thewlis,Alfonso Cuar\u00f3n,79.679601,31-05-2004,7.7
361,Se7en,Crime Mystery Thriller,"Two homicide detectives are on a desperate hunt for a serial killer whose crimes are based on the ""seven deadly sins"" in this dark and haunting film that takes viewers from the tortured remains of one victim to the next. The seasoned Det. Sommerset researches each sin in an effort to get inside the killer's mind, while his novice partner, Mills, scoffs at his efforts to unravel the case.",Brad Pitt Morgan Freeman Gwyneth Paltrow John C. McGinley Kevin Spacey,David Fincher,79.579532,22-09-1995,8.1
4104,Edge of Tomorrow,Action Science Fiction,"Major Bill Cage is an officer who has never seen a day of combat when he is unceremoniously demoted and dropped into combat. Cage is killed within minutes, managing to take an alpha alien down with him. He awakens back at the beginning of the same day and is forced to fight and die again... and again - as physical contact with the alien has thrown him into a time loop.",Tom Cruise Emily Blunt Brendan Gleeson Bill Paxton Jonas Armstrong,Doug Liman,79.456485,27-05-2014,7.6
314,The Shining,Horror Thriller,"Jack Torrance accepts a caretaker job at the Overlook Hotel, where he, along with his wife Wendy and their son Danny, must live isolated from the rest of the world for the winter. But they aren't prepared for the madness that lurks within.",Jack Nicholson Shelley Duvall Danny Lloyd Scatman Crothers Barry Nelson,Stanley Kubrick,78.699993,22-05-1980,8.1
2101,Alice in Wonderland,Family Fantasy Adventure,"Alice, an unpretentious and individual 19-year-old, is betrothed to a dunce of an English nobleman. At her engagement party, she escapes the crowd to consider whether to go through with the marriage and falls down a hole in the garden after spotting an unusual rabbit. Arriving in a strange and surreal place called 'Underland,' she finds herself in a world that resembles the nightmares she had as a child, filled with talking animals, villainous queens and knights, and frumious bandersnatches. Alice realizes that she is there for a reason – to conquer the horrific Jabberwocky and restore the rightful queen to her throne.",Mia Wasikowska Johnny Depp Anne Hathaway Helena Bonham Carter Crispin Glover,Tim Burton,78.530105,03-03-2010,6.4
600,The Empire Strikes Back,Adventure Action Science Fiction,"The epic saga continues as Luke Skywalker, in hopes of defeating the evil Galactic Empire, learns the ways of the Jedi from aging master Yoda. But Darth Vader is more determined than ever to capture Luke. Meanwhile, rebel leader Princess Leia, cocky Han Solo, Chewbacca, and droids C-3PO and R2-D2 are thrown into various stages of capture, betrayal and despair.",Mark Hamill Harrison Ford Carrie Fisher Billy Dee Williams Anthony Daniels,Irvin Kershner,78.51783,17-05-1980,8.2
3535,Star Trek Into Darkness,Action Adventure Science Fiction,"When the crew of the Enterprise is called back home, they find an unstoppable force of terror from within their own organization has detonated the fleet and everything it stands for, leaving our world in a state of crisis.  With a personal score to settle, Captain Kirk leads a manhunt to a war-zone world to capture a one man weapon of mass destruction. As our heroes are propelled into an epic chess game of life and death, love will be challenged, friendships will be torn apart, and sacrifices must be made for the only family Kirk has left: his crew.",Chris Pine Zachary Quinto Zoe Saldana Karl Urban Simon Pegg,J.J. Abrams,78.291018,05-05-2013,7.4
302,Harry Potter and the Order of the Phoenix,Adventure Fantasy Family Mystery,"Returning for his fifth year of study at Hogwarts, Harry is stunned to find that his warnings about the return of Lord Voldemort have been ignored. Left with no choice, Harry takes matters into his own hands, training a small group of students – dubbed 'Dumbledore's Army' – to defend themselves against the dark arts.",Daniel Radcliffe Rupert Grint Emma Watson Michael Gambon Ralph Fiennes,David Yates,78.144395,28-06-2007,7.4
1461,The Incredibles,Action Adventure Animation Family,"Bob Parr has given up his superhero days to log in time as an insurance adjuster and raise his three children with his formerly heroic wife in suburbia. But when he receives a mysterious assignment, it's time to get back into costume.",Craig T. Nelson Holly Hunter Samuel L. Jackson Jason Lee Dominique Louis,Brad Bird,77.817571,05-11-2004,7.4
3558,Mission: Impossible - Ghost Protocol,Action Thriller Adventure,"In the 4th installment of the Mission Impossible series, Ethan Hunt (Cruise) and his team are racing against time to track down a dangerous terrorist named Hendricks (Nyqvist), who has gained access to Russian nuclear launch codes and is planning a strike on the United States. An attempt to stop him ends in an explosion causing severe destruction to the Kremlin and the IMF to be implicated in the bombing, forcing the President to disavow them. No longer being aided by the government, Ethan and his team chase Hendricks around the globe, although they might still be too late to stop a disaster.",Tom Cruise Jeremy Renner Simon Pegg Paula Patton Anil Kapoor,Brad Bird,77.77477,07-12-2011,6.8
3693,Iron Man 3,Action Adventure Science Fiction,"When Tony Stark's world is torn apart by a formidable terrorist called the Mandarin, he starts an odyssey of rebuilding and retribution.",Robert Downey Jr. Gwyneth Paltrow Don Cheadle Guy Pearce Rebecca Hall,Shane Black,77.68208,18-04-2013,6.8
2961,The Expendables,Thriller Adventure Action,"Barney Ross leads a band of highly skilled mercenaries including knife enthusiast Lee Christmas, a martial arts expert, heavy weapons specialist, demolitionist, and a loose-cannon sniper. When the group is commissioned by the mysterious Mr. Church to assassinate the dictator of a small South American island, Barney and Lee visit the remote locale to scout out their opposition and discover the true nature of the conflict engulfing the city.",Sylvester Stallone Jason Statham Dolph Lundgren Eric Roberts Randy Couture,Sylvester Stallone,77.580661,03-08-2010,6.0
1580,Iron Man 2,Adventure Action Science Fiction,"With the world now aware of his dual life as the armored superhero Iron Man, billionaire inventor Tony Stark faces pressure from the government, the press and the public to share his technology with the military. Unwilling to let go of his invention, Stark, with Pepper Potts and James 'Rhodey' Rhodes at his side, must forge new alliances – and confront powerful enemies.",Robert Downey Jr. Gwyneth Paltrow Don Cheadle Scarlett Johansson Mickey Rourke,Jon Favreau,77.300194,28-04-2010,6.6
3590,Snow White and the Huntsman,Adventure Fantasy Drama,"After the Evil Queen marries the King, she performs a violent coup in which the King is murdered and his daughter, Snow White, is taken captive. Almost a decade later, a grown Snow White is still in the clutches of the Queen. In order to obtain immortality, The Evil Queen needs the heart of Snow White. After Snow escapes the castle, the Queen sends the Huntsman to find her in the Dark Forest.",Kristen Stewart Charlize Theron Chris Hemsworth Sam Claflin Ian McShane,Rupert Sanders,77.178973,30-05-2012,5.8
4231,Hercules,Action Adventure,"Fourteen hundred years ago, a tormented soul walked the earth that was neither man nor god. Hercules was the powerful son of the god king Zeus, for this he received nothing but suffering his entire life. After twelve arduous labors and the loss of his family, this dark, world-weary soul turned his back on the gods finding his only solace in bloody battle. Over the years he warmed to the company of six similar souls, their only bond being their love of fighting and presence of death. These men and woman never question where they go to fight or why or whom, just how much they will be paid. Now the King of Thrace has hired these mercenaries to train his men to become the greatest army of all time. It is time for this bunch of lost souls to finally have their eyes opened to how far they have fallen when they must train an army to become as ruthless and blood thirsty as their reputation has become.",Dwayne Johnson Ian McShane John Hurt Rufus Sewell Aksel Hennie,Brett Ratner,76.842247,23-07-2014,5.6
73,Ocean's Twelve,Thriller Crime,"Danny Ocean reunites with his old flame and the rest of his merry band of thieves in carrying out three huge heists in Rome, Paris and Amsterdam – but a Europol agent is hot on their heels.",George Clooney Brad Pitt Catherine Zeta-Jones Julia Roberts Andy Garc\u00eda,Steven Soderbergh,76.840712,09-12-2004,6.4
46,Back to the Future,Adventure Comedy Science Fiction Family,"Eighties teenager Marty McFly is accidentally sent back in time to 1955, inadvertently disrupting his parents' first meeting and attracting his mother's romantic interest. Marty must repair the damage to history by rekindling his parents' romance and - with the help of his eccentric inventor friend Doc Brown - return to 1985.",Michael J. Fox Christopher Lloyd Lea Thompson Crispin Glover Thomas F. Wilson,Robert Zemeckis,76.603233,03-07-1985,8.0
3980,The Hunger Games: Catching Fire,Adventure Action Science Fiction,"Katniss Everdeen has returned home safe after winning the 74th Annual Hunger Games along with fellow tribute Peeta Mellark. Winning means that they must turn around and leave their family and close friends, embarking on a ""Victor's Tour"" of the districts. Along the way Katniss senses that a rebellion is simmering, but the Capitol is still very much in control as President Snow prepares the 75th Annual Hunger Games (The Quarter Quell) - a competition that could change Panem forever.",Jennifer Lawrence Josh Hutcherson Liam Hemsworth Woody Harrelson Elizabeth Banks,Francis Lawrence,76.310119,15-11-2013,7.4
388,Saving Private Ryan,Drama History War,"As U.S. troops storm the beaches of Normandy, three brothers lie dead on the battlefield, with a fourth trapped behind enemy lines. Ranger captain John Miller and seven men are tasked with penetrating German-held territory and bringing the boy home.",Tom Hanks Matt Damon Vin Diesel Tom Sizemore Barry Pepper,Steven Spielberg,76.041867,24-07-1998,7.9
102,Indiana Jones and the Kingdom of the Crystal Skull,Adventure Action,"Set during the Cold War, the Soviets – led by sword-wielding Irina Spalko – are in search of a crystal skull which has supernatural powers related to a mystical Lost City of Gold. After being captured and then escaping from them, Indy is coerced to head to Peru at the behest of a young man whose friend – and Indy's colleague – Professor Oxley has been captured for his knowledge of the skull's whereabouts.",Harrison Ford Cate Blanchett Shia LaBeouf Ray Winstone Karen Allen,Steven Spielberg,75.674458,21-05-2008,5.7
425,Mission: Impossible,Adventure Action Thriller,"When Ethan Hunt, the leader of a crack espionage team whose perilous operation has gone awry with no explanation, discovers that a mole has penetrated the CIA, he's surprised to learn that he's the No. 1 suspect. To clear his name, Hunt now must ferret out the real double agent and, in the process, even the score.",Tom Cruise Jon Voight Emmanuelle B\u00e9art Henry Czerny Jean Reno,Brian De Palma,75.290998,22-05-1996,6.7
4057,About Time,Comedy Drama Science Fiction,"The night after another unsatisfactory New Year party, Tim's father tells his son that the men in his family have always had the ability to travel through time. Tim can't change history, but he can change what happens and has happened in his own life – so he decides to make his world a better place... by getting a girlfriend. Sadly, that turns out not to be as easy as he thinks.",Domhnall Gleeson Rachel McAdams Bill Nighy Lydia Wilson Lindsay Duncan,Richard Curtis,74.817641,16-08-2013,7.8
4391,Run All Night,Action Crime Drama Mystery Thriller,"Brooklyn mobster and prolific hit man Jimmy Conlon has seen better days. Longtime best friend of a mob boss, Jimmy is haunted by the sins of his past—as well as a dogged police detective who’s been one step behind Jimmy for 30 years. But when Jimmy’s estranged son becomes a target, Jimmy must make a choice between the crime family he chose and the real family he abandoned long ago. Now, with nowhere safe to turn, Jimmy has just one night to figure out exactly where his loyalties lie and to see if he can finally make things right.",Liam Neeson Ed Harris Joel Kinnaman Boyd Holbrook Bruce McGill,Jaume Collet-Serra,74.64653,11-03-2015,6.3
573,Captain America: The First Avenger,Action Adventure Science Fiction,"Predominantly set during World War II, Steve Rogers is a sickly man from Brooklyn who's transformed into super-soldier Captain America to aid in the war effort. Rogers must stop the Red Skull – Adolf Hitler's ruthless head of weaponry, and the leader of an organization that intends to use a mysterious device of untold powers for world domination.",Chris Evans Hugo Weaving Tommy Lee Jones Hayley Atwell Sebastian Stan,Joe Johnston,74.506246,22-07-2011,6.6
444,The Prestige,Drama Mystery Thriller,"A mysterious story of two magicians whose intense rivalry leads them on a life-long battle for supremacy -- full of obsession, deceit and jealousy with dangerous and deadly consequences.",Hugh Jackman Christian Bale Michael Caine Scarlett Johansson Andy Serkis,Christopher Nolan,74.440708,19-10-2006,8.0
4052,The Grand Budapest Hotel,Comedy Drama,"The Grand Budapest Hotel tells of a legendary concierge at a famous European hotel between the wars and his friendship with a young employee who becomes his trusted protégé. The story involves the theft and recovery of a priceless Renaissance painting, the battle for an enormous family fortune and the slow and then sudden upheavals that transformed Europe during the first half of the 20th century.",Ralph Fiennes Tony Revolori F. Murray Abraham Mathieu Amalric Adrien Brody,Wes Anderson,74.417456,26-02-2014,8.0
4332,The Fault in Our Stars,Romance Drama,"Despite the tumor-shrinking medical miracle that has bought her a few years, Hazel has never been anything but terminal, her final chapter inscribed upon diagnosis. But when a patient named Augustus Waters suddenly appears at Cancer Kid Support Group, Hazel's story is about to be completely rewritten.",Shailene Woodley Ansel Elgort Nat Wolff Laura Dern Sam Trammell,Josh Boone,74.358971,16-05-2014,7.6
103,The Terminator,Action Thriller Science Fiction,"In the post-apocalyptic future, reigning tyrannical supercomputers teleport a cyborg assassin known as the ""Terminator"" back to 1984 to kill Sarah Connor, whose unborn son is destined to lead insurgents against 21st century mechanical hegemony. Meanwhile, the human-resistance movement dispatches a lone warrior to safeguard Sarah. Can he stop the virtually indestructible killing machine?",Arnold Schwarzenegger Michael Biehn Linda Hamilton Paul Winfield Lance Henriksen,James Cameron,74.234793,26-10-1984,7.3
4365,The Interview,Action Comedy,"Dave Skylark and his producer Aaron Rapoport run the celebrity tabloid show ""Skylark Tonight"". When they land an interview with a surprise fan, North Korean dictator Kim Jong-un, they are recruited by the CIA to turn their trip to Pyongyang into an assassination mission.",James Franco Seth Rogen Lizzy Caplan Randall Park Diana Bang,Seth Rogen,74.168016,25-12-2014,6.1
2802,The Cabin in the Woods,Horror Thriller,"Five college friends spend the weekend at a remote cabin in the woods, where they get more than they bargained for. Together, they must discover the truth behind the cabin in the woods.",Kristen Connolly Chris Hemsworth Anna Hutchison Fran Kranz Jesse Williams,Drew Goddard,73.987775,12-04-2012,6.5
281,Catch Me If You Can,Drama Crime,"A true story about Frank Abagnale Jr. who, before his 19th birthday, successfully conned millions of dollars worth of checks as a Pan Am pilot, doctor, and legal prosecutor. An FBI agent makes it his mission to put him behind bars. But Frank not only eludes capture, he revels in the pursuit.",Leonardo DiCaprio Tom Hanks Christopher Walken Martin Sheen Nathalie Baye,Steven Spielberg,73.944049,25-12-2002,7.7
3876,Cloud Atlas,Drama Science Fiction,"A set of six nested stories spanning time between the 19th century and a distant post-apocalyptic future. Cloud Atlas explores how the actions and consequences of individual lives impact one another throughout the past, the present and the future. Action, mystery and romance weave through the story as one soul is shaped from a killer into a hero and a single act of kindness ripples across centuries to inspire a revolution in the distant future.  Based on the award winning novel by David Mitchell. Directed by Tom Tykwer and the Wachowskis.",Tom Hanks Halle Berry Jim Broadbent Hugo Weaving Jim Sturgess,Tom Tykwer,73.872343,26-10-2012,6.6
1163,Wanted,Action Thriller Crime,"Doormat Wesley Gibson discovers that his recently murdered father – who Wesley never knew – belonged to a secret guild of assassins. After a leather-clad sexpot drafts Wesley into the society, he hones his innate killing skills and turns avenger.",Angelina Jolie James McAvoy Morgan Freeman Thomas Kretschmann Terence Stamp,Timur Bekmambetov,73.82289,19-06-2008,6.4
2714,TRON: Legacy,Adventure Action Science Fiction,"Sam Flynn, the tech-savvy and daring son of Kevin Flynn, investigates his father's disappearance and is pulled into The Grid. With the help of a mysterious program named Quorra, Sam quests to stop evil dictator Clu from crossing into the real world.",Garrett Hedlund Jeff Bridges Olivia Wilde Bruce Boxleitner Yaya DaCosta,Joseph Kosinski,73.79505,10-12-2010,6.3
392,Toy Story,Animation Comedy Family,"Led by Woody, Andy's toys live happily in his room until Andy's birthday brings Buzz Lightyear onto the scene. Afraid of losing his place in Andy's heart, Woody plots against Buzz. But when circumstances separate Buzz and Woody from their owner, the duo eventually learns to put aside their differences.",Tom Hanks Tim Allen Don Rickles Jim Varney Wallace Shawn,John Lasseter,73.640445,30-10-1995,7.7
2234,Star Trek,Science Fiction Action Adventure,"The fate of the galaxy rests in the hands of bitter rivals. One, James Kirk, is a delinquent, thrill-seeking Iowa farm boy. The other, Spock, a Vulcan, was raised in a logic-based society that rejects all emotion. As fiery instinct clashes with calm reason, their unlikely but powerful partnership is the only thing capable of leading their crew through unimaginable danger, boldly going where no one has gone before. The human adventure has begun again.",Chris Pine Zachary Quinto Leonard Nimoy Eric Bana Bruce Greenwood,J.J. Abrams,73.616808,06-05-2009,7.4
393,Toy Story 2,Animation Comedy Family,"Andy heads off to Cowboy Camp, leaving his toys to their own devices. Things shift into high gear when an obsessive toy collector named Al McWhiggen, owner of Al's Toy Barn kidnaps Woody. Andy's toys mount a daring rescue mission, Buzz Lightyear meets his match and Woody has to decide where he and his heart truly belong.",Tom Hanks Tim Allen Joan Cusack Kelsey Grammer Don Rickles,John Lasseter,73.575118,30-10-1999,7.3
27,American History X,Drama,"Derek Vineyard is paroled after serving 3 years in prison for killing two thugs who tried to break into/steal his truck. Through his brother, Danny Vineyard's narration, we learn that before going to prison, Derek was a skinhead and the leader of a violent white supremacist gang that committed acts of racial crime throughout L.A. and his actions greatly influenced Danny. Reformed and fresh out of prison, Derek severs contact with the gang and becomes determined to keep Danny from going down the same violent path as he did.",Edward Norton Edward Furlong Beverly D'Angelo Avery Brooks Jennifer Lien,Tony Kaye,73.567232,30-10-1998,8.2
262,The Matrix Revolutions,Adventure Action Thriller Science Fiction,The human city of Zion defends itself against the massive invasion of the machines as Neo fights to end the war at another front while also opposing the rogue Agent Smith.,Keanu Reeves Laurence Fishburne Carrie-Anne Moss Hugo Weaving Mary Alice,Lilly Wachowski,73.313918,05-11-2003,6.4
626,The Butterfly Effect,Science Fiction Thriller,"A young man struggles to access sublimated childhood memories. He finds a technique that allows him to travel back into the past, to occupy his childhood body and change history. However, he soon finds that every change he makes has unexpected consequences.",Ashton Kutcher Melora Walters Amy Smart Elden Henson William Lee Scott,Eric Bress,73.307513,22-01-2004,7.3
330,The Sixth Sense,Mystery Thriller Drama,"A psychological thriller about an eight year old boy named Cole Sear who believes he can see into the world of the dead. A child psychologist named Malcolm Crowe comes to Cole to help him deal with his problem, learning that he really can see ghosts of dead people.",Bruce Willis Toni Collette Olivia Williams Haley Joel Osment Donnie Wahlberg,M. Night Shyamalan,73.085576,06-08-1999,7.7
4508,Trainwreck,Comedy,"Having thought that monogamy was never possible, a commitment-phobic career woman may have to face her fears when she meets a good guy.",Amy Schumer Bill Hader Brie Larson Colin Quinn Vanessa Bayer,Judd Apatow,72.774941,17-07-2015,5.9
4341,Sex Tape,Comedy,"When Jay and Annie first got together, their romantic connection was intense – but ten years and two kids later, the flame of their love needs a spark.  To kick things up a notch, they decide – why not? – to make a video of themselves trying out every position in The Joy of Sex in one marathon three-hour session.  It seems like a great idea – until they discover that their most private video is no longer private.  With their reputations on the line, they know they’re just one click away from being laid bare to the world... but as their race to reclaim their video leads to a night they'll never forget, they'll find that their video will expose even more than they bargained for.",Cameron Diaz Jason Segel Rob Corddry Ellie Kemper Rob Lowe,Jake Kasdan,72.641296,17-07-2014,5.3
2541,Inglourious Basterds,Drama Action Thriller War,"In Nazi-occupied France during World War II, a group of Jewish-American soldiers known as ""The Basterds"" are chosen specifically to spread fear throughout the Third Reich by scalping and brutally killing Nazis. The Basterds, lead by Lt. Aldo Raine soon cross paths with a French-Jewish teenage girl who runs a movie theater in Paris which is targeted by the soldiers.",Brad Pitt M\u00e9lanie Laurent Christoph Waltz Eli Roth Michael Fassbender,Quentin Tarantino,72.595961,18-08-2009,7.9
3975,Captain America: The Winter Soldier,Action Adventure Science Fiction,"After the cataclysmic events in New York with The Avengers, Steve Rogers, aka Captain America is living quietly in Washington, D.C. and trying to adjust to the modern world. But when a S.H.I.E.L.D. colleague comes under attack, Steve becomes embroiled in a web of intrigue that threatens to put the world at risk. Joining forces with the Black Widow, Captain America struggles to expose the ever-widening conspiracy while fighting off professional assassins sent to silence him at every turn. When the full scope of the villainous plot is revealed, Captain America and the Black Widow enlist the help of a new ally, the Falcon. However, they soon find themselves up against an unexpected and formidable enemy—the Winter Soldier.",Chris Evans Samuel L. Jackson Scarlett Johansson Robert Redford Sebastian Stan,Anthony Russo,72.225265,20-03-2014,7.6
467,Rocky,Drama,"When world heavyweight boxing champion, Apollo Creed wants to give an unknown fighter a shot at the title as a publicity stunt, his handlers choose palooka Rocky Balboa, an uneducated collector for a Philadelphia loan shark. Rocky teams up with trainer  Mickey Goldmill to make the most of this once in a lifetime break.",Sylvester Stallone Talia Shire Burt Young Carl Weathers Burgess Meredith,John G. Avildsen,72.19808,21-11-1976,7.5
221,Terminator Salvation,Action Science Fiction Thriller,"All grown up in post-apocalyptic 2018, John Connor must lead the resistance of humans against the increasingly dominating militaristic robots. But when Marcus Wright appears, his existence confuses the mission as Connor tries to determine whether Wright has come from the future or the past -- and whether he's friend or foe.",Christian Bale Sam Worthington Anton Yelchin Moon Bloodgood Bryce Dallas Howard,McG,71.862892,20-05-2009,5.9
3528,300: Rise of an Empire,Action War,"Based on Frank Miller's latest graphic novel Xerxes and told in the breathtaking visual style of the blockbuster ""300,"" this new chapter of the epic saga takes the action to a fresh battlefield--on the sea--as Greek general Themistokles attempts to unite all of Greece by leading the charge that will change the course of the war. ""300: Rise of an Empire"" pits Themistokles against the massive invading Persian forces led by mortal-turned-god Xerxes and Artemesia, the vengeful commander of the Persian navy.",Sullivan Stapleton Eva Green Lena Headey Callan Mulvey David Wenham,Noam Murro,71.510596,05-03-2014,6.1
4445,Pitch Perfect 2,Comedy Music,"The Bellas are back, and they are better than ever. After being humiliated in front of none other than the President of the United States of America, the Bellas are taken out of the Aca-Circuit. In order to clear their name, and regain their status, the Bellas take on a seemingly impossible task: winning an international competition no American team has ever won. In order to accomplish this monumental task, they need to strengthen the bonds of friendship and sisterhood and blow away the competition with their amazing aca-magic! With all new friends and old rivals tagging along for the trip, the Bellas can hopefully accomplish their dreams.",Anna Kendrick Rebel Wilson Hailee Steinfeld Brittany Snow Skylar Astin,Elizabeth Banks,71.496894,07-05-2015,6.8
3778,Now You See Me,Thriller Crime,An FBI agent and an Interpol detective track a team of illusionists who pull off bank heists during their performances and reward their audiences with the money.,Jesse Eisenberg Mark Ruffalo Woody Harrelson M\u00e9lanie Laurent Isla Fisher,Louis Leterrier,71.124686,29-05-2013,7.3
964,I Am Legend,Drama Horror Action Thriller Science Fiction,"Robert Neville is a scientist who was unable to stop the spread of the terrible virus that was incurable and man-made. Immune, Neville is now the last human survivor in what is left of New York City and perhaps the world. For three years, Neville has faithfully sent out daily radio messages, desperate to find any other survivors who might be out there. But he is not alone.",Will Smith Alice Braga Charlie Tahan Salli Richardson-Whitfield Willow Smith,Francis Lawrence,70.867401,14-12-2007,6.9
261,The Matrix Reloaded,Adventure Action Thriller Science Fiction,"Six months after the events depicted in The Matrix, Neo has proved to be a good omen for the free humans, as more and more humans are being freed from the matrix and brought to Zion, the one and only stronghold of the Resistance.  Neo himself has discovered his superpowers including super speed, ability to see the codes of the things inside the matrix and a certain degree of pre-cognition. But a nasty piece of news hits the human resistance: 250,000 machine sentinels are digging to Zion and would reach them in 72 hours. As Zion prepares for the ultimate war, Neo, Morpheus and Trinity are advised by the Oracle to find the Keymaker who would help them reach the Source.  Meanwhile Neo's recurrent dreams depicting Trinity's death have got him worried and as if it was not enough, Agent Smith has somehow escaped deletion, has become more powerful than before and has fixed Neo as his next target.",Keanu Reeves Carrie-Anne Moss Laurence Fishburne Hugo Weaving Helmut Bakaitis,Lilly Wachowski,70.78591,15-05-2003,6.7
4264,Let's Be Cops,Comedy,"It's the ultimate buddy cop movie except for one thing: they're not cops.  When two struggling pals dress as police officers for a costume party, they become neighborhood sensations.  But when these newly-minted “heroes” get tangled in a real life web of mobsters and dirty detectives, they must put their fake badges on the line.",Jake Johnson Damon Wayans Jr. Nina Dobrev Rob Riggle James D'Arcy,Luke Greenfield,70.668923,13-08-2014,6.4
25,Million Dollar Baby,Drama,"Despondent over a painful estrangement from his daughter, trainer Frankie Dunn isn't prepared for boxer Maggie Fitzgerald to enter his life. But Maggie's determined to go pro and to convince Dunn and his cohort to help her.",Clint Eastwood Hilary Swank Morgan Freeman Jay Baruchel Mike Colter,Clint Eastwood,70.456012,15-12-2004,7.7
348,Gattaca,Thriller Science Fiction Mystery Romance,"Science fiction drama about a future society in the era of indefinite eugenics where humans are set on a life course depending on their DNA. The young Vincent Freeman is born with a condition that would prevent him from space travel, yet he is determined to infiltrate the GATTACA space program.",Ethan Hawke Jude Law Gore Vidal Uma Thurman Alan Arkin,Andrew Niccol,70.398356,07-09-1997,7.5
49,Scarface,Action Crime Drama Thriller,"After getting a green card in exchange for assassinating a Cuban government official, Tony Montana stakes a claim on the drug trade in Miami. Viciously murdering anyone who stands in his way, Tony eventually becomes the biggest drug lord in the state, controlling nearly all the cocaine that comes through Miami. But increased pressure from the police, wars with Colombian drug cartels and his own drug-fueled paranoia serve to fuel the flames of his eventual downfall.",Al Pacino Steven Bauer Michelle Pfeiffer Mary Elizabeth Mastrantonio Robert Loggia,Brian De Palma,70.105981,08-12-1983,8.0
1086,Ice Age: Dawn of the Dinosaurs,Animation Comedy Family Adventure,"Times are changing for Manny the moody mammoth, Sid the motor mouthed sloth and Diego the crafty saber-toothed tiger. Life heats up for our heroes when they meet some new and none-too-friendly neighbors – the mighty dinosaurs.",Ray Romano John Leguizamo Denis Leary Queen Latifah Simon Pegg,Carlos Saldanha,69.457898,29-06-2009,6.5
136,Terminator 3: Rise of the Machines,Action Thriller Science Fiction,"It's been 10 years since John Connor saved Earth from Judgment Day, and he's now living under the radar, steering clear of using anything Skynet can trace. That is, until he encounters T-X, a robotic assassin ordered to finish what T-1000 started. Good thing Connor's former nemesis, the Terminator, is back to aid the now-adult Connor … just like he promised.",Arnold Schwarzenegger Nick Stahl Claire Danes Kristanna Loken David Andrews,Jonathan Mostow,69.405188,02-07-2003,5.9
3168,The Social Network,Drama,"On a fall night in 2003, Harvard undergrad and computer programming genius Mark Zuckerberg sits down at his computer and heatedly begins working on a new idea. In a fury of blogging and programming, what begins in his dorm room as a small site among friends soon becomes a global social network and a revolution in communication. A mere six years and 500 million friends later, Mark Zuckerberg is the youngest billionaire in history... but for this entrepreneur, success leads to both personal and legal complications.",Jesse Eisenberg Andrew Garfield Justin Timberlake Armie Hammer Max Minghella,David Fincher,69.27822,30-09-2010,7.1
3721,Prometheus,Science Fiction Adventure Mystery,"A team of explorers discover a clue to the origins of mankind on Earth, leading them on a journey to the darkest corners of the universe. There, they must fight a terrifying battle to save the future of the human race.",Noomi Rapace Michael Fassbender Guy Pearce Idris Elba Logan Marshall-Green,Ridley Scott,68.889395,30-05-2012,6.3
3735,Ted,Comedy Fantasy,"John Bennett, a man whose childhood wish of bringing his teddy bear to life came true, now must decide between keeping the relationship with the bear or his girlfriend, Lori.",Mark Wahlberg Mila Kunis Seth MacFarlane Joel McHale Giovanni Ribisi,Seth MacFarlane,68.87691,29-06-2012,6.3
4471,The Conjuring 2,Horror,Lorraine and Ed Warren travel to north London to help a single mother raising four children alone in a house plagued by malicious spirits.,Patrick Wilson Vera Farmiga Madison Wolfe Frances O'Connor Lauren Esposito,James Wan,68.794673,13-05-2016,7.0
3182,Megamind,Animation Action Comedy Family Science Fiction,"Bumbling supervillain Megamind finally defeats his nemesis, the superhero Metro Man. But without a hero, he loses all purpose and must find new meaning to his life.",Will Ferrell Brad Pitt Tina Fey Jonah Hill David Cross,Tom McGrath,68.757242,28-10-2010,6.7
4316,Ted 2,Comedy,"Newlywed couple Ted and Tami-Lynn want to have a baby, but in order to qualify to be a parent, Ted will have to prove he's a person in a court of law.",Mark Wahlberg Seth MacFarlane Amanda Seyfried Jessica Barth Giovanni Ribisi,Seth MacFarlane,68.734513,25-06-2015,6.2
4514,The Hateful Eight,Crime Drama Mystery Western,Bounty hunters seek shelter from a raging blizzard and get caught up in a plot of betrayal and deception.,Samuel L. Jackson Kurt Russell Jennifer Jason Leigh Walton Goggins Demi\u00e1n Bichir,Quentin Tarantino,68.717016,25-12-2015,7.6
3712,The Hunger Games,Science Fiction Adventure Fantasy,"Every year in the ruins of what was once North America, the nation of Panem forces each of its twelve districts to send a teenage boy and girl to compete in the Hunger Games.  Part twisted entertainment, part government intimidation tactic, the Hunger Games are a nationally televised event in which “Tributes” must fight with one another until one survivor remains.  Pitted against highly-trained Tributes who have prepared for these Games their entire lives, Katniss is forced to rely upon her sharp instincts as well as the mentorship of drunken former victor Haymitch Abernathy.  If she’s ever to return home to District 12, Katniss must make impossible choices in the arena that weigh survival against humanity and life against love. The world will be watching.",Jennifer Lawrence Josh Hutcherson Liam Hemsworth Woody Harrelson Elizabeth Banks,Gary Ross,68.550698,12-03-2012,6.9
36,Raiders of the Lost Ark,Adventure Action,"When Dr. Indiana Jones – the tweed-suited professor who just happens to be a celebrated archaeologist – is hired by the government to locate the legendary Ark of the Covenant, he finds himself up against the entire Nazi regime.",Harrison Ford Karen Allen Paul Freeman Ronald Lacey John Rhys-Davies,Steven Spielberg,68.159596,12-06-1981,7.7
236,Apollo 13,Drama,"The true story of technical troubles that scuttle the Apollo 13 lunar mission in 1971, risking the lives of astronaut Jim Lovell and his crew, with the failed journey turning into a thrilling saga of heroism. Drifting more than 200,000 miles from Earth, the astronauts work furiously with the ground crew to avert tragedy.",Tom Hanks Bill Paxton Kevin Bacon Gary Sinise Ed Harris,Ron Howard,68.140214,30-06-1995,7.3
3972,Dumb and Dumber To,Comedy,"20 years after the dimwits set out on their first adventure, they head out in search of one of their long lost children in the hope of gaining a new kidney.",Jim Carrey Jeff Daniels Rachel Melvin Kathleen Turner Brady Bluhm,Bobby Farrelly,67.767785,12-11-2014,5.4
3776,Oblivion,Action Science Fiction Adventure Mystery,"Jack Harper is one of the last few drone repairmen stationed on Earth.  Part of a massive operation to extract vital resources after decades of war with a terrifying threat known as the Scavs, Jack’s mission is nearly complete.  His existence is brought crashing down when he rescues a beautiful  stranger from a downed spacecraft.  Her arrival triggers a chain of events that  forces him to question everything he knows and puts the fate of humanity in his hands.",Tom Cruise Morgan Freeman Olga Kurylenko Andrea Riseborough Nikolaj Coster-Waldau,Joseph Kosinski,67.698004,10-04-2013,6.4
304,Aliens,Horror Action Thriller Science Fiction,"When Ripley's lifepod is found by a salvage crew over 50 years later, she finds that terra-formers are on the very planet they found the alien species. When the company sends a family of colonists out to investigate her story, all contact is lost with the planet and colonists. They enlist Ripley and the colonial marines to return and search for answers.",Sigourney Weaver Michael Biehn James Remar Paul Reiser Lance Henriksen,James Cameron,67.66094,18-07-1986,7.7
273,Grease,Romance,"Australian good girl Sandy and greaser Danny fell in love over the summer. But when they unexpectedly discover they're now in the same high school, will they be able to rekindle their romance despite their eccentric friends?",John Travolta Olivia Newton-John Stockard Channing Jeff Conaway Didi Conn,Randal Kleiser,67.608041,07-07-1978,7.2
2232,Angels & Demons,Thriller Mystery,"Harvard symbologist Robert Langdon investigates a mysterious symbol seared into the chest of a murdered physicist. He discovers evidence of the unimaginable, the rebirth of an ancient secret brotherhood known as the Illuminati, the most powerful underground organization ever to walk the earth.",Tom Hanks Ewan McGregor Ayelet Zurer Stellan Skarsg\u00e5rd Pierfrancesco Favino,Ron Howard,67.447636,13-05-2009,6.5
1756,Mulan,Animation Family Adventure,"A tomboyish girl disguises herself as a young man so she can fight with the Imperial Chinese Army against the invading Huns. With help from wise-cracking dragon Mushu, Mulan just might save her country -- and win the heart of handsome Captain Li Shang.",Eddie Murphy Jackie Chan Ming-Na Wen Lea Salonga June Foray,Tony Bancroft,67.427755,18-06-1998,7.6
278,The Wizard of Oz,Adventure Family Fantasy,"Young Dorothy finds herself in a magical world where she makes friends with a lion, a scarecrow and a tin man as they make their way along the yellow brick road to talk with the Wizard and ask for the things they miss most in their lives. The Wicked Witch of the West is the only thing that could stop them.",Judy Garland Frank Morgan Ray Bolger Bert Lahr Jack Haley,Victor Fleming,67.417542,15-08-1939,7.4
180,"The Chronicles of Narnia: The Lion, the Witch and the Wardrobe",Adventure Family Fantasy,"Siblings Lucy, Edmund, Susan and Peter step through a magical wardrobe and find the land of Narnia. There, the they discover a charming, once peaceful kingdom that has been plunged into eternal winter by the evil White Witch, Jadis. Aided by the wise and magnificent lion, Aslan, the children lead Narnia into a spectacular, climactic battle to be free of the Witch's glacial powers forever.",William Moseley Anna Popplewell Skandar Keynes Georgie Henley Liam Neeson,Andrew Adamson,67.391328,07-12-2005,6.7
3695,Elysium,Science Fiction Action Drama Thriller,"In the year 2159, two classes of people exist: the very wealthy who live on a pristine man-made space station called Elysium, and the rest, who live on an overpopulated, ruined Earth. Secretary Rhodes (Jodie Foster), a hard line government ofﬁcial, will stop at nothing to enforce anti-immigration laws and preserve the luxurious lifestyle of the citizens of Elysium. That doesn’t stop the people of Earth from trying to get in, by any means they can. When unlucky Max (Matt Damon) is backed into a corner, he agrees to take on a daunting mission that, if successful, will not only save his life, but could bring equality to these polarized worlds.",Matt Damon Jodie Foster Sharlto Copley Alice Braga Diego Luna,Neill Blomkamp,67.33767,07-08-2013,6.4
362,Shrek,Adventure Animation Comedy Family Fantasy,"It ain't easy bein' green -- especially if you're a likable (albeit smelly) ogre named Shrek. On a mission to retrieve a gorgeous princess from the clutches of a fire-breathing dragon, Shrek teams up with an unlikely compatriot -- a wisecracking donkey.",Mike Myers Eddie Murphy Cameron Diaz John Lithgow Vincent Cassel,Andrew Adamson,67.298732,16-05-2001,7.3
1601,How to Train Your Dragon,Fantasy Adventure Animation Family,"As the son of a Viking leader on the cusp of manhood, shy Hiccup Horrendous Haddock III faces a rite of passage: he must kill a dragon to prove his warrior mettle. But after downing a feared dragon, he realizes that he no longer wants to destroy it, and instead befriends the beast – which he names Toothless – much to the chagrin of his warrior father",Jay Baruchel Gerard Butler Craig Ferguson America Ferrera Jonah Hill,Chris Sanders,67.263269,05-03-2010,7.5
3127,Blade II,Fantasy Horror Action Thriller,"A rare mutation has occurred within the vampire community - The Reaper. A vampire so consumed with an insatiable bloodlust that they prey on vampires as well as humans, transforming victims who are unlucky enough to survive into Reapers themselves. Blade is asked by the Vampire Nation for his help in preventing a nightmare plague that would wipe out both humans and vampires.",Wesley Snipes Kris Kristofferson Ron Perlman Leonor Varela Norman Reedus,Guillermo del Toro,67.169587,22-03-2002,6.2
37,Indiana Jones and the Temple of Doom,Adventure Action,"After arriving in India, Indiana Jones is asked by a desperate village to find a mystical stone. He agrees – and stumbles upon a secret cult plotting a terrible plan in the catacombs of an ancient palace.",Harrison Ford Kate Capshaw Jonathan Ke Quan Amrish Puri Roshan Seth,Steven Spielberg,66.976776,23-05-1984,7.1
208,Reservoir Dogs,Crime Thriller,"A botched robbery indicates a police informant, and the pressure mounts in the aftermath at a warehouse. Crime begets violence as the survivors -- veteran Mr. White, newcomer Mr. Orange, psychopathic parolee Mr. Blonde, bickering weasel Mr. Pink and Nice Guy Eddie -- unravel.",Harvey Keitel Tim Roth Michael Madsen Chris Penn Steve Buscemi,Quentin Tarantino,66.925866,02-09-1992,8.0
287,Troy,Adventure Drama War,"In year 1250 B.C. during the late Bronze age, two emerging nations begin to clash. Paris, the Trojan prince, convinces Helen, Queen of Sparta, to leave her husband Menelaus, and sail with him back to Troy. After Menelaus finds out that his wife was taken by the Trojans, he asks his brother Agamemnom to help him get her back. Agamemnon sees this as an opportunity for power. So they set off with 1,000 ships holding 50,000 Greeks to Troy. With the help of Achilles, the Greeks are able to fight the never before defeated Trojans.",Brad Pitt Orlando Bloom Eric Bana Brian Cox Sean Bean,Wolfgang Petersen,66.803149,13-05-2004,6.9
3958,RoboCop,Action Science Fiction,"In RoboCop, the year is 2028 and multinational conglomerate OmniCorp is at the center of robot technology.  Overseas, their drones have been used by the military for years, but have been forbidden for law enforcement in America.  Now OmniCorp wants to bring their controversial technology to the home front, and they see a golden opportunity to do it.  When Alex Murphy – a loving husband, father and good cop doing his best to stem the tide of crime and corruption in Detroit – is critically injured, OmniCorp sees their chance to build a part-man, part-robot police officer.  OmniCorp envisions a RoboCop in every city and even more billions for their shareholders, but they never counted on one thing: there is still a man inside the machine.",Joel Kinnaman Gary Oldman Michael Keaton Abbie Cornish Jackie Earle Haley,Jos\u00e9 Padilha,66.757869,30-01-2014,5.7
1759,WALL·E,Animation Family,"WALL·E is the last robot left on an Earth that has been overrun with garbage and all humans have fled to outer space. For 700 years he has continued to try and clean up the mess, but has developed some rather interesting human-like qualities. When a ship arrives with a sleek new type of robot, WALL·E thinks he's finally found a friend and stows away on the ship when it leaves.",Ben Burtt Elissa Knight Jeff Garlin Fred Willard John Ratzenberger,Andrew Stanton,66.390712,22-06-2008,7.8
4335,Sausage Party,Adventure Animation Comedy Fantasy,"Sausage Party, the first R-rated CG animated movie, is about one sausage leading a group of supermarket products on a quest to discover the truth about their existence and what really happens when they become chosen to leave the grocery store.",Seth Rogen Kristen Wiig Jonah Hill Bill Hader Michael Cera,Conrad Vernon,66.242737,11-07-2016,5.6
3312,Ghostbusters,Action Fantasy Comedy,"Following a ghost invasion of Manhattan, paranormal enthusiasts Erin Gilbert and Abby Yates, nuclear engineer Jillian Holtzmann, and subway worker Patty Tolan band together to stop the otherworldly threat.",Melissa McCarthy Kristen Wiig Kate McKinnon Leslie Jones Chris Hemsworth,Paul Feig,66.21806,14-07-2016,5.3
234,Die Hard,Action Thriller,"NYPD cop, John McClane's plan to reconcile with his estranged wife is thrown for a serious loop when minutes after he arrives at her office, the entire building is overtaken by a group of terrorists. With little help from the LAPD, wisecracking McClane sets out to single-handedly rescue the hostages and bring the bad guys down.",Bruce Willis Alan Rickman Alexander Godunov Bonnie Bedelia Reginald VelJohnson,John McTiernan,66.169628,15-07-1988,7.5
4482,Room,Drama Thriller,Jack is a young boy of 5 years old who has lived all his life in one room. He believes everything within it are the only real things in the world. But what will happen when his Ma suddenly tells him that there are other things outside of Room?,Brie Larson Jacob Tremblay Joan Allen Sean Bridgers William H. Macy,Lenny Abrahamson,66.11334,16-10-2015,8.1
4377,Self/less,Science Fiction Mystery Thriller,An extremely wealthy elderly man dying from cancer undergoes a radical medical procedure that transfers his consciousness to the body of a healthy young man but everything may not be as good as it seems when he starts to uncover the mystery of the body's origins and the secret organization that will kill to keep its secrets.,Ryan Reynolds Ben Kingsley Natalie Martinez Matthew Goode Michelle Dockery,Tarsem Singh,66.097437,10-07-2015,6.3
89,Sin City,Action Thriller Crime,"Welcome to Sin City. This town beckons to the tough, the corrupt, the brokenhearted. Some call it dark… Hard-boiled. Then there are those who call it home — Crooked cops, sexy dames, desperate vigilantes. Some are seeking revenge, others lust after redemption, and then there are those hoping for a little of both. A universe of unlikely and reluctant heroes still trying to do the right thing in a city that refuses to care.",Jessica Alba Devon Aoki Clive Owen Rosario Dawson Mickey Rourke,Robert Rodriguez,66.003433,01-04-2005,7.2
85,Minority Report,Action Thriller Science Fiction Mystery,"John Anderton is a top 'Precrime' cop in the late-21st century, when technology can predict crimes before they're committed. But Anderton becomes the quarry when another investigator targets him for a murder charge.",Tom Cruise Colin Farrell Samantha Morton Max von Sydow Lois Smith,Steven Spielberg,65.948959,20-06-2002,7.1
4336,Into the Woods,Fantasy Comedy Music,"In a woods filled with magic and fairy tale characters, a baker and his wife set out to end the curse put on them by their neighbor, a spiteful witch.",Meryl Streep Emily Blunt James Corden Anna Kendrick Chris Pine,Rob Marshall,65.90161,25-12-2014,5.6
663,Ratatouille,Animation Comedy Family Fantasy,"A rat named Remy dreams of becoming a great French chef despite his family's wishes and the obvious problem of being a rat in a decidedly rodent-phobic profession. When fate places Remy in the sewers of Paris, he finds himself ideally situated beneath a restaurant made famous by his culinary hero, Auguste Gusteau. Despite the apparent dangers of being an unlikely - and certainly unwanted - visitor in the kitchen of a fine French restaurant, Remy's passion for cooking soon sets into motion a hilarious and exciting rat race that turns the culinary world of Paris upside down.",Patton Oswalt Ian Holm Lou Romano Brian Dennehy Peter Sohn,Jan Pinkava,65.677399,22-06-2007,7.5
3431,A Good Day to Die Hard,Action Thriller,"Iconoclastic, take-no-prisoners cop John McClane, finds himself for the first time on foreign soil after traveling to Moscow to help his wayward son Jack - unaware that Jack is really a highly-trained CIA operative out to stop a nuclear weapons heist. With the Russian underworld in pursuit, and battling a countdown to war, the two McClanes discover that their opposing methods make them unstoppable heroes.",Bruce Willis Jai Courtney Sebastian Koch Mary Elizabeth Winstead \u042e\u043b\u0438\u044f \u0421\u043d\u0438\u0433\u0438\u0440\u044c,John Moore,65.402595,06-02-2013,5.2
4624,Southpaw,Action Drama,"Billy ""The Great"" Hope, the reigning junior middleweight boxing champion, has an impressive career, a loving wife and daughter, and a lavish lifestyle. However, when tragedy strikes, Billy hits rock bottom, losing his family, his house and his manager. He soon finds an unlikely savior in Tick Willis, a former fighter who trains the city's toughest amateur boxers. With his future on the line, Hope fights to reclaim the trust of those he loves the most.",Jake Gyllenhaal Rachel McAdams Forest Whitaker Oona Laurence 50 Cent,Antoine Fuqua,65.364452,15-06-2015,7.3
4245,Star Trek Beyond,Action Adventure Science Fiction,"The USS Enterprise crew explores the furthest reaches of uncharted space, where they encounter a mysterious new enemy who puts them and everything the Federation stands for to the test.",Chris Pine Zachary Quinto Karl Urban Simon Pegg Zoe Saldana,Justin Lin,65.352913,07-07-2016,6.6
3577,Ice Age: Continental Drift,Animation Comedy Adventure Family,"Manny, Diego, and Sid embark upon another adventure after their continent is set adrift. Using an iceberg as a ship, they encounter sea creatures and battle pirates as they explore a new world.",John Leguizamo Ray Romano Chris Wedge Denis Leary Seann William Scott,Steve Martino,65.229868,26-06-2012,6.2
3363,Battleship,Thriller Action Adventure Science Fiction,"When mankind beams a radio signal into space, a reply comes from ‘Planet G’, in the form of several alien crafts that splash down in the waters off Hawaii. Lieutenant Alex Hopper is a weapons officer assigned to the USS John Paul Jones, part of an international naval coalition which becomes the world's last hope for survival as they engage the hostile alien force of unimaginable strength. While taking on the invaders, Hopper must also try to live up to the potential his brother, and his fiancée's father, Admiral Shane, expect of him.",Taylor Kitsch Alexander Skarsg\u00e5rd Rihanna Brooklyn Decker Tadanobu Asano,Peter Berg,64.928382,11-04-2012,5.5
2206,Watchmen,Action Mystery Science Fiction,"In a gritty and alternate 1985 the glory days of costumed vigilantes have been brought to a close by a government crackdown, but after one of the masked veterans is brutally murdered an investigation into the killer is initiated. The reunited heroes set out to prevent their own destruction, but in doing so uncover a sinister plot that puts all of humanity in grave danger.",Malin \u00c5kerman Billy Crudup Carla Gugino Jeffrey Dean Morgan Patrick Wilson,Zack Snyder,64.798873,05-03-2009,7.0
337,Monty Python and the Holy Grail,Adventure Comedy Fantasy,"King Arthur, accompanied by his squire, recruits his Knights of the Round Table, including Sir Bedevere the Wise, Sir Lancelot the Brave, Sir Robin the Not-Quite-So-Brave-As-Sir-Lancelot and Sir Galahad the Pure. On the way, Arthur battles the Black Knight who, despite having had all his limbs chopped off, insists he can still fight. They reach Camelot, but Arthur decides not  to enter, as ""it is a silly place"".",Graham Chapman John Cleese Terry Gilliam Eric Idle Terry Jones,Terry Gilliam,64.782984,13-03-1975,7.8
4551,Paper Towns,Drama Mystery Romance,"Quentin Jacobsen has spent a lifetime loving the magnificently adventurous Margo Roth Spiegelman from afar. So when she cracks open a window and climbs back into his life-dressed like a ninja and summoning him for an ingenious campaign of revenge-he follows. After their all-nighter ends and a new day breaks, Q arrives at school to discover that Margo, always an enigma, has now become a mystery. But Q soon learns that there are clues-and they're for him. Urged down a disconnected path, the closer he gets, the less Q sees of the girl he thought he knew.",Nat Wolff Cara Delevingne Justice Smith Austin Abrams Halston Sage,Jake Schreier,64.610671,18-06-2015,6.1
3800,Chronicle,Science Fiction Drama Thriller,"Three high school students make an incredible discovery, leading to their developing uncanny powers beyond their understanding. As they learn to control their abilities and use them to their advantage, their lives start to spin out of control, and their darker sides begin to take over.",Dane DeHaan Alex Russell Michael B. Jordan Michael Kelly Anna Wood,Josh Trank,64.504747,01-02-2012,6.6
3448,Dracula Untold,Horror Action Drama Fantasy War,"Vlad Tepes is a great hero, but when he learns the Sultan is preparing for battle and needs to form an army of 1,000 boys, including Vlad's son, he vows to find a way to protect his family. Vlad turns to dark forces in order to get the power to destroy his enemies and agrees to go from hero to monster as he's turned into the mythological vampire Dracula.",Luke Evans Sarah Gadon Dominic Cooper Art Parkinson Charles Dance,Gary Shore,64.457947,01-10-2014,6.2
4018,Snowpiercer,Action Science Fiction Drama,"In a future where a failed global-warming experiment kills off most life on the planet, a class system evolves aboard the Snowpiercer, a train that travels around the globe via a perpetual-motion engine.",Chris Evans Song Kang-ho Ed Harris John Hurt Tilda Swinton,Bong Joon-ho,64.238688,01-08-2013,6.7
3464,The Croods,Adventure Animation Comedy Family Fantasy,"The Croods is a prehistoric comedy adventure that follows the world's first family as they embark on a journey of a lifetime when the cave that has always shielded them from danger is destroyed. Traveling across a spectacular landscape, the Croods discover an incredible new world filled with fantastic creatures -- and their outlook is changed forever.",Nicolas Cage Emma Stone Ryan Reynolds Catherine Keener Cloris Leachman,Chris Sanders,64.183321,20-03-2013,6.8
335,From Dusk Till Dawn,Horror Action Thriller Crime,"Seth Gecko and his younger brother Richard are on the run after a bloody bank robbery in Texas. They escape across the border into Mexico and will be home-free the next morning, when they pay off the local kingpin. They just have to survive 'from dusk till dawn' at the rendezvous point, which turns out to be a Hell of a strip joint.",George Clooney Quentin Tarantino Harvey Keitel Juliette Lewis Ernest Liu,Robert Rodriguez,64.181668,19-01-1996,6.9
277,The Usual Suspects,Drama Crime Thriller,"Held in an L.A. interrogation room, Verbal Kint attempts to convince the feds that a mythic crime lord, Keyser Soze, not only exists, but was also responsible for drawing him and his four partners into a multi-million dollar heist that ended with an explosion in San Pedro harbor – leaving few survivors. Verbal lures his interrogators with an incredible story of the crime lord's almost supernatural prowess.",Stephen Baldwin Gabriel Byrne Chazz Palminteri Kevin Pollak Pete Postlethwaite,Bryan Singer,64.025031,19-07-1995,8.1
4089,Carrie,Drama Horror,"A reimagining of the classic horror tale about Carrie White, a shy girl outcast by her peers and sheltered by her deeply religious mother, who unleashes telekinetic terror on her small town after being pushed too far at her senior prom.",Chlo\u00eb Grace Moretz Julianne Moore Judy Greer Alex Russell Portia Doubleday,Kimberly Peirce,63.848541,16-10-2013,5.8
82,Saw,Horror Mystery Crime,"Obsessed with teaching his victims the value of life, a deranged, sadistic serial killer abducts the morally wayward. Once captured, they must face impossible choices in a horrific game of survival. The victims must fight to win their lives back, or die trying...",Cary Elwes Danny Glover Monica Potter Michael Emerson Ken Leung,James Wan,63.655973,01-10-2004,7.2
343,GoodFellas,Drama Crime,"The true story of Henry Hill, a half-Irish, half-Sicilian Brooklyn kid who is adopted by neighbourhood gangsters at an early age and climbs the ranks of a Mafia family under the guidance of Jimmy Conway.",Robert De Niro Ray Liotta Joe Pesci Lorraine Bracco Paul Sorvino,Martin Scorsese,63.654244,12-09-1990,8.2
3701,Seventh Son,Adventure Fantasy,"John Gregory, who is a seventh son of a seventh son and also the local spook, has protected the country from witches, boggarts, ghouls and all manner of things that go bump in the night. However John is not young anymore, and has been seeking an apprentice to carry on his trade. Most have failed to survive. The last hope is a young farmer's son named Thomas Ward. Will he survive the training to become the spook that so many others couldn't?",Jeff Bridges Julianne Moore Ben Barnes Alicia Vikander Kit Harington,Sergei Bodrov,63.628459,12-12-2014,5.2
3869,Silver Linings Playbook,Drama Comedy Romance,"After spending eight months in a mental institution, a former teacher moves back in with his parents and tries to reconcile with his ex-wife.",Bradley Cooper Jennifer Lawrence Robert De Niro Jacki Weaver Chris Tucker,David O. Russell,63.599973,08-09-2012,6.9
275,Trainspotting,Drama Crime,"Renton, deeply immersed in the Edinburgh drug scene, tries to clean up and get out, despite the allure of the drugs and influence of friends.",Ewan McGregor Ewen Bremner Jonny Lee Miller Robert Carlyle Kelly Macdonald,Danny Boyle,63.513324,23-02-1996,7.8
4358,Home,Fantasy Comedy Animation Science Fiction Family,"When Earth is taken over by the overly-confident Boov, an alien race in search of a new place to call home, all humans are promptly relocated, while all Boov get busy reorganizing the planet. But when one resourceful girl, Tip, manages to avoid capture, she finds herself the accidental accomplice of a banished Boov named Oh. The two fugitives realize there’s a lot more at stake than intergalactic relations as they embark on the road trip of a lifetime.",Jim Parsons Rihanna Steve Martin Jennifer Lopez Matt Jones,Tim Johnson,63.473086,18-03-2015,6.8
482,The Departed,Drama Thriller Crime,"To take down South Boston's Irish Mafia, the police send in one of their own to infiltrate the underworld, not realizing the syndicate has done likewise. While an undercover cop curries favor with the mob kingpin, a career criminal rises through the police ranks. But both sides soon discover there's a mole among them.",Leonardo DiCaprio Matt Damon Jack Nicholson Mark Wahlberg Martin Sheen,Martin Scorsese,63.429157,05-10-2006,7.9
3700,Warcraft,Action Adventure Fantasy,"The peaceful realm of Azeroth stands on the brink of war as its civilization faces a fearsome race of invaders: orc warriors fleeing their dying home to colonize another. As a portal opens to connect the two worlds, one army faces destruction and the other faces extinction. From opposing sides, two heroes are set on a collision course that will decide the fate of their family, their people, and their home.",Paula Patton Travis Fimmel Ben Foster Robert Kazinsky Dominic Cooper,Duncan Jones,63.148529,25-05-2016,6.3
2579,District 9,Science Fiction,"Aliens land in South Africa and, with their ship totally disabled,  have no way home. Years later, after living in a slum and wearing out their welcome the 'Non-Humans' are being moved to a new tent city overseen by Multi-National United (MNU).",Sharlto Copley Jason Cope Nathalie Boltt Sylvaine Strike Elizabeth Mkandawie,Neill Blomkamp,63.13678,05-08-2009,7.3
427,Mission: Impossible III,Adventure Action Thriller,"Retired from active duty to train new IMF agents, Ethan Hunt is called back into action to confront sadistic arms dealer, Owen Davian. Hunt must try to protect his girlfriend while working with his new team to complete the mission.",Tom Cruise Philip Seymour Hoffman Ving Rhames Billy Crudup Jonathan Rhys Meyers,J.J. Abrams,63.079003,03-05-2006,6.5
468,First Blood,Action Adventure Thriller War,"When former Green Beret John Rambo is harassed by local law enforcement and arrested for vagrancy, the Vietnam vet snaps, runs for the hills and rat-a-tat-tats his way into the action-movie hall of fame. Hounded by a relentless sheriff, Rambo employs heavy-handed guerilla tactics to shake the cops off his tail.",Sylvester Stallone Richard Crenna Brian Dennehy Bill McKinney Jack Starrett,Ted Kotcheff,63.071046,22-10-1982,7.2
4685,Nerve,Mystery Adventure Crime,"Industrious high school senior, Vee Delmonico, has had it with living life on the sidelines. When pressured by friends to join the popular online game Nerve, Vee decides to sign up for just one dare in what seems like harmless fun. But as she finds herself caught up in the thrill of the adrenaline-fueled competition partnered with a mysterious stranger, the game begins to take a sinister turn with increasingly dangerous acts, leading her into a high stakes finale that will determine her entire future.",Emma Roberts Dave Franco Emily Meade Miles Heizer Juliette Lewis,Henry Joost,62.933899,27-07-2016,7.1
743,The Game,Drama Thriller Mystery,"In honor of his birthday, San Francisco banker Nicholas Van Orton, a financial genius and a coldhearted loner, receives an unusual present from his younger brother, Conrad -- a gift certificate to play a unique kind of game. In nearly a nanosecond, Nicholas finds himself consumed by a dangerous set of ever-changing rules, unable to distinguish where the charade ends and reality begins.",Michael Douglas Sean Penn Deborah Kara Unger James Rebhorn Spike Jonze,David Fincher,62.925175,12-09-1997,7.5
566,The Incredible Hulk,Science Fiction Action Adventure,"Scientist Bruce Banner scours the planet for an antidote to the unbridled force of rage within him: the Hulk. But when the military masterminds who dream of exploiting his powers force him back to civilization, he finds himself coming face to face with a new, deadly foe.",Edward Norton Liv Tyler Tim Roth William Hurt Tim Blake Nelson,Louis Leterrier,62.898336,12-06-2008,6.1
1394,The Italian Job,Action Crime,"Charlie Croker pulled off the crime of a lifetime. The one thing that he didn't plan on was being double-crossed. Along with a drop-dead gorgeous safecracker, Croker and his team take off to re-steal the loot and end up in a pulse-pounding, pedal-to-the-metal chase that careens up, down, above and below the streets of Los Angeles.",Mark Wahlberg Charlize Theron Edward Norton Seth Green Jason Statham,F. Gary Gray,62.766854,30-05-2003,6.6
3661,21 Jump Street,Action Comedy Crime,"In high school, Schmidt was a dork and Jenko was the popular jock. After graduation, both of them joined the police force and ended up as partners riding bicycles in the city park. Since they are young and look like high school students, they are assigned to an undercover unit to infiltrate a drug ring that is supplying high school students synthetic drugs.",Channing Tatum Jonah Hill Brie Larson Dave Franco Ellie Kemper,Phil Lord,62.714026,12-03-2012,6.7
4672,Jason Bourne,Action Thriller,The most dangerous former operative of the CIA is drawn out of hiding to uncover hidden truths about his past.,Matt Damon Alicia Vikander Tommy Lee Jones Vincent Cassel Julia Stiles,Paul Greengrass,62.641286,27-07-2016,5.9
4056,Spring Breakers,Drama Crime,"After four college girls rob a restaurant to fund their spring break in Florida, they get entangled with a weird dude with his own criminal agenda.",James Franco Selena Gomez Vanessa Hudgens Ashley Benson Rachel Korine,Harmony Korine,62.554173,24-01-2013,5.0
1607,The Princess and the Frog,Romance Family Animation Music,"A waitress, desperate to fulfill her dreams as a restaurant owner, is set on a journey to turn a frog prince back into a human being, but she has to do face the same problem after she kisses him.",Anika Noni Rose Bruno Campos Keith David Michael-Leon Wooley Jennifer Cody,Ron Clements,62.479574,08-12-2009,6.7
3868,Wreck-It Ralph,Family Animation Comedy Adventure,"Wreck-It Ralph is the 9-foot-tall, 643-pound villain of an arcade video game named Fix-It Felix Jr., in which the game's titular hero fixes buildings that Ralph destroys. Wanting to prove he can be a good guy and not just a villain, Ralph escapes his game and lands in Hero's Duty, a first-person shooter where he helps the game's hero battle against alien invaders. He later enters Sugar Rush, a kart racing game set on tracks made of candies, cookies and other sweets. There, Ralph meets Vanellope von Schweetz who has learned that her game is faced with a dire threat that could affect the entire arcade, and one that Ralph may have inadvertently started.",John C. Reilly Sarah Silverman Jack McBrayer Jane Lynch Alan Tudyk,Rich Moore,62.341073,01-11-2012,7.1
1347,Prince of Persia: The Sands of Time,Adventure Fantasy Action Romance,"A rogue prince reluctantly joins forces with a mysterious princess and together, they race against dark forces to safeguard an ancient dagger capable of releasing the Sands of Time – gift from the gods that can reverse time and allow its possessor to rule the world.",Jake Gyllenhaal Gemma Arterton Ben Kingsley Alfred Molina Steve Toussaint,Mike Newell,62.169881,19-05-2010,6.2
3699,Argo,Drama Thriller,"As the Iranian revolution reaches a boiling point, a CIA 'exfiltration' specialist concocts a risky plan to free six Americans who have found shelter at the home of the Canadian ambassador.",Ben Affleck Bryan Cranston Alan Arkin John Goodman Victor Garber,Ben Affleck,62.01056,11-10-2012,7.1
4493,London Has Fallen,Action Crime Thriller,"In London for the Prime Minister's funeral, Mike Banning discovers a plot to assassinate all the attending world leaders.",Gerard Butler Aaron Eckhart Morgan Freeman Angela Bassett Melissa Leo,Babak Najafi,61.849521,02-03-2016,5.8
3850,Rise of the Guardians,Fantasy Animation Family,"When an evil spirit known as Pitch lays down the gauntlet to take over the world, the immortal Guardians must join forces for the first time to protect the hopes, beliefs and imagination of children all over the world.",Chris Pine Alec Baldwin Jude Law Isla Fisher Hugh Jackman,Peter Ramsey,61.788035,21-11-2012,7.1
4523,Straight Outta Compton,Drama Music,"In 1987, five young men, using brutally honest rhymes and hardcore beats, put their frustration and anger about life in the most dangerous place in America into the most powerful weapon they had: their music.  Taking us back to where it all began, Straight Outta Compton tells the true story of how these cultural rebels—armed only with their lyrics, swagger, bravado and raw talent—stood up to the authorities that meant to keep them down and formed the world’s most dangerous group, N.W.A.  And as they spoke the truth that no one had before and exposed life in the hood, their voice ignited a social revolution that is still reverberating today.",O'Shea Jackson Jr. Corey Hawkins Jason Mitchell Neil Brown Jr. Aldis Hodge,F. Gary Gray,61.76233,13-08-2015,7.7
4178,Hotel Transylvania 2,Animation Comedy Family,"When the old-old-old-fashioned vampire Vlad arrives at the hotel for an impromptu family get-together, Hotel Transylvania is in for a collision of supernatural old-school and modern day cool.",Adam Sandler Andy Samberg Selena Gomez Kevin James Steve Buscemi,Genndy Tartakovsky,61.692197,21-09-2015,6.7
584,50 First Dates,Comedy Romance,"Henry is a player skilled at seducing women. But when this veterinarian meets Lucy, a girl with a quirky problem when it comes to total recall, he realizes it's possible to fall in love all over again…and again, and again. That's because the delightful Lucy has no short-term memory, so Henry must woo her day after day until he finally sweeps her off her feet.",Adam Sandler Drew Barrymore Rob Schneider Sean Astin Lusia Strus,Peter Segal,61.437586,13-02-2004,6.6
4195,A Walk Among the Tombstones,Crime Drama Mystery Thriller,Private investigator Matthew Scudder is hired by a drug kingpin to find out who kidnapped and murdered his wife.,Liam Neeson Dan Stevens David Harbour Boyd Holbrook Adam David Thompson,Scott Frank,61.309619,18-09-2014,6.2
1665,The Iron Giant,Adventure Animation Family Fantasy Science Fiction,"In the small town of Rockwell, Maine in October 1957, a giant metal machine befriends a nine-year-old boy and ultimately finds its humanity by unselfishly saving people from their own fears and prejudices.",Eli Marienthal Jennifer Aniston Vin Diesel Christopher McDonald Harry Connick Jr.,Brad Bird,61.245957,06-08-1999,7.6
120,King Kong,Adventure Drama Action,"In 1933 New York, an overly ambitious movie producer coerces his cast and hired ship crew to travel to mysterious Skull Island, where they encounter Kong, a giant ape who is immediately smitten with the leading lady.",Naomi Watts Jack Black Adrien Brody Thomas Kretschmann Colin Hanks,Peter Jackson,61.22601,14-12-2005,6.6
62,Donnie Darko,Fantasy Drama Mystery,"After narrowly escaping a bizarre accident, a troubled teenager is plagued by visions of a large bunny rabbit that manipulates him to commit a series of crimes.",Jake Gyllenhaal Jena Malone Patrick Swayze Maggie Gyllenhaal Drew Barrymore,Richard Kelly,61.210016,18-01-2001,7.7
3658,The Great Gatsby,Drama Romance,"An adaptation of F. Scott Fitzgerald's Long Island-set novel, where Midwesterner Nick Carraway is lured into the lavish world of his neighbor, Jay Gatsby. Soon enough, however, Carraway will see through the cracks of Gatsby's nouveau riche existence, where obsession, madness, and tragedy await.",Leonardo DiCaprio Tobey Maguire Carey Mulligan Joel Edgerton Elizabeth Debicki,Baz Luhrmann,61.196071,10-05-2013,7.3
4491,The Theory of Everything,Drama Romance,"The Theory of Everything is the extraordinary story of one of the world’s greatest living minds, the renowned astrophysicist Stephen Hawking, who falls deeply in love with fellow Cambridge student Jane Wilde.",Eddie Redmayne Felicity Jones Charlie Cox Emily Watson Simon McBurney,James Marsh,61.182331,26-11-2014,7.8
3059,Percy Jackson & the Olympians: The Lightning Thief,Adventure Fantasy Family,"Accident prone teenager, Percy discovers he's actually a demi-God, the son of Poseidon, and he is needed when Zeus' lightning is stolen. Percy must master his new found skills in order to prevent a war between the Gods that could devastate the entire world.",Logan Lerman Brandon T. Jackson Alexandra Daddario Jake Abel Sean Bean,Chris Columbus,61.121717,01-02-2010,6.0
4108,The Expendables 3,Action Adventure Thriller,"Barney, Christmas and the rest of the team comes face-to-face with Conrad Stonebanks, who years ago co-founded The Expendables with Barney. Stonebanks subsequently became a ruthless arms trader and someone who Barney was forced to kill… or so he thought. Stonebanks, who eluded death once before, now is making it his mission to end The Expendables -- but Barney has other plans. Barney decides that he has to fight old blood with new blood, and brings in a new era of Expendables team members, recruiting individuals who are younger, faster and more tech-savvy. The latest mission becomes a clash of classic old-school style versus high-tech expertise in the Expendables’ most personal battle yet.",Sylvester Stallone Jason Statham Harrison Ford Arnold Schwarzenegger Mel Gibson,Patrick Hughes,61.025639,04-08-2014,6.1
71,Ocean's Eleven,Thriller Crime,"Less than 24 hours into his parole, charismatic thief Danny Ocean is already rolling out his next plan: In one night, Danny's hand-picked crew of specialists will attempt to steal more than $150 million from three Las Vegas casinos. But to score the cash, Danny risks his chances of reconciling with ex-wife, Tess.",George Clooney Brad Pitt Matt Damon Andy Garc\u00eda Julia Roberts,Steven Soderbergh,60.929352,07-12-2001,7.2
4697,The Shallows,Horror Drama Thriller,"An injured surfer stranded on a buoy needs to get back to shore, but the great white shark stalking her might have other ideas.",Blake Lively \u00d3scar Jaenada Angelo Josue Lozano Corzo Jos\u00e9 Manuel Trujillo Salas Brett Cullen,Jaume Collet-Serra,60.829621,24-06-2016,6.2
636,Fantastic 4: Rise of the Silver Surfer,Adventure Fantasy Action Thriller,"The Fantastic Four return to the big screen as a new and all powerful enemy threatens the Earth. The seemingly unstoppable 'Silver Surfer', but all is not what it seems and there are old and new enemies that pose a greater threat than the intrepid superheroes realize.",Ioan Gruffudd Jessica Alba Chris Evans Michael Chiklis Julian McMahon,Tim Story,60.810723,13-06-2007,5.4
672,American Pie,Comedy Romance,"At a high-school party, four friends find that losing their collective virginity isn't as easy as they had thought. But they still believe that they need to do so before college. To motivate themselves, they enter a pact to all ""score."" by their senior prom.",Jason Biggs Chris Klein Thomas Ian Nicholas Alyson Hannigan Shannon Elizabeth,Chris Weitz,60.767168,09-07-1999,6.4
58,Princess Mononoke,Adventure Fantasy Animation,"Ashitaka, a prince of the disappearing Ainu tribe, is cursed by a demonized boar god and must journey to the west to find a cure. Along the way, he encounters San, a young human woman fighting to protect the forest, and Lady Eboshi, who is trying to destroy it. Ashitaka must find a way to bring balance to this conflict.",Y\u014dji Matsuda Yuriko Ishida Y\u016bko Tanaka Kaoru Kobayashi Masahiko Nishimura,Hayao Miyazaki,60.732738,12-07-1997,8.2
93,Braveheart,Action Drama History War,"Enraged at the slaughter of Murron, his new bride and childhood love, Scottish warrior William Wallace slays a platoon of the local English lord's soldiers. This leads the village to revolt and, eventually, the entire country to rise up against English rule.",Mel Gibson Catherine McCormack Sophie Marceau Patrick McGoohan Angus Macfadyen,Mel Gibson,60.722162,24-05-1995,7.7
31,Memento,Mystery Thriller,"Suffering short-term memory loss after a head injury, Leonard Shelby embarks on a grim quest to find the lowlife who murdered his wife in this gritty, complex thriller that packs more knots than a hangman's noose. To carry out his plan, Shelby snaps Polaroids of people and places, jotting down contextual notes on the backs of photos to aid in his search and jog his memory. He even tattoos his own body in a desperate bid to remember.",Guy Pearce Carrie-Anne Moss Joe Pantoliano Mark Boone Junior Stephen Tobolowsky,Christopher Nolan,60.715151,11-10-2000,8.1
4565,The Huntsman: Winter's War,Action Adventure Drama,"As two evil sisters prepare to conquer the land, two renegades—Eric the Huntsman, who aided Snow White in defeating Ravenna in Snowwhite and the Huntsman, and his forbidden lover, Sara—set out to stop them.",Chris Hemsworth Charlize Theron Emily Blunt Jessica Chastain Nick Frost,Cedric Nicolas-Troyan,60.467984,06-04-2016,6.0
259,Independence Day,Action Adventure Science Fiction,"On July 2, a giant alien mothership enters orbit around Earth and deploys several dozen saucer-shaped 'destroyer' spacecraft that quickly lay waste to major cities around the planet. On July 3, the United States conducts a coordinated counterattack that fails. On July 4, a plan is devised to gain access to the interior of the alien mothership in space, in order to plant a nuclear missile.",Will Smith Bill Pullman Jeff Goldblum Mary McDonnell Judd Hirsch,Roland Emmerich,60.442593,25-06-1996,6.7
881,The Curious Case of Benjamin Button,Fantasy Drama Thriller Mystery Romance,"Tells the story of Benjamin Button, a man who starts aging backwards with bizarre consequences.",Cate Blanchett Brad Pitt Tilda Swinton Julia Ormond Elle Fanning,David Fincher,60.269279,24-11-2008,7.3
4440,Everest,Adventure Drama,"Inspired by the incredible events surrounding a treacherous attempt to reach the summit of the world's highest mountain, ""Everest"" documents the awe-inspiring journey of two different expeditions challenged beyond their limits by one of the fiercest snowstorms ever encountered by mankind. Their mettle tested by the harshest of elements found on the planet, the climbers will face nearly impossible obstacles as a lifelong obsession becomes a breathtaking struggle for survival.",Jason Clarke Jake Gyllenhaal Josh Brolin John Hawkes Sam Worthington,Baltasar Korm\u00e1kur,60.246978,10-09-2015,6.7
3471,In Time,Action Thriller Science Fiction,"In the not-too-distant future the aging gene has been switched off. To avoid overpopulation, time has become the currency and the way people pay for luxuries and necessities. The rich can live forever, while the rest try to negotiate for their immortality. A poor young man who comes into a fortune of time, though too late to help his mother from dying. He ends up on the run from a corrupt police force known as 'time keepers'.",Justin Timberlake Amanda Seyfried Cillian Murphy Olivia Wilde Alex Pettyfer,Andrew Niccol,60.231382,27-10-2011,6.7
4426,Annabelle,Horror,"John Form has found the perfect gift for his expectant wife, Mia - a beautiful, rare vintage doll in a pure white wedding dress. But Mia's delight with Annabelle doesn't last long. On one horrific night, their home is invaded by members of a satanic cult, who violently attack the couple. Spilled blood and terror are not all they leave behind. The cultists have conjured an entity so malevolent that nothing they did will compare to the sinister conduit to the damned that is now... Annabelle.",Annabelle Wallis Ward Horton Tony Amendola Alfre Woodard Eric Ladin,John R. Leonetti,60.225219,02-10-2014,5.6
571,The Mummy: Tomb of the Dragon Emperor,Adventure Action Fantasy,"Archaeologist Rick O'Connell travels to China, pitting him against an emperor from the 2,000-year-old Han dynasty who's returned from the dead to pursue a quest for world domination. This time, O'Connell enlists the help of his wife and son to quash the so-called 'Dragon Emperor' and his abuse of supernatural power.",Brendan Fraser Jet Li John Hannah Maria Bello Luke Ford,Rob Cohen,60.034162,01-07-2008,5.2
1603,Toy Story 3,Animation Family Comedy,"Woody, Buzz, and the rest of Andy's toys haven't been played with in years. With Andy about to go to college, the gang find themselves accidentally left at a nefarious day care center. The toys must band together to escape and return home to Andy.",Tom Hanks Tim Allen Ned Beatty Joan Cusack Michael Keaton,Lee Unkrich,59.995418,16-06-2010,7.6
189,Mary Poppins,Comedy Family Fantasy,"The movie combines a diverting story, songs, color and sequences of live action blended with the movements of animated figures. Mary Poppins is a kind of Super-nanny who flies in with her umbrella in response to the request of the Banks children and proceeds to put things right with the aid of her rather extraordinary magical powers before flying off again.",Julie Andrews Dick Van Dyke David Tomlinson Glynis Johns Hermione Baddeley,Robert Stevenson,59.961523,27-08-1964,7.4
324,GoldenEye,Adventure Action Thriller,James Bond must unmask the mysterious head of the Janus Syndicate and prevent the leader from utilizing the GoldenEye weapons system to inflict devastating revenge on Britain.,Pierce Brosnan Sean Bean Izabella Scorupco Famke Janssen Joe Don Baker,Martin Campbell,59.824565,16-11-1995,6.6
4454,Focus,Romance Comedy Crime Drama,"Nicky, a veteran con artist, takes a novice named Jess under his wing. While Nicky teaches Jess the tricks of the trade, the pair become romantically involved; but, when Jess gets uncomfortably close, Nicky ends their relationship. Three years later, Nicky is in Buenos Aires working a very dangerous scheme when Jess -- now an accomplished femme fatale -- unexpectedly shows up. Her appearance throws Nicky for a loop at a time when he cannot afford to be off his game.",Will Smith Margot Robbie Rodrigo Santoro Robert Taylor Gerald McRaney,Glenn Ficarra,59.634029,25-02-2015,6.7
4103,The Lego Movie,Adventure Animation Comedy Family Fantasy,"An ordinary Lego mini-figure, mistakenly thought to be the extraordinary MasterBuilder, is recruited to join a quest to stop an evil Lego tyrant from gluing the universe together.",Chris Pratt Will Ferrell Elizabeth Banks Will Arnett Nick Offerman,Phil Lord,59.547928,06-02-2014,7.5
4142,Dallas Buyers Club,Drama History,"Loosely based on the true-life tale of Ron Woodroof, a drug-taking, women-loving, homophobic man who in 1986 was diagnosed with HIV/AIDS and given thirty days to live.",Matthew McConaughey Jennifer Garner Jared Leto Denis O'Hare Steve Zahn,Jean-Marc Vall\u00e9e,59.454473,07-09-2013,7.9
4042,Olympus Has Fallen,Action Thriller,"When the White House (Secret Service Code: ""Olympus"") is captured by a terrorist mastermind and the President is kidnapped, disgraced former Presidential guard Mike Banning finds himself trapped within the building. As the national security team scrambles to respond, they are forced to rely on Banning's inside knowledge to help retake the White House, save the President and avert an even bigger disaster.",Gerard Butler Aaron Eckhart Angela Bassett Morgan Freeman Radha Mitchell,Antoine Fuqua,59.428223,20-03-2013,6.2
3747,G.I. Joe: Retaliation,Adventure Action Science Fiction Thriller,"Framed for crimes against the country, the G.I. Joe team is terminated by Presidential order. This forces the G.I. Joes into not only fighting their mortal enemy Cobra; they are forced to contend with threats from within the government that jeopardize their very existence.",Dwayne Johnson D.J. Cotrona Adrianne Palicki Bruce Willis Ray Park,Jon M. Chu,59.325589,26-03-2013,5.4
168,12 Angry Men,Drama,"The defense and the prosecution have rested and the jury is filing into the jury room to decide if a young Spanish-American is guilty or innocent of murdering his father. What begins as an open and shut case soon becomes a mini-drama of each of the jurors' prejudices and preconceptions about the trial, the accused, and each other.",Henry Fonda Martin Balsam John Fiedler Lee J. Cobb E.G. Marshall,Sidney Lumet,59.259204,25-03-1957,8.2
2133,Slumdog Millionaire,Drama Romance,"Jamal Malik is an impoverished Indian teen who becomes a contestant on the Hindi version of ‘Who Wants to Be a Millionaire?’ but, after he wins, he is suspected of cheating.",Dev Patel Freida Pinto Anil Kapoor Mia Drake Inderbitzin Saurabh Shukla,Danny Boyle,59.258969,12-05-2008,7.6
194,A Beautiful Mind,Drama Romance,"At Princeton University, John Nash struggles to make a worthwhile contribution to serve as his legacy to the world of mathematics. He finally makes a revolutionary breakthrough that will eventually earn him the Nobel Prize. After graduate school he turns to teaching, becoming romantically involved with his student Alicia. Meanwhile the government asks his help with breaking Soviet codes, which soon gets him involved in a terrifying conspiracy plot. Nash grows more and more paranoid until a discovery that turns his entire world upside down. Now it is only with Alicia's help that he will be able to recover his mental strength and regain his status as the great mathematician we know him as today..",Russell Crowe Ed Harris Jennifer Connelly Christopher Plummer Paul Bettany,Ron Howard,59.248437,11-12-2001,7.7
3387,Source Code,Thriller Science Fiction Mystery,"Decorated soldier Captain Colter Stevens wakes up in the body of an unknown man, discovering he's involved in a mission to find the bomber of a Chicago commuter train. He learns he's part of a top-secret experimental program that enables him to experience the final 8 minutes of another person's life. Colter re-lives the train incident over and over again, gathering more clues each time. But can he discover who is responsible for the attack before the next one happens?",Jake Gyllenhaal Michelle Monaghan Vera Farmiga Russell Peters Michael Arden,Duncan Jones,59.19888,30-03-2011,7.1
113,The Godfather: Part III,Crime Drama Thriller,"In the midst of trying to legitimize his business dealings in 1979 New York and Italy, aging mafia don, Michael Corleone seeks forgiveness for his sins while taking a young protege under his wing.",Al Pacino Diane Keaton Andy Garc\u00eda Talia Shire Sofia Coppola,Francis Ford Coppola,59.194915,24-12-1990,7.1
163,Batman Returns,Action Fantasy,"Having defeated the Joker, Batman now faces the Penguin - a warped and deformed individual who is intent on being accepted into Gotham society. Crooked businessman Max Schreck is coerced into helping him become Mayor of Gotham and they both attempt to expose Batman in a different light. Selina Kyle, Max's secretary, is thrown from the top of a building and is transformed into Catwoman - a mysterious figure who has the same personality disorder as Batman. Batman must attempt to clear his name, all the time deciding just what must be done with the Catwoman.",Michael Keaton Danny DeVito Michelle Pfeiffer Christopher Walken Michael Gough,Tim Burton,59.113174,19-06-1992,6.6
4159,Transcendence,Thriller Science Fiction Drama Mystery,"Two leading computer scientists work toward their goal of Technological Singularity,  as a radical anti-technology organization fights to prevent them from creating a world where computers can transcend the abilities of the human brain.",Johnny Depp Paul Bettany Rebecca Hall Kate Mara Morgan Freeman,Wally Pfister,58.991388,16-04-2014,5.9
329,Top Gun,Action Romance War,"For Lieutenant Pete 'Maverick' Mitchell and his friend and Co-Pilot Nick 'Goose' Bradshaw being accepted into an elite training school for fighter pilots is a dream come true.  A tragedy, as well as personal demons, threaten Pete's dreams of becoming an Ace pilot.",Tom Cruise Kelly McGillis Val Kilmer Anthony Edwards Tom Skerritt,Tony Scott,58.900647,16-05-1986,6.7
662,National Treasure,Adventure Action Thriller Mystery,"Modern treasure hunters, led by archaeologist Ben Gates, search for a chest of riches rumored to have been stashed away by George Washington, Thomas Jefferson and Benjamin Franklin during the Revolutionary War. The chest's whereabouts may lie in secret clues embedded in the Constitution and the Declaration of Independence, and Gates is in a race to find the gold before his enemies do.",Nicolas Cage Diane Kruger Justin Bartha Sean Bean Jon Voight,Jon Turteltaub,58.849256,19-11-2004,6.4
44,Taxi Driver,Crime Drama,"A mentally unstable Vietnam War veteran works as a night-time taxi driver in New York City where the perceived decadence and sleaze feeds his urge for violent action, attempting to save a preadolescent prostitute in the process.",Robert De Niro Cybill Shepherd Harvey Keitel Jodie Foster Peter Boyle,Martin Scorsese,58.845025,07-02-1976,8.0
235,Starship Troopers,Adventure Action Thriller Science Fiction,"Set in the future, the story follows a young soldier named Johnny Rico and his exploits in the Mobile Infantry. Rico's military career progresses from recruit to non-commissioned officer and finally to officer against the backdrop of an interstellar war between mankind and an arachnoid species known as ""the Bugs"".",Casper Van Dien Dina Meyer Denise Richards Jake Busey Neil Patrick Harris,Paul Verhoeven,58.782359,06-11-1997,6.7
3449,Insidious,Horror Thriller,"A family discovers that dark spirits have invaded their home after their son inexplicably falls into an endless sleep. When they reach out to a professional for help, they learn things are a lot more personal than they thought.",Patrick Wilson Rose Byrne Ty Simpkins Barbara Hershey Lin Shaye,James Wan,58.594852,13-09-2010,6.8
1909,Hellboy II: The Golden Army,Adventure Fantasy Science Fiction,"In this continuation to the adventure of the demon superhero, an evil elf breaks an ancient pact between humans and creatures, as he declares war against humanity. He is on a mission to release The Golden Army, a deadly group of fighting machines that can destroy the human race. As Hell on Earth is ready to erupt, Hellboy and his crew set out to defeat the evil prince.",Ron Perlman Selma Blair Jeffrey Tambor Doug Jones John Hurt,Guillermo del Toro,58.57976,11-07-2008,6.5
823,Beetlejuice,Fantasy Comedy,"Thanks to an untimely demise via drowning, a young couple end up as poltergeists in their New England farmhouse, where they fail to meet the challenge of scaring away the insufferable new owners, who want to make drastic changes. In desperation, the undead newlyweds turn to an expert frightmeister, but he's got a diabolical agenda of his own.",Geena Davis Alec Baldwin Winona Ryder Michael Keaton Catherine O'Hara,Tim Burton,58.553213,29-02-1988,7.1
40,Armageddon,Action Thriller Science Fiction Adventure,"When an asteroid threatens to collide with Earth, NASA honcho Dan Truman determines the only way to stop it is to drill into its surface and detonate a nuclear bomb. This leads him to renowned driller Harry Stamper, who agrees to helm the dangerous space mission provided he can bring along his own hotshot crew. Among them is the cocksure A.J. who Harry thinks isn't good enough for his daughter, until the mission proves otherwise.",Bruce Willis Billy Bob Thornton Ben Affleck Liv Tyler Will Patton,Michael Bay,58.485967,01-07-1998,6.4
3525,Underworld: Awakening,Fantasy Action Horror,"After being held in a coma-like state for fifteen years, vampire Selene learns that she has a fourteen-year-old vampire/Lycan hybrid daughter named Nissa, and when she finds her, they must stop BioCom from creating super Lycans that will kill them all.",Kate Beckinsale Stephen Rea Michael Ealy Theo James India Eisley,M\u00e5ns M\u00e5rlind,58.401204,19-01-2012,6.1
3380,The Hangover Part II,Comedy,"The Hangover crew heads to Thailand for Stu's wedding. After the disaster of a bachelor party in Las Vegas last year, Stu is playing it safe with a mellow pre-wedding brunch. However, nothing goes as planned and Bangkok is the perfect setting for another adventure with the rowdy group.",Bradley Cooper Ed Helms Zach Galifianakis Justin Bartha Ken Jeong,Todd Phillips,58.040149,25-05-2011,6.2
492,Superman Returns,Adventure Fantasy Action Science Fiction,"Superman returns to discover his 5-year absence has allowed Lex Luthor to walk free, and that those he was closest too felt abandoned and have moved on. Luthor plots his ultimate revenge that could see millions killed and change the face of the planet forever, as well as ridding himself of the Man of Steel.",Brandon Routh Kevin Spacey Kate Bosworth James Marsden Parker Posey,Bryan Singer,57.925623,28-06-2006,5.4
4605,The 5th Wave,Adventure Science Fiction,16-year-old Cassie Sullivan tries to survive in a world devastated by the waves of an alien invasion that has already decimated the population and knocked mankind back to the Stone Age.,Chlo\u00eb Grace Moretz Nick Robinson Alex Roe Maika Monroe Zackary Arthur,J Blakeson,57.889964,14-01-2016,5.6
4283,The Book Thief,Drama,"While subjected to the horrors of WWII Germany, young Liesel finds solace by stealing books and sharing them with others. Under the stairs in her home, a Jewish refuge is being sheltered by her adoptive parents.",Geoffrey Rush Sophie N\u00e9lisse Emily Watson Nico Liersch Ben Schnetzer,Brian Percival,57.84156,08-11-2013,7.4
1706,Sherlock Holmes,Action Adventure Crime Mystery,"Eccentric consulting detective, Sherlock Holmes and Doctor John Watson battle to bring down a new nemesis and unravel a deadly plot that could destroy England.",Robert Downey Jr. Jude Law Rachel McAdams Mark Strong Eddie Marsan,Guy Ritchie,57.834787,23-12-2009,7.0
4638,Creed,Drama,"The former World Heavyweight Champion Rocky Balboa serves as a trainer and mentor to Adonis Johnson, the son of his late friend and former rival Apollo Creed.",Michael B. Jordan Sylvester Stallone Graham McTavish Tessa Thompson Phylicia Rash\u0101d,Ryan Coogler,57.773583,25-11-2015,7.3
254,The Terminal,Comedy Drama,"Viktor Navorski is a man without a country; his plane took off just as a coup d'etat exploded in his homeland, leaving it in shambles, and now he's stranded at Kennedy Airport, where he's holding a passport that nobody recognizes. While quarantined in the transit lounge until authorities can figure out what to do with him, Viktor simply goes on living – and courts romance with a beautiful flight attendant.",Tom Hanks Catherine Zeta-Jones Stanley Tucci Chi McBride Diego Luna,Steven Spielberg,57.753914,17-06-2004,7.0
1088,Cast Away,Adventure Drama,"Chuck, a top international manager for FedEx, and Kelly, a Ph.D. student, are in love and heading towards marriage. Then Chuck's plane to Malaysia ditches at sea during a terrible storm. He's the only survivor, and he washes up on a tiny island with nothing but some flotsam and jetsam from the aircraft's cargo.",Tom Hanks Helen Hunt Chris Noth Paul Sanchez Lari White,Robert Zemeckis,57.739713,22-12-2000,7.5
515,Die Hard 2,Action Thriller,"John McClane is an off-duty cop gripped with a feeling of déjà vu when on a snowy Christmas Eve in the nation's capital, terrorists seize a major international airport, holding thousands of holiday travelers hostage. Renegade military commandos led by a murderous rogue officer plot to rescue a drug lord from justice and are prepared for every contingency except one: McClane's smart-mouthed heroics.",Bruce Willis Bonnie Bedelia William Atherton Reginald VelJohnson Franco Nero,Renny Harlin,57.69847,02-07-1990,6.6
3456,Dredd,Action Science Fiction,"In the future, America is a dystopian wasteland. The latest scourge is Ma-Ma, a prostitute-turned-drug pusher with a dangerous new drug and aims to take over the city. The only possibility of stopping her is an elite group of urban police called Judges, who combine the duties of judge, jury and executioner to deliver a brutal brand of swift justice. But even the top-ranking Judge, Dredd, discovers that taking down Ma-Ma isn’t as easy as it seems in this explosive adaptation of the hugely popular comic series.",Karl Urban Olivia Thirlby Lena Headey Wood Harris Jason Cope,Pete Travis,57.673932,07-09-2012,6.6
4651,The Big Short,Comedy Drama,The men who made millions from a global economic meltdown.,Christian Bale Steve Carell Ryan Gosling Brad Pitt Melissa Leo,Adam McKay,57.518472,11-12-2015,7.3
374,Moulin Rouge!,Drama Music Romance,"A celebration of love and creative inspiration takes place in the infamous, gaudy and glamorous Parisian nightclub, at the cusp of the 20th century. A young poet, who is plunged into the heady world of Moulin Rouge, begins a passionate affair with the club's most notorious and beautiful star.",Nicole Kidman Ewan McGregor John Leguizamo Jim Broadbent Richard Roxburgh,Baz Luhrmann,57.374341,09-03-2001,7.4
2686,Zombieland,Comedy Horror,"Columbus has made a habit of running from what scares him. Tallahassee doesn't have fears. If he did, he'd kick their ever-living ass. In a world overrun by zombies, these two are perfectly evolved survivors. But now, they're about to stare down the most terrifying prospect of all: each other.",Jesse Eisenberg Woody Harrelson Emma Stone Abigail Breslin Amber Heard,Ruben Fleischer,57.300674,07-10-2009,7.2
226,There's Something About Mary,Romance Comedy,"Having never fully recovered from a prom date that became a total disaster, a man finally gets a chance to reunite with his old prom date, only to run up against other suitors including the sleazy detective he hired to find her.",Cameron Diaz Ben Stiller Matt Dillon Lee Evans Chris Elliott,Bobby Farrelly,57.110486,15-07-1998,6.5
3780,Jack Reacher,Crime Drama Thriller,"In an innocent heartland city, five are shot dead by an expert sniper. The police quickly identify and arrest the culprit, and build a slam-dunk case. But the accused man claims he's innocent and says ""Get Jack Reacher."" Reacher himself sees the news report and turns up in the city. The defense is immensely relieved, but Reacher has come to bury the guy. Shocked at the accused's request, Reacher sets out to confirm for himself the absolute certainty of the man's guilt, but comes up with more than he bargained for.",Tom Cruise Rosamund Pike Richard Jenkins David Oyelowo Werner Herzog,Christopher McQuarrie,56.868399,20-12-2012,6.3
641,Lara Croft Tomb Raider: The Cradle of Life,Action Adventure Fantasy Thriller,"Lara Croft ventures to an underwater temple in search of the mythological Pandora's Box but, after securing it, it is promptly stolen by the villainous leader of a Chinese crime syndicate. Lara must recover the box before the syndicate's evil mastermind uses it to construct a weapon of catastrophic capabilities.",Angelina Jolie Gerard Butler Noah Taylor Djimon Hounsou Til Schweiger,Jan de Bont,56.811056,21-07-2003,5.5
4573,Dirty Grandpa,Comedy,"Jason Kelly is one week away from marrying his boss's uber-controlling daughter, putting him on the fast track for a partnership at the law firm. However, when the straight-laced Jason is tricked into driving his foul-mouthed grandfather, Dick, to Daytona for spring break, his pending nuptials are suddenly in jeopardy. Between riotous frat parties, bar fights, and an epic night of karaoke, Dick is on a quest to live his life to the fullest and bring Jason along for the ride.",Zac Efron Robert De Niro Julianne Hough Aubrey Plaza Dermot Mulroney,Dan Mazer,56.805781,21-01-2016,5.7
297,Oldboy,Drama Thriller Mystery Action,"With no clue how he came to be imprisoned, drugged and tortured for 15 years, a desperate businessman seeks revenge on his captors.",Choi Min-sik Yoo Ji-tae Kang Hye-jung Kim Byeong-ok Oh Dal-su,Park Chan-wook,56.76349,01-01-2003,8.0
1173,Hancock,Fantasy Action,"Hancock is a down-and-out superhero who's forced to employ a PR expert to help repair his image when the public grows weary of all the damage he's inflicted during his lifesaving heroics. The agent's idea of imprisoning the antihero to make the world miss him proves successful, but will Hancock stick to his new sense of purpose or slip back into old habits?",Will Smith Charlize Theron Jason Bateman Jae Head Eddie Marsan,Peter Berg,56.758411,01-07-2008,6.2
4117,Kung Fu Panda 3,Action Adventure Animation Comedy Family,"Continuing his ""legendary adventures of awesomeness"", Po must face two hugely epic, but different threats: one supernatural and the other a little closer to his home.",Jack Black Bryan Cranston Dustin Hoffman Angelina Jolie J.K. Simmons,Jennifer Yuh Nelson,56.747978,23-01-2016,6.7
3696,Pacific Rim,Action Science Fiction Adventure,"When legions of monstrous creatures, known as Kaiju, started rising from the sea, a war began that would take millions of lives and consume humanity's resources for years on end. To combat the giant Kaiju, a special type of weapon was devised: massive robots, called Jaegers, which are controlled simultaneously by two pilots whose minds are locked in a neural bridge. But even the Jaegers are proving nearly defenseless in the face of the relentless Kaiju. On the verge of defeat, the forces defending mankind have no choice but to turn to two unlikely heroes—a washed-up former pilot (Charlie Hunnam) and an untested trainee (Rinko Kikuchi)—who are teamed to drive a legendary but seemingly obsolete Jaeger from the past. Together, they stand as mankind's last hope against the mounting apocalypse.",Idris Elba Charlie Hunnam Charlie Day Ron Perlman Burn Gorman,Guillermo del Toro,56.523205,11-07-2013,6.7
3151,The Truman Show,Comedy Drama,"Truman Burbank is the star of ""The Truman Show"", a 24-hour-a-day ""reality"" TV show that broadcasts every aspect of his life -- live and in color -- without his knowledge. His entire life has been an unending soap opera for consumption by the rest of the world. And everyone he knows -- including his wife and his best friend -- is really an actor, paid to be part of his life.",Jim Carrey Laura Linney Noah Emmerich Natascha McElhone Ed Harris,Peter Weir,56.488027,04-06-1998,7.8
16,Eternal Sunshine of the Spotless Mind,Science Fiction Drama Romance,"Joel Barish, heartbroken that his girlfriend underwent a procedure to erase him from her memory, decides to do the same. However, as he watches his memories of her fade away, he realises that he still loves her, and may be too late to correct his mistake.",Jim Carrey Kate Winslet Kirsten Dunst Mark Ruffalo Elijah Wood,Michel Gondry,56.481487,19-03-2004,7.9
4397,Ouija,Horror,A group of friends must confront their most terrifying fears when they awaken the dark powers of an ancient spirit board.,Olivia Cooke Ana Coto Daren Kagasoff Bianca A. Santos Douglas Smith,Stiles White,56.30466,24-10-2014,4.9
4390,Alice Through the Looking Glass,Fantasy,"In the sequel to Tim Burton's ""Alice in Wonderland"", Alice Kingsleigh returns to Underland and faces a new adventure in saving the Mad Hatter.",Johnny Depp Mia Wasikowska Anne Hathaway Helena Bonham Carter Alan Rickman,James Bobin,56.268916,25-05-2016,6.5
3793,Hotel Transylvania,Animation Comedy Family Fantasy,"Dracula, who operates a high-end resort away from the human world, goes into overprotective mode when a boy discovers the resort and falls for the count's teen-aged daughter.",Adam Sandler Steve Buscemi David Spade Kevin James Selena Gomez,Genndy Tartakovsky,56.257411,20-09-2012,6.8
4289,Gods of Egypt,Fantasy,A common thief joins a mythical god on a quest through Egypt.,Brenton Thwaites Nikolaj Coster-Waldau Gerard Butler Courtney Eaton Elodie Yung,Alex Proyas,56.257249,25-02-2016,5.3
258,E.T. the Extra-Terrestrial,Science Fiction Adventure Family Fantasy,"After a gentle alien becomes stranded on Earth, the being is discovered and befriended by a young boy named Elliott. Bringing the extraterrestrial into his suburban California house, Elliott introduces E.T., as the alien is dubbed, to his brother and his little sister, Gertie, and the children decide to keep its existence a secret. Soon, however, E.T. falls ill, resulting in government intervention and a dire situation for both Elliott and the alien.",Henry Thomas Drew Barrymore Robert MacNaughton Dee Wallace Peter Coyote,Steven Spielberg,56.105798,03-04-1982,7.3
4001,The World's End,Comedy Action Science Fiction,Five friends who reunite in an attempt to top their epic pub crawl from 20 years earlier unwittingly become humankind's only hope for survival.,Simon Pegg Nick Frost Martin Freeman Eddie Marsan Paddy Considine,Edgar Wright,55.964605,18-07-2013,6.7
1980,Lilo & Stitch,Animation Family,"A lonely Hawaiian girl named Lilo is being raised by her older sister, Nani, after their parents die -- under the watch of social worker Cobra Bubbles. When Lilo adopts a funny-looking dog and names him ""Stitch,"" she doesn't realize her new best friend is a wacky alien created by mad scientist Dr. Jumba.",Chris Sanders Daveigh Chase Tia Carrere David Ogden Stiers Kevin McDonald,Chris Sanders,55.659988,21-06-2002,7.1
99,Dead Poets Society,Drama,"At an elite, old-fashioned boarding school in New England, a passionate English teacher inspires his students to rebel against convention and seize the potential of every day, courting the disdain of the stern headmaster.",Robin Williams Ethan Hawke Robert Sean Leonard Gale Hansen Josh Charles,Peter Weir,55.458584,02-06-1989,8.1
4515,Sicario,Action Crime Drama Mystery Thriller,"A young female FBI agent joins a secret CIA operation to take down a Mexican cartel boss, a job that ends up pushing her ethical and moral values to the limit.",Emily Blunt Benicio del Toro Josh Brolin Victor Garber Jon Bernthal,Denis Villeneuve,55.424027,17-09-2015,7.2
308,Contact,Drama Science Fiction Mystery,"Contact is a science fiction film about an encounter with alien intelligence. Based on the novel by Carl Sagan the film starred Jodie Foster as the one chosen scientist who must make some difficult decisions between her beliefs, the truth, and reality.",Jodie Foster Matthew McConaughey James Woods John Hurt Tom Skerritt,Robert Zemeckis,55.249434,11-07-1997,7.2
1861,The Notebook,Romance Drama,"An epic love story centered around an older man who reads aloud to a woman with Alzheimer's. From a faded notebook, the old man's words bring to life the story about a couple who is separated by World War II, and is then passionately reunited, seven years later, after they have taken different paths.",Rachel McAdams Ryan Gosling Gena Rowlands James Garner Sam Shepard,Nick Cassavetes,55.109138,25-06-2004,7.7
426,Mission: Impossible II,Adventure Action Thriller,"With computer genius Luther Stickell at his side and a beautiful thief on his mind, agent Ethan Hunt races across Australia and Spain to stop a former IMF agent from unleashing a genetically engineered biological weapon called Chimera. This mission, should Hunt choose to accept it, plunges him into the center of an international crisis of terrifying magnitude.",Tom Cruise Dougray Scott Thandie Newton Ving Rhames Richard Roxburgh,John Woo,54.931334,24-05-2000,5.9
916,The Fugitive,Adventure Action Thriller Crime Mystery,"Wrongfully accused of murdering his wife, Richard Kimble escapes from the law in an attempt to find her killer and clear his name. Pursuing him is a team of U.S. marshals led by Deputy Samuel Gerard, a determined detective who will not rest until Richard is captured. As Richard leads the team through a series of intricate chases, he discovers the secrets behind his wife's death and struggles to expose the killer before it is too late.",Harrison Ford Tommy Lee Jones Sela Ward Julianne Moore Joe Pantoliano,Andrew Davis,54.884297,06-08-1993,7.2
4099,Need for Speed,Action Crime Drama Thriller,"The film revolves around a local street-racer who partners with a rich and arrogant business associate, only to find himself framed by his colleague and sent to prison. After he gets out, he joins a New York-to-Los Angeles race to get revenge. But when the ex-partner learns of the scheme, he puts a massive bounty on the racer's head, forcing him to run a cross-country gauntlet of illegal racers in all manner of supercharged vehicles.",Aaron Paul Dominic Cooper Imogen Poots Rami Malek Ram\u00f3n Rodr\u00edguez,Scott Waugh,54.81489,13-03-2014,6.1
886,10 Things I Hate About You,Comedy Romance Drama,"Bianca, a tenth grader, has never gone on a date, but she isn't allowed to go out with boys until her older sister Kat gets a boyfriend. The problem is, Kat rubs nearly everyone the wrong way. But Bianca and the guy she has her eye on, Joey, are eager, so Joey fixes Kat up with Patrick, a new kid in town just bitter enough for Kat.",Heath Ledger Julia Stiles Joseph Gordon-Levitt Larisa Oleynik David Krumholtz,Gil Junger,54.550275,30-03-1999,7.3
4170,The Purge,Science Fiction Horror Thriller,"Given the country's overcrowded prisons, the U.S. government begins to allow 12-hour periods of time in which all illegal activity is legal. During one of these free-for-alls, a family must protect themselves from a home invasion.",Lena Headey Ethan Hawke Max Burkholder Adelaide Kane Rhys Wakefield,James DeMonaco,54.403033,31-05-2013,6.0
3136,Die Another Day,Adventure Action Thriller,"Bond takes on a North Korean leader who undergoes DNA replacement procedures that allow him to assume different identities. American agent, Jinx Johnson assists Bond in his attempt to thwart the villain's plans to exploit a satellite that is powered by solar energy.",Pierce Brosnan Halle Berry Rosamund Pike Rick Yune Toby Stephens,Lee Tamahori,54.159392,17-11-2002,5.8
3381,The King's Speech,Drama History,"The King's Speech tells the story of the man who became King George VI, the father of Queen Elizabeth II. After his brother abdicates, George ('Bertie') reluctantly assumes the throne. Plagued by a dreaded stutter and considered unfit to be king, Bertie engages the help of an unorthodox speech therapist named Lionel Logue. Through a set of unexpected techniques, and as a result of an unlikely friendship, Bertie is able to find his voice and boldly lead the country into war.",Colin Firth Geoffrey Rush Helena Bonham Carter Guy Pearce Timothy Spall,Tom Hooper,54.053576,06-09-2010,7.6
602,Star Wars: Episode I - The Phantom Menace,Adventure Action Science Fiction,"Anakin Skywalker, a young slave strong with the Force, is discovered on Tatooine. Meanwhile, the evil Sith have returned, enacting their plot for revenge against the Jedi.",Liam Neeson Ewan McGregor Natalie Portman Jake Lloyd Ian McDiarmid,George Lucas,54.035265,19-05-1999,6.3
725,The Chronicles of Narnia: Prince Caspian,Adventure Family Fantasy,"One year after their incredible adventures in the Lion, the Witch and the Wardrobe, Peter, Edmund, Lucy and Susan Pevensie return to Narnia to aid a young prince whose life has been threatened by the evil King Miraz. Now, with the help of a colorful cast of new characters, including Trufflehunter the badger and Nikabrik the dwarf, the Pevensie clan embarks on an incredible quest to ensure that Narnia is returned to its rightful heir.",Ben Barnes William Moseley Anna Popplewell Skandar Keynes Georgie Henley,Andrew Adamson,53.978602,15-05-2008,6.3
54,Charlie and the Chocolate Factory,Adventure Comedy Family Fantasy,"A young boy wins a tour through the most magnificent chocolate factory in the world, led by the world's most unusual candy maker.",Johnny Depp Freddie Highmore David Kelly AnnaSophia Robb Julia Winter,Tim Burton,53.905592,13-07-2005,6.7
4346,The Giver,Drama Science Fiction,"In a seemingly perfect community, without war, pain, suffering, differences or choice, a young boy is chosen to learn from an elderly man about the true pain and pleasure of the ""real"" world.",Jeff Bridges Meryl Streep Brenton Thwaites Odeya Rush Alexander Skarsg\u00e5rd,Phillip Noyce,53.811461,11-08-2014,6.4
3785,The Expendables 2,Action Adventure Thriller,"Mr. Church reunites the Expendables for what should be an easy paycheck, but when one of their men is murdered on the job, their quest for revenge puts them deep in enemy territory and up against an unexpected threat.",Sylvester Stallone Jason Statham Dolph Lundgren Bruce Willis Arnold Schwarzenegger,Simon West,53.732892,08-08-2012,6.1
4648,The Purge: Election Year,Action Horror Thriller,"Two years after choosing not to kill the man who killed his son, former police sergeant Leo Barnes has become head of security for Senator Charlene Roan, the front runner in the next Presidential election due to her vow to eliminate the Purge. On the night of what should be the final Purge, a betrayal from within the government forces Barnes and Roan out onto the street where they must fight to survive the night.",Elizabeth Mitchell Frank Grillo Mykelti Williamson Edwin Hodge Raymond J. Barry,James DeMonaco,53.727146,29-06-2016,6.1
4700,10 Cloverfield Lane,Thriller Science Fiction Drama,"After a car accident, Michelle awakens to find herself in a mysterious bunker with two men named Howard and Emmett. Howard offers her a pair of crutches to help her remain mobile with her leg injury sustained from the car crash and tells her to ""get good on those"" before leaving the bunker. She has been given the information that there has been an alien attack and the outside world is poisoned. However, Howard and Emmett's intentions soon become questionable and Michelle is faced with a question: Is it better in here or out there?",Mary Elizabeth Winstead John Goodman John Gallagher Jr. Bradley Cooper Douglas M. Griffin,Dan Trachtenberg,53.698683,10-03-2016,6.8
4144,Her,Romance Science Fiction Drama,"In the not so distant future, Theodore, a lonely writer purchases a newly developed operating system designed to meet the user's every needs. To Theordore's surprise, a romantic relationship develops between him and his operating system. This unconventional love story blends science fiction and romance in a sweet tale that explores the nature of love and the ways that technology isolates and connects us all.",Joaquin Phoenix Scarlett Johansson Rooney Mara Amy Adams Olivia Wilde,Spike Jonze,53.682367,18-12-2013,7.9
4659,Steve Jobs,Drama History,"Set backstage at three iconic product launches and ending in 1998 with the unveiling of the iMac, Steve Jobs takes us behind the scenes of the digital revolution to paint an intimate portrait of the brilliant man at its epicenter.",Michael Fassbender Kate Winslet Seth Rogen Katherine Waterston Jeff Daniels,Danny Boyle,53.670525,09-10-2015,6.8
990,No Country for Old Men,Crime Drama Thriller,"Llewelyn Moss stumbles upon dead bodies, $2 million and a hoard of heroin in a Texas desert, but methodical killer Anton Chigurh comes looking for it, with local sheriff Ed Tom Bell hot on his trail. The roles of prey and predator blur as the violent pursuit of money and justice collide.",Tommy Lee Jones Javier Bardem Josh Brolin Woody Harrelson Kelly Macdonald,Joel Coen,53.645267,08-11-2007,7.7
48,Snatch,Thriller Crime,"The second film from British director Guy Ritchie. Snatch tells an obscure story similar to his first fast-paced crazy character-colliding filled film “Lock, Stock and Two Smoking Barrels.” There are two overlapping stories here – one is the search for a stolen diamond, and the other about a boxing promoter who’s having trouble with a psychotic gangster.",Jason Statham Brad Pitt Vinnie Jones Dennis Farina Benicio del Toro,Guy Ritchie,53.595686,01-09-2000,7.7
729,The Bourne Supremacy,Action Drama Thriller,"When a CIA operation to purchase classified Russian documents is blown by a rival agent, who then shows up in the sleepy seaside village where Bourne and Marie have been living. The pair run for their lives and Bourne, who promised retaliation should anyone from his former life attempt contact, is forced to once again take up his life as a trained assassin to survive.",Matt Damon Franka Potente Brian Cox Julia Stiles Karl Urban,Paul Greengrass,53.213931,23-07-2004,7.2
4591,Me Before You,Drama Romance,"A small town girl is caught between dead-end jobs. A high-profile, successful man becomes wheelchair bound following an accident. The man decides his life is not worth living until the girl is hired for six months to be his new caretaker. Worlds apart and trapped together by circumstance, the two get off to a rocky start. But the girl becomes determined to prove to the man that life is worth living and as they embark on a series of adventures together, each finds their world changing in ways neither of them could begin to imagine.",Emilia Clarke Sam Claflin Janet McTeer Charles Dance Brendan Coyle,Thea Sharrock,53.161905,02-06-2016,7.6
4464,The Intern,Comedy,"70-year-old widower Ben Whittaker has discovered that retirement isn't all it's cracked up to be. Seizing an opportunity to get back in the game, he becomes a senior intern at an online fashion site, founded and run by Jules Ostin.",Robert De Niro Anne Hathaway Rene Russo Anders Holm JoJo Kushner,Nancy Meyers,53.114573,24-09-2015,7.1
3926,Journey to the Center of the Earth,Action Science Fiction Adventure Comedy Family,"On a quest to find out what happened to his missing brother, a scientist, his nephew and their mountain guide discover a fantastic and dangerous lost world in the center of the earth.",Brendan Fraser Josh Hutcherson Anita Briem Seth Meyers Jean Michel Par\u00e9,Eric Brevig,53.090422,10-07-2008,5.8
861,Panic Room,Crime Drama Thriller,"Trapped in their New York brownstone's panic room, a hidden chamber built as a sanctuary in the event of break-ins, newly divorced Meg Altman and her young daughter Sarah play a deadly game of cat-and-mouse with three intruders - Burnham, Raoul and Junior - during a brutal home invasion. But the room itself is the focal point because what the intruders really want is inside it.",Jodie Foster Kristen Stewart Forest Whitaker Dwight Yoakam Jared Leto,David Fincher,53.043124,29-03-2002,6.5
3612,Hansel & Gretel: Witch Hunters,Fantasy Horror Action,"After getting a taste for blood as children, Hansel and Gretel have become the ultimate vigilantes, hell-bent on retribution. Now, unbeknownst to them, Hansel and Gretel have become the hunted, and must face an evil far greater than witches... their past.",Jeremy Renner Gemma Arterton Famke Janssen Pihla Viitala Derek Mears,Tommy Wirkola,53.02787,17-01-2013,5.7
1407,Gone in Sixty Seconds,Action Crime Thriller,"Upon learning that he has to come out of retirement to steal 50 cars in one night to save his brother Kip's life, former car thief Randall ""Memphis"" Raines enlists help from a few ""boost happy"" pals to accomplish a seemingly impossible feat. From countless car chases to relentless cops, the high-octane excitement builds as Randall swerves around more than a few roadblocks to keep Kip alive.",Nicolas Cage Angelina Jolie Giovanni Ribisi Delroy Lindo Will Patton,Dominic Sena,52.995628,09-06-2000,6.1
471,Blood Diamond,Drama Thriller Action,"An ex-mercenary turned smuggler. A Mende fisherman. Amid the explosive civil war overtaking 1999 Sierra Leone, these men join for two desperate missions: recovering a rare pink diamond of immense value and rescuing the fisherman's son conscripted as a child soldier into the brutal rebel forces ripping a swath of torture and bloodshed countrywide.",Leonardo DiCaprio Djimon Hounsou Jennifer Connelly Kagiso Kuypers Arnold Vosloo,Edward Zwick,52.792678,07-12-2006,7.3
4008,Captain Phillips,Action Drama Thriller,"The true story of Captain Richard Phillips and the 2009 hijacking by Somali pirates of the US-flagged MV Maersk Alabama, the first American cargo ship to be hijacked in two hundred years.",Tom Hanks Catherine Keener Max Martini Chris Mulkey Yul Vazquez,Paul Greengrass,52.786917,10-10-2013,7.6
61,Groundhog Day,Romance Fantasy Drama Comedy,"A narcissistic TV weatherman, along with his attractive-but-distant producer and mawkish cameraman, is sent to report on Groundhog Day in the small town of Punxsutawney, where he finds himself repeating the same day over and over.",Bill Murray Andie MacDowell Chris Elliott Stephen Tobolowsky Brian Doyle-Murray,Harold Ramis,52.744331,11-02-1993,7.4
440,The Thing,Horror Mystery Science Fiction,Scientists in the Antarctic are confronted by a shape-shifting alien that assumes the appearance of the people that it kills.,Kurt Russell Keith David Wilford Brimley Donald Moffat Richard Dysart,John Carpenter,52.731379,25-06-1982,7.8
4521,The Last Witch Hunter,Fantasy Action Adventure,"The modern world holds many secrets, but by far the most astounding is that witches still live among us; vicious supernatural creatures intent on unleashing the Black Death upon the world and putting an end to the human race once and for all. Armies of witch hunters have battled this unnatural enemy for centuries, including Kaulder, a valiant warrior who many years ago slayed the all-powerful Witch Queen, decimating her followers in the process. In the moments right before her death, the Queen cursed Kaulder with immortality, forever separating him from his beloved wife and daughter. Today, Kaulder is the last living hunter who has spent his immortal life tracking down rogue witches, all the while yearning for his long-lost family.",Vin Diesel Rose Leslie Elijah Wood \u00d3lafur Darri \u00d3lafsson Rena Owen,Breck Eisner,52.612025,21-10-2015,5.7
2549,17 Again,Comedy,"On the brink of a midlife crisis, 30-something Mike O'Donnell wishes he could have a ""do-over."" And that's exactly what he gets when he wakes up one morning to find he's 17 years old again. With his adult mind stuck inside the body of a teenager, Mike actually has the chance to reverse some decisions he wishes he'd never made. But maybe they weren't so bad after all.",Zac Efron Leslie Mann Matthew Perry Tyler Steelman Allison Miller,Burr Steers,52.571674,11-03-2009,6.1
3344,127 Hours,Adventure Drama Thriller,The true story of mountain climber Aron Ralston's remarkable adventure to save himself after a fallen boulder crashes on his arm and traps him in an isolated canyon in Utah.,James Franco Kate Mara Amber Tamblyn Cl\u00e9mence Po\u00e9sy Lizzy Caplan,Danny Boyle,52.464877,05-11-2010,7.0
379,Close Encounters of the Third Kind,Science Fiction Drama,"After an encounter with UFOs, a line worker feels undeniably drawn to an isolated area in the wilderness where something spectacular is about to happen.",Richard Dreyfuss Fran\u00e7ois Truffaut Teri Garr Melinda Dillon Bob Balaban,Steven Spielberg,52.456505,16-11-1977,7.2
4311,Mortdecai,Comedy Adventure,"Art dealer, Charles Mortdecai, searches for a stolen painting rumored to contain a secret code that gains access to hidden Nazi gold.",Johnny Depp Gwyneth Paltrow Ewan McGregor Paul Bettany Olivia Munn,David Koepp,52.417529,21-01-2015,5.4
4240,22 Jump Street,Crime Comedy Action,"After making their way through high school (twice), big changes are in store for officers Schmidt and Jenko when they go deep undercover at a local college. But when Jenko meets a kindred spirit on the football team, and Schmidt infiltrates the bohemian art major scene, they begin to question their partnership. Now they don't have to just crack the case - they have to figure out if they can have a mature relationship. If these two overgrown adolescents can grow from freshmen into real men, college might be the best thing that ever happened to them.",Jonah Hill Channing Tatum Dave Franco Ice Cube Nick Offerman,Phil Lord,52.380982,05-06-2014,7.0
270,The Last Samurai,Drama Action War History,"Nathan Algren is an American hired to instruct the Japanese army in the ways of modern warfare, which finds him learning to respect the samurai and the honorable principles that rule them. Pressed to destroy the samurai's way of life in the name of modernization and open trade, Algren decides to become an ultimate warrior himself and to fight for their right to exist.",Tom Cruise Ken Watanabe William Atherton Chad Lindberg Billy Connolly,Edward Zwick,52.341226,05-12-2003,7.3
654,Training Day,Action Crime Drama Thriller,"On his first day on the job as a narcotics officer, a rookie cop works with a rogue detective who isn't what he appears.",Denzel Washington Ethan Hawke Scott Glenn Tom Berenger Harris Yulin,Antoine Fuqua,52.081131,05-10-2001,7.3
3272,Men in Black 3,Action Comedy Science Fiction,"Agents J (Will Smith) and K (Tommy Lee Jones) are back...in time. J has seen some inexplicable things in his 15 years with the Men in Black, but nothing, not even aliens, perplexes him as much as his wry, reticent partner. But when K's life and the fate of the planet are put at stake, Agent J will have to travel back in time to put things right. J discovers that there are secrets to the universe that K never told him - secrets that will reveal themselves as he teams up with the young Agent K (Josh Brolin) to save his partner, the agency, and the future of humankind.",Will Smith Tommy Lee Jones Josh Brolin Michael Stuhlbarg Emma Thompson,Barry Sonnenfeld,52.035179,23-05-2012,6.2
623,Zodiac,Crime Drama Mystery Thriller,"The true story of the investigation of 'The Zodiac Killer',  a serial killer who terrified the San Francisco Bay Area, taunting police with his ciphers and letters. The case becomes an obsession for four men as their lives and careers are built and destroyed by the endless trail of clues.",Jake Gyllenhaal Robert Downey Jr. Mark Ruffalo Anthony Edwards Brian Cox,David Fincher,51.970905,02-03-2007,7.3
2137,Underworld: Rise of the Lycans,Fantasy Action Adventure Science Fiction Thriller,"A prequel to the first two Underworld films, this fantasy explains the origins of the feud between the Vampires and the Lycans. Aided by his secret love, Sonja, courageous Lucian leads the Lycans in battle against brutal Vampire king Viktor. Determined to break the king's enslavement of his people, Lucian faces off against the Death Dealer army in a bid for Lycan independence.",Bill Nighy Michael Sheen Rhona Mitra Shane Brolly Steven Mackintosh,Patrick Tatopoulos,51.927471,22-01-2009,6.2
3596,Warrior,Action Drama,"The inspirational story of an estranged family that finds redemption in the unlikeliest of places…the MMA ring. Tommy Riordan (Tom Hardy), an ex-marine with a tragic past, returns home and enlists his father (Nick Nolte), a recovering alcoholic and former wrestling coach, to train him for “Sparta”, the biggest MMA tournament ever held. But when Tommy’s underdog brother, Brendan (Joel Edgerton), fights his way into the tournament, the two brothers must finally confront each other and the forces that pulled them apart. What ensues is the most gut-wrenching, soul-stirring, and unforgettable battle of their lives.",Tom Hardy Jennifer Morrison Nick Nolte Joel Edgerton Frank Grillo,Gavin O'Connor,51.915025,09-09-2011,7.7
514,Die Hard: With a Vengeance,Action Thriller,"New York detective John McClane is back and kicking bad-guy butt in the third installment of this action-packed series, which finds him teaming with civilian Zeus Carver to prevent the loss of innocent lives. McClane thought he'd seen it all, until a genius named Simon engages McClane, his new ""partner"" -- and his beloved city -- in a deadly game that demands their concentration.",Bruce Willis Jeremy Irons Samuel L. Jackson Graham Greene Colleen Camp,John McTiernan,51.881077,19-05-1995,6.9
3369,Green Lantern,Adventure Action Thriller Science Fiction,"For centuries, a small but powerful force of warriors called the Green Lantern Corps has sworn to keep intergalactic order. Each Green Lantern wears a ring that grants him superpowers. But when a new enemy called Parallax threatens to destroy the balance of power in the Universe, their fate and the fate of Earth lie in the hands of the first human ever recruited.",Ryan Reynolds Blake Lively Peter Sarsgaard Tim Robbins Mark Strong,Martin Campbell,51.872839,16-06-2011,5.1
1014,The Hitchhiker's Guide to the Galaxy,Adventure Comedy Family Science Fiction,"Mere seconds before the Earth is to be demolished by an alien construction crew, Arthur Dent is swept off the planet by his friend Ford Prefect, a researcher penning a new edition of ""The Hitchhiker's Guide to the Galaxy.""",Martin Freeman Zooey Deschanel Sam Rockwell Yasiin Bey John Malkovich,Garth Jennings,51.742065,15-01-2005,6.6
3994,The Good Dinosaur,Adventure Animation Family,An epic journey into the world of dinosaurs where an Apatosaurus named Arlo makes an unlikely human friend.,Raymond Ochoa Jack Bright Jeffrey Wright Frances McDormand Maleah Nipay-Padilla,Peter Sohn,51.692953,14-11-2015,6.6
1811,Atlantis: The Lost Empire,Animation Family Adventure Science Fiction,"The world's most highly qualified crew of archaeologists and explorers is led by historian Milo Thatch as they board the incredible 1,000-foot submarine Ulysses and head deep into the mysteries of the sea.",Michael J. Fox Corey Burton Claudia Christian James Garner John Mahoney,Gary Trousdale,51.548589,02-06-2001,6.7
4572,Now You See Me 2,Action Adventure Comedy Crime Mystery,"One year after outwitting the FBI and winning the public’s adulation with their mind-bending spectacles, the Four Horsemen resurface only to find themselves face to face with a new enemy who enlists them to pull off their most dangerous heist yet.",Jesse Eisenberg Woody Harrelson Mark Ruffalo Dave Franco Morgan Freeman,Jon M. Chu,51.535701,02-06-2016,6.7
461,Sunshine,Science Fiction Thriller,"Fifty years into the future, the sun is dying, and Earth is threatened by arctic temperatures. A team of astronauts is sent to revive the Sun — but the mission fails. Seven years later, a new team is sent to finish the mission as mankind’s last hope.",Cillian Murphy Rose Byrne Chris Evans Michelle Yeoh Cliff Curtis,Danny Boyle,51.502884,05-04-2007,7.0
1459,The Rock,Action Adventure Thriller,"A group of renegade marine commandos seizes a stockpile of chemical weapons and takes over Alcatraz, with 81 tourists as hostages. Their leader demands $100 million to be paid, as restitution to families of Marines who died in covert ops – or he will launch 15 rockets carrying deadly VX gas into the San Francisco Bay area.",Sean Connery Nicolas Cage Ed Harris John Spencer David Morse,Michael Bay,51.469576,06-06-1996,6.9
3920,Life of Pi,Adventure Drama Action,"The story of an Indian boy named Pi, a zookeeper's son who finds himself in the company of a hyena, zebra, orangutan, and a Bengal tiger after a shipwreck sets them adrift in the Pacific Ocean.",Suraj Sharma Irrfan Khan Ayush Tandon Gautam Belur Adil Hussain,Ang Lee,51.328145,20-11-2012,7.2
3460,Kung Fu Panda 2,Animation Family,"Po is now living his dream as The Dragon Warrior, protecting the Valley of Peace alongside his friends and fellow kung fu masters, The Furious Five - Tigress, Crane, Mantis, Viper and Monkey. But Po’s new life of awesomeness is threatened by the emergence of a formidable villain, who plans to use a secret, unstoppable weapon to conquer China and destroy kung fu. It is up to Po and The Furious Five to journey across China to face this threat and vanquish it. But how can Po stop a weapon that can stop kung fu? He must look to his past and uncover the secrets of his mysterious origins; only then will he be able to unlock the strength he needs to succeed.",Jack Black Angelina Jolie Dustin Hoffman Gary Oldman Jackie Chan,Jennifer Yuh Nelson,51.247321,25-05-2011,6.7
398,Planet of the Apes,Thriller Science Fiction Action Adventure,"After a spectacular crash-landing on an uncharted planet, brash astronaut Leo Davidson finds himself trapped in a savage world where talking apes dominate the human race. Desperate to find a way home, Leo must evade the invincible gorilla army led by Ruthless General Thade.",Mark Wahlberg Tim Roth Helena Bonham Carter Michael Clarke Duncan Kris Kristofferson,Tim Burton,51.188633,25-07-2001,5.6
2409,Coraline,Animation Family,"When Coraline moves to an old house, she feels bored and neglected by her parents. She finds a hidden door with a bricked up passage. During the night, she crosses the passage and finds a parallel world where everybody has buttons instead of eyes, with caring parents and all her dreams coming true. When the Other Mother invites Coraline to stay in her world forever, the girl refuses and finds that the alternate reality where she is trapped is only a trick to lure her.",Dakota Fanning Teri Hatcher Jennifer Saunders Dawn French Keith David,Henry Selick,51.146047,05-02-2009,7.3
2020,The Emperor's New Groove,Adventure Animation Comedy Family Fantasy,"Kuzco is a self-centered emperor who summons Pacha from a village and to tell him that his home will be destroyed to make room for Kuzco's new summer home. Kuzco's advisor, Yzma, tries to poison Kuzco and accidentally turns him into a llama, who accidentally ends up in Pacha's village. Pacha offers to help Kuzco if he doesn't destroy his house, and so they form an unlikely partnership.",David Spade John Goodman Eartha Kitt Patrick Warburton Wendie Malick,Mark Dindal,51.113717,09-12-2000,7.2
109,Stand by Me,Crime Drama,"After the death of a friend, a writer recounts a boyhood journey to find the body of a missing boy.",Wil Wheaton River Phoenix Corey Feldman Jerry O'Connell Kiefer Sutherland,Rob Reiner,51.109279,22-08-1986,7.8
4293,In the Heart of the Sea,Thriller Drama Adventure Action History,"In the winter of 1820, the New England whaling ship Essex was assaulted by something no one could believe: a whale of mammoth size and will, and an almost human sense of vengeance.  The real-life maritime disaster would inspire Herman Melville’s Moby Dick.  But that told only half the story.  “Heart of the Sea” reveals the encounter’s harrowing aftermath, as the ship’s surviving crew is pushed to their limits and forced to do the unthinkable to stay alive.  Braving storms, starvation, panic and despair, the men will call into question their deepest beliefs, from the value of their lives to the morality of their trade, as their captain searches for direction on the open sea and his first mate still seeks to bring the great whale down.",Chris Hemsworth Benjamin Walker Cillian Murphy Brendan Gleeson Ben Whishaw,Ron Howard,50.767332,20-11-2015,6.5
2214,Gran Torino,Drama,"Walt Kowalski is a widower who holds onto his prejudices despite the changes in his Michigan neighborhood and the world around him. Kowalski is a grumpy, tough-minded, unhappy old man who can't get along with either his kids or his neighbors. He is a Korean War veteran whose prize possession is a 1972 Gran Torino he keeps in mint condition. When his neighbor Thao, a young Hmong teenager under pressure from his gang member cousin, tries to steal his Gran Torino, Kowalski sets out to reform the youth. Drawn against his will into the life of Thao's family, Kowalski is soon taking steps to protect them from the gangs that infest their neighborhood.",Clint Eastwood Christopher Carley Bee Vang Ahney Her Brian Haley,Clint Eastwood,50.7453,09-12-2008,7.8
1480,Forgetting Sarah Marshall,Comedy Romance Drama,"When Sarah Marshall dumps aspiring musician Peter Bretter for rock star Aldous Snow, Peter's world comes crashing down. His best friend suggests that Peter should get away from everything and to fly off to Hawaii to escape all his problems. After arriving in Hawaii and meeting the beautiful Rachel Jansen, Peter is shocked to see not only Aldous Snow in Hawaii, but also Sarah Marshall.",Jason Segel Kristen Bell Mila Kunis Russell Brand Bill Hader,Nicholas Stoller,50.670253,17-04-2008,6.4
171,Kill Bill: Vol. 2,Action Crime Thriller,"The Bride unwaveringly continues on her roaring rampage of revenge against the band of assassins who had tried to kill her and her unborn child. She visits each of her former associates one-by-one, checking off the victims on her Death List Five until there's nothing left to do … but kill Bill.",Uma Thurman David Carradine Daryl Hannah Michael Madsen Gordon Liu Chia-Hui,Quentin Tarantino,50.622607,16-04-2004,7.6
184,The Pianist,Drama War,The Pianist is a film adapted from the biography of Wladyslaw Szpilman. A Jewish-Polish pianist who during the second world war lived and hid miraculously in Warsaw after having gone through a terrible tragedy. A film from Roman Polanski.,Adrien Brody Thomas Kretschmann Frank Finlay Maureen Lipman Emilia Fox,Roman Polanski,50.587541,24-09-2002,8.0
3798,Pompeii,Action Adventure History Romance Drama,"Set in 79 A.D., POMPEII tells the epic story of Milo, a slave turned invincible gladiator who finds himself in a race against time to save his true love Cassia, the beautiful daughter of a wealthy merchant who has been unwillingly betrothed to a corrupt Roman Senator. As Mount Vesuvius erupts in a torrent of blazing lava, Milo must fight his way out of the arena in order to save his beloved as the once magnificent Pompeii crumbles around him.",Kit Harington Carrie-Anne Moss Emily Browning Adewale Akinnuoye-Agbaje Jessica Lucas,Paul W.S. Anderson,50.561849,18-02-2014,5.2
4633,The Witch,Mystery Horror,"New England in the 1630s: William and Katherine lead a devout Christian life with five children, homesteading on the edge of an impassable wilderness. When their newborn son vanishes and crops fail, the family turns on one another. Beyond their worst fears, a supernatural evil lurks in the nearby wood.",Anya Taylor-Joy Ralph Ineson Kate Dickie Harvey Scrimshaw Ellie Grainger,Robert Eggers,50.319662,19-02-2016,6.3
3511,Horrible Bosses,Comedy Crime,"For Nick, Kurt and Dale, the only thing that would make the daily grind more tolerable would be to grind their intolerable bosses into dust. Quitting is not an option, so, with the benefit of a few-too-many drinks and some dubious advice from a hustling ex-con, the three friends devise a convoluted and seemingly foolproof plan to rid themselves of their respective employers... permanently.",Jennifer Aniston Jason Bateman Charlie Day Jason Sudeikis Colin Farrell,Seth Gordon,50.309843,08-07-2011,6.5
3635,Dark Shadows,Comedy Fantasy,Vampire Barnabas Collins is inadvertently freed from his tomb and emerges into the very changed world of 1972. He returns to Collinwood Manor to find that his once-grand estate and family have fallen into ruin.,Johnny Depp Michelle Pfeiffer Helena Bonham Carter Jackie Earle Haley Jonny Lee Miller,Tim Burton,50.306728,08-05-2012,5.7
4674,Neighbors 2: Sorority Rising,Comedy,A sorority moves in next door to the home of Mac and Kelly Radner who have a young child. The Radner's enlist their former nemeses from the fraternity to help battle the raucous sisters.,Seth Rogen Rose Byrne Zac Efron Chlo\u00eb Grace Moretz Kiersey Clemons,Nicholas Stoller,50.179171,04-05-2016,5.6
276,Interview with the Vampire,Horror Romance,"A vampire relates his epic life story of love, betrayal, loneliness, and dark hunger to an over-curious reporter.",Brad Pitt Tom Cruise Kirsten Dunst Antonio Banderas Christian Slater,Neil Jordan,50.163785,11-11-1994,7.2
240,Jaws,Horror Thriller Adventure,"An insatiable great white shark terrorizes the townspeople of Amity Island, The police chief, an oceanographer and a grizzled shark hunter seek to destroy the bloodthirsty beast.",Roy Scheider Robert Shaw Richard Dreyfuss Lorraine Gary Murray Hamilton,Steven Spielberg,50.152327,18-06-1975,7.5
182,Batman & Robin,Action Crime Fantasy,"Along with crime-fighting partner Robin and new recruit Batgirl, Batman battles the dual threat of frosty genius Mr. Freeze and homicidal horticulturalist Poison Ivy. Freeze plans to put Gotham City on ice, while Ivy tries to drive a wedge between the dynamic duo.",George Clooney Chris O'Donnell Arnold Schwarzenegger Uma Thurman Alicia Silverstone,Joel Schumacher,50.073575,20-06-1997,4.2
47,Predator,Science Fiction Action Adventure Thriller,"Dutch and his group of commandos are hired by the CIA to rescue downed airmen from guerillas in a Central American jungle. The mission goes well but as they return they find that something is hunting them. Nearly invisible, it blends in with the forest, taking trophies from the bodies of its victims as it goes along. Occasionally seeing through its eyes, the audience sees it is an intelligent alien hunter, hunting them for sport, killing them off one at a time.",Arnold Schwarzenegger Carl Weathers Elpidia Carrillo Bill Duke Jesse Ventura,John McTiernan,50.009408,11-06-1987,7.3
3447,Cars 2,Animation Family Adventure Comedy,Star race car Lightning McQueen and his pal Mater head overseas to compete in the World Grand Prix race. But the road to the championship becomes rocky as Mater gets caught up in an intriguing adventure of his own: international espionage.,Owen Wilson Larry the Cable Guy Michael Caine Emily Mortimer John Turturro,John Lasseter,49.98659,11-06-2011,5.8
4111,The Conjuring,Horror Thriller,"Paranormal investigators Ed and Lorraine Warren work to help a family terrorized by a dark presence in their farmhouse. Forced to confront a powerful entity, the Warrens find themselves caught in the most terrifying case of their lives.",Patrick Wilson Vera Farmiga Lili Taylor Ron Livingston Shanley Caswell,James Wan,49.975409,18-07-2013,7.4
13,Apocalypse Now,Drama War,"At the height of the Vietnam war, Captain Benjamin Willard is sent on a dangerous mission that, officially, ""does not exist, nor will it ever exist."" His goal is to locate - and eliminate - a mysterious Green Beret Colonel named Walter Kurtz, who has been leading his personal army on illegal guerrilla missions into enemy territory.",Martin Sheen Marlon Brando Robert Duvall Frederic Forrest Sam Bottoms,Francis Ford Coppola,49.973462,15-08-1979,8.0
4480,Automata,Thriller Science Fiction,"Jacq Vaucan, an insurance agent of ROC robotics corporation, routinely investigates the case of manipulating a robot. What he discovers will have profound consequences for the future of humanity.",Antonio Banderas Birgitte Hjort S\u00f8rensen Dylan McDermott Robert Forster Tim McInnerny,Gabe Ib\u00e1\u00f1ez,49.808505,09-10-2014,5.6
354,Platoon,Drama War Action,"As a young and naive recruit in Vietnam, Chris Taylor faces a moral crisis when confronted with the horrors of war and the duality of man.",Tom Berenger Charlie Sheen Willem Dafoe Forest Whitaker John C. McGinley,Oliver Stone,49.802914,18-12-1986,7.5
4193,American Hustle,Drama Crime,"A con man, Irving Rosenfeld, along with his seductive partner Sydney Prosser, is forced to work for a wild FBI agent, Richie DiMaso, who pushes them into a world of Jersey powerbrokers and mafia.",Christian Bale Bradley Cooper Amy Adams Jeremy Renner Jennifer Lawrence,David O. Russell,49.664128,12-12-2013,6.8
1582,The Chronicles of Narnia: The Voyage of the Dawn Treader,Adventure Family Fantasy,"This time around Edmund and Lucy Pevensie, along with their pesky cousin Eustace Scrubb find themselves swallowed into a painting and on to a fantastic Narnian ship headed for the very edges of the world.",Skandar Keynes Georgie Henley Simon Pegg Gary Sweet Arthur Angel,Michael Apted,49.661984,13-08-2010,6.2
3132,Blade: Trinity,Science Fiction Action Horror Thriller Adventure,"For years, Blade has fought against the vampires in the cover of the night. But now, after falling into the crosshairs of the FBI, he is forced out into the daylight, where he is driven to join forces with a clan of human vampire hunters he never knew existed - The Nightstalkers. Together with Abigail and Hannibal, two deftly trained Nightstalkers, Blade follows a trail of blood to the ancient creature that is also hunting him, the original vampire, Dracula.",Wesley Snipes Kris Kristofferson Dominic Purcell Jessica Biel Ryan Reynolds,David S. Goyer,49.660055,08-12-2004,5.7
2785,Law Abiding Citizen,Drama Crime Thriller,A frustrated man decides to take justice into his own hands after a plea bargain sets one of his family's killers free. He targets not only the killer but also the district attorney and others involved in the deal.,Jamie Foxx Gerard Butler Colm Meaney Bruce McGill Leslie Bibb,F. Gary Gray,49.593978,15-10-2009,7.2
883,Howl's Moving Castle,Fantasy Animation Adventure,"When Sophie, a shy young woman, is cursed with an old body by a spiteful witch, her only chance of breaking the spell lies with a self-indulgent yet insecure young wizard and his companions in his legged, walking home.",Takuya Kimura Akihiro Miwa Tatsuya Gash\u00fbin Mitsunori Isaki Yo Oizumi,Hayao Miyazaki,49.549984,19-11-2004,8.2
540,Speed,Action Adventure Crime,"Los Angeles SWAT cop Jack Traven is up against bomb expert Howard Payne, who's after major ransom money. First it's a rigged elevator in a very tall building. Then it's a rigged bus--if it slows, it will blow, bad enough any day, but a nightmare in LA traffic. And that's still not the end.",Keanu Reeves Dennis Hopper Sandra Bullock Joe Morton Jeff Daniels,Jan de Bont,49.526736,09-06-1994,6.8
3804,End of Watch,Crime Drama Thriller,Two young officers are marked for death after confiscating a small cache of money and firearms from the members of a notorious cartel during a routine traffic stop.,Jake Gyllenhaal Michael Pe\u00f1a Natalie Martinez Anna Kendrick David Harbour,David Ayer,49.517264,20-09-2012,7.2
165,Rain Man,Drama,Selfish yuppie Charlie Babbitt's father left a fortune to his savant brother Raymond and a pittance to Charlie; they travel cross-country.,Dustin Hoffman Tom Cruise Valeria Golino Gerald R. Molen Jack Murdock,Barry Levinson,49.510658,11-12-1988,7.6
3863,Taken 2,Action Crime Thriller,"In Istanbul, retired CIA operative Bryan Mills and his wife are taken hostage by the father of a kidnapper Mills killed while rescuing his daughter.",Liam Neeson Maggie Grace Famke Janssen Rade Serbedzija Luke Grimes,Olivier Megaton,49.353524,27-09-2012,6.1
143,Once Upon a Time in America,Drama Crime,"A former Prohibition-era Jewish gangster returns to the Lower East Side of Manhattan over thirty years later, where he once again must confront the ghosts and regrets of his old life.",Robert De Niro James Woods Elizabeth McGovern Joe Pesci Burt Young,Sergio Leone,49.336397,16-02-1984,8.2
156,Once Upon a Time in the West,Western,This classic western masterpiece is an epic film about a widow whose land and life are in danger as the railroad is getting closer and closer to taking them over. A mysterious harmonica player joins forces with a desperado to protect the woman and her land.,Henry Fonda Claudia Cardinale Jason Robards Charles Bronson Gabriele Ferzetti,Sergio Leone,49.333137,21-12-1968,8.1
3663,Drive,Drama Action Thriller Crime,A Hollywood stunt performer who moonlights as a wheelman for criminals discovers that a contract has been put on him after a heist gone wrong.,Ryan Gosling Carey Mulligan Bryan Cranston Albert Brooks Oscar Isaac,Nicolas Winding Refn,49.294864,06-08-2011,7.4
3348,True Grit,Drama Adventure Western,"Following the murder of her father by hired hand Tom Chaney, 14-year-old farm girl Mattie Ross sets out to capture the killer. To aid her, she hires the toughest U.S. Marshal she can find, a man with ""true grit,"" Reuben J. ""Rooster"" Cogburn. Mattie insists on accompanying Cogburn, whose drinking, sloth, and generally reprobate character do not augment her faith in him. Against his wishes, she joins him in his trek into the Indian Nations in search of Chaney. They are joined by Texas Ranger LaBoeuf, who wants Chaney for his own purposes. The unlikely trio find danger and adventure on the journey, and each has his or her ""grit"" tested.",Jeff Bridges Matt Damon Josh Brolin Barry Pepper Hailee Steinfeld,Joel Coen,49.292384,22-12-2010,7.2
51,The Big Lebowski,Comedy Crime,"Jeffrey ""The Dude"" Lebowski, a Los Angeles slacker who only wants to bowl and drink white Russians, is mistaken for another Jeffrey Lebowski, a wheelchair-bound millionaire, and finds himself dragged into a strange series of events involving nihilists, adult film producers, ferrets, errant toes, and large sums of money.",Jeff Bridges John Goodman Julianne Moore Steve Buscemi Philip Seymour Hoffman,Joel Coen,49.230089,06-03-1998,7.8
3370,Battle: Los Angeles,Action Science Fiction,"The Earth is attacked by unknown forces. As people everywhere watch the world's great cities fall, Los Angeles becomes the last stand for mankind in a battle no one expected. It's up to a Marine staff sergeant and his new platoon to draw a line in the sand as they take on an enemy unlike any they've ever encountered before.",Aaron Eckhart Ram\u00f3n Rodr\u00edguez Will Rothhaar Cory Hardrict Jim Parrack,Jonathan Liebesman,49.199234,08-03-2011,5.5
332,Shaun of the Dead,Horror Comedy,"Shaun lives a supremely uneventful life, which revolves around his girlfriend, his mother, and, above all, his local pub. This gentle routine is threatened when the dead return to life and make strenuous attempts to snack on ordinary Londoners.",Simon Pegg Nick Frost Kate Ashfield Lucy Davis Dylan Moran,Edgar Wright,49.12486,09-04-2004,7.5
830,Road to Perdition,Thriller Crime Drama,"Mike Sullivan works as a hit man for crime boss John Rooney. Sullivan views Rooney as a father figure, however after his son is witness to a killing, Mike Sullivan finds himself on the run in attempt to save the life of his son and at the same time looking for revenge on those who wronged him.",Tom Hanks Tyler Hoechlin Jennifer Jason Leigh Liam Aiken Paul Newman,Sam Mendes,49.078546,12-07-2002,7.3
3573,Project X,Comedy Crime,"Three high school seniors throw a party to make a name for themselves. As the night progresses, things spiral out of control as word of the party spreads.",Oliver Cooper Jonathan Daniel Brown Thomas Mann Dax Flame Kirby Bliss Blanton,Nima Nourizadeh,49.070321,01-03-2012,6.5
3571,The Lone Ranger,Action Adventure Western,"The Texas Rangers chase down a gang of outlaws led by Butch Cavendish, but the gang ambushes the Rangers, seemingly killing them all. One survivor is found, however, by an American Indian named Tonto, who nurses him back to health. The Ranger, donning a mask and riding a white stallion named Silver, teams up with Tonto to bring the unscrupulous gang and others of that ilk to justice.",Johnny Depp Armie Hammer William Fichtner Helena Bonham Carter James Badge Dale,Gore Verbinski,49.046956,03-07-2013,5.9
376,Underworld: Evolution,Fantasy Action Science Fiction Thriller,"As the war between the vampires and the Lycans rages on, Selene, a former member of the Death Dealers (an elite vampire special forces unit that hunts werewolves), and Michael, the werewolf hybrid, work together in an effort to unlock the secrets of their respective bloodlines.",Kate Beckinsale Scott Speedman Tony Curran Shane Brolly Derek Jacobi,Len Wiseman,49.020045,12-01-2006,6.4
344,Gone with the Wind,Drama Romance War,An American classic in which a manipulative woman and a roguish man carry on a turbulent love affair in the American south during the Civil War and Reconstruction.,Vivien Leigh Clark Gable Olivia de Havilland Thomas Mitchell Leslie Howard,Victor Fleming,48.98255,15-12-1939,7.7
513,Live Free or Die Hard,Action Thriller,"John McClane is back and badder than ever, and this time he's working for Homeland Security. He calls on the services of a young hacker in his bid to stop a ring of Internet terrorists intent on taking control of America's computer infrastructure.",Bruce Willis Justin Long Timothy Olyphant Cliff Curtis Maggie Q,Len Wiseman,48.93337,20-06-2007,6.4
285,Dr. No,Adventure Action Thriller,"In the film that launched the James Bond saga, Agent 007 battles mysterious Dr. No, a scientific genius bent on destroying the U.S. space program. As the countdown to disaster begins, Bond must go to Jamaica, where he encounters beautiful Honey Ryder, to confront a megalomaniacal villain in his massive island headquarters.",Sean Connery Ursula Andress Joseph Wiseman Jack Lord Bernard Lee,Terence Young,48.901542,04-10-1962,6.9
2960,Salt,Action Mystery Thriller,"As a CIA officer, Evelyn Salt swore an oath to duty, honor and country. Her loyalty will be tested when a defector accuses her of being a Russian spy. Salt goes on the run, using all her skills and years of experience as a covert operative to elude capture. Salt's efforts to prove her innocence only serve to cast doubt on her motives, as the hunt to uncover the truth behind her identity continues and the question remains: ""Who is Salt?""",Angelina Jolie Liev Schreiber Chiwetel Ejiofor Daniel Olbrychski August Diehl,Phillip Noyce,48.829437,21-07-2010,6.2
907,3:10 to Yuma,Western,"In Arizona in the late 1800's, infamous outlaw Ben Wade and his vicious gang of thieves and murderers have plagued the Southern Railroad. When Wade is captured, Civil War veteran Dan Evans, struggling to survive on his drought-plagued ranch, volunteers to deliver him alive to the ""3:10 to Yuma"", a train that will take the killer to trial.",Russell Crowe Christian Bale Logan Lerman Dallas Roberts Peter Fonda,James Mangold,48.801089,06-09-2007,6.9
4285,Before I Go to Sleep,Mystery Thriller,"A woman wakes up every day, remembering nothing as a result of a traumatic accident in her past. One day, new terrifying truths emerge that force her to question everyone around her.",Nicole Kidman Colin Firth Mark Strong Anne-Marie Duff Jing Lusi,Rowan Joffe,48.784734,03-09-2014,6.2
529,Night at the Museum,Action Adventure Comedy Family Fantasy,"Chaos reigns at the natural history museum when night watchman Larry Daley accidentally stirs up an ancient curse, awakening Attila the Hun, an army of gladiators, a Tyrannosaurus rex and other exhibits. Larry tries desperately to keep the museum under control, but he's fighting a losing battle until President Teddy Roosevelt comes to the rescue.",Ben Stiller Jake Cherry Carla Gugino Robin Williams Dick Van Dyke,Shawn Levy,48.780039,20-10-2006,6.3
3429,Independence Day: Resurgence,Action Adventure Science Fiction,"We always knew they were coming back. Using recovered alien technology, the nations of Earth have collaborated on an immense defense program to protect the planet. But nothing can prepare us for the aliens’ advanced and unprecedented force. Only the ingenuity of a few brave men and women can bring our world back from the brink of extinction.",Liam Hemsworth Jeff Goldblum Bill Pullman Maika Monroe Sela Ward,Roland Emmerich,48.775723,22-06-2016,4.9
4282,The Man from U.N.C.L.E.,Comedy Action Adventure,"At the height of the Cold War, a mysterious criminal organization plans to use nuclear weapons and technology to upset the fragile balance of power between the United States and Soviet Union. CIA agent Napoleon Solo and KGB agent Illya Kuryakin are forced to put aside their hostilities and work together to stop the evildoers in their tracks. The duo's only lead is the daughter of a missing German scientist, whom they must find soon to prevent a global catastrophe.",Henry Cavill Armie Hammer Alicia Vikander Elizabeth Debicki Luca Calvani,Guy Ritchie,48.744209,13-08-2015,7.1
3209,Tangled,Animation Family,"When the kingdom's most wanted-and most charming-bandit Flynn Rider hides out in a mysterious tower, he's taken hostage by Rapunzel, a beautiful and feisty tower-bound teen with 70 feet of magical, golden hair. Flynn's curious captor, who's looking for her ticket out of the tower where she's been locked away for years, strikes a deal with the handsome thief and the unlikely duo sets off on an action-packed escapade, complete with a super-cop horse, an over-protective chameleon and a gruff gang of pub thugs.",Zachary Levi Mandy Moore Donna Murphy Ron Perlman M.C. Gainey,Byron Howard,48.681969,24-11-2010,7.4
3726,Ghost Rider: Spirit of Vengeance,Action Fantasy Thriller,"When the devil resurfaces with aims to take over the world in human form, Johnny Blaze reluctantly comes out of hiding to transform into the flame-spewing supernatural hero Ghost Rider -- and rescue a 10-year-old boy from an unsavory end.",Nicolas Cage Ciar\u00e1n Hinds Violante Placido Fergus Riordan Johnny Whitworth,Brian Taylor,48.622278,10-12-2011,4.7
28,War of the Worlds,Adventure Thriller Science Fiction,"Ray Ferrier is a divorced dockworker and less-than-perfect father. Soon after his ex-wife and her new husband drop of his teenage son and young daughter for a rare weekend visit, a strange and powerful lightning storm touches down.",Tom Cruise Dakota Fanning Miranda Otto Justin Chatwin Tim Robbins,Steven Spielberg,48.572726,28-06-2005,6.2
3774,The Grey,Action Drama Thriller,An oil drilling team struggles to survive after a plane crash strands them in the wilds of Alaska. Hunting them is a pack of wolves that sees them as intruders.,Liam Neeson Dermot Mulroney Frank Grillo Dallas Roberts Joe Anderson,Joe Carnahan,48.552871,26-01-2012,6.4
614,Superman,Action Adventure Fantasy Science Fiction,"Mild-mannered Clark Kent works as a reporter at the Daily Planet alongside his crush, Lois Lane − who's in love with Superman. Clark must summon his superhero alter ego when the nefarious Lex Luthor launches a plan to take over the world.",Christopher Reeve Marlon Brando Margot Kidder Gene Hackman Ned Beatty,Richard Donner,48.507081,13-12-1978,6.9
4592,Bridge of Spies,Thriller Drama,"During the Cold War, the Soviet Union captures U.S. pilot Francis Gary Powers after shooting down his U-2 spy plane. Sentenced to 10 years in prison, Powers' only hope is New York lawyer James Donovan, recruited by a CIA operative to negotiate his release. Donovan boards a plane to Berlin, hoping to win the young man's freedom through a prisoner exchange. If all goes well, the Russians would get Rudolf Abel, the convicted spy who Donovan defended in court.",Tom Hanks Mark Rylance Amy Ryan Alan Alda Sebastian Koch,Steven Spielberg,48.445978,15-10-2015,7.2
3941,Insidious: Chapter 2,Horror Thriller,The haunted Lambert family seeks to uncover the mysterious childhood secret that has left them dangerously connected to the spirit world.,Patrick Wilson Rose Byrne Ty Simpkins Lin Shaye Barbara Hershey,James Wan,48.375848,12-09-2013,6.5
3870,Les Misérables,Drama Music Romance,"An adaptation of the successful stage musical based on Victor Hugo's classic novel set in 19th-century France, in which a paroled prisoner named Jean Valjean seeks redemption.",Hugh Jackman Russell Crowe Anne Hathaway Amanda Seyfried Sacha Baron Cohen,Tom Hooper,48.356214,18-12-2012,7.1
4007,Side Effects,Thriller Crime Drama,A woman turns to prescription medication as a way of handling her anxiety concerning her husband's upcoming release from prison.,Jude Law Rooney Mara Catherine Zeta-Jones Channing Tatum Vinessa Shaw,Steven Soderbergh,48.237797,07-02-2013,6.4
181,Batman Forever,Action Crime Fantasy,"The Dark Knight of Gotham City confronts a dastardly duo: Two-Face and the Riddler. Formerly District Attorney Harvey Dent, Two-Face believes Batman caused the courtroom accident which left him disfigured on one side. And Edward Nygma, computer-genius and former employee of millionaire Bruce Wayne, is out to get the philanthropist; as The Riddler. Former circus acrobat Dick Grayson, his family killed by Two-Face, becomes Wayne's ward and Batman's new partner Robin.",Val Kilmer Tommy Lee Jones Jim Carrey Nicole Kidman Chris O'Donnell,Joel Schumacher,48.205606,31-05-1995,5.2
4719,Lights Out,Horror Thriller,"When Rebecca left home, she thought she left her childhood fears behind. Growing up, she was never really sure of what was and wasn’t real when the lights went out…and now her little brother, Martin, is experiencing the same unexplained and terrifying events that had once tested her sanity and threatened her safety. A frightening entity with a mysterious attachment to their mother, Sophie, has reemerged.",Teresa Palmer Maria Bello Gabriel Bateman Alexander DiPersia Alicia Vela-Bailey,David F. Sandberg,48.170508,21-07-2016,6.3
3644,Mirror Mirror,Adventure Fantasy Drama Comedy Science Fiction,"After she spends all her money, an evil enchantress queen schemes to marry a handsome, wealthy prince. There's just one problem - he's in love with a beautiful princess, Snow White. Now, joined by seven rebellious dwarves, Snow White launches an epic battle of good vs. evil...",Julia Roberts Lily Collins Armie Hammer Nathan Lane Martin Klebba,Tarsem Singh,48.126297,15-03-2012,5.5
424,Madagascar,Family Animation,"Zoo animals leave the comforts of man-made habitats for exotic adventure in this animated family film. After escaping from the zoo, four friends -- a lion, a hippo, a zebra and a giraffe -- are sent back to Africa. When their ship capsizes, stranding them on Madagascar, an island populated by crazy critters, the pals must adapt to jungle life and their new roles as wild animals.",Ben Stiller Chris Rock David Schwimmer Jada Pinkett Smith Sacha Baron Cohen,Eric Darnell,48.110909,25-05-2005,6.6
4490,Pan,Adventure Family Fantasy,"Living a bleak existence at a London orphanage, 12-year-old Peter finds himself whisked away to the fantastical world of Neverland. Adventure awaits as he meets new friend James Hook and the warrior Tiger Lily. They must band together to save Neverland from the ruthless pirate Blackbeard. Along the way, the rebellious and mischievous boy discovers his true destiny, becoming the hero forever known as Peter Pan.",Levi Miller Garrett Hedlund Hugh Jackman Rooney Mara Amanda Seyfried,Joe Wright,48.03528,24-09-2015,5.9
4486,Wild Card,Thriller Crime Drama,"When a Las Vegas bodyguard with lethal skills and a gambling problem gets in trouble with the mob, he has one last play… and it's all or nothing.",Jason Statham Michael Angarano Milo Ventimiglia Dominik Garc\u00eda-Lorido Anne Heche,Simon West,48.0343,14-01-2015,5.4
701,Stardust,Adventure Fantasy Romance Family,"In a countryside town bordering on a magical land, a young man makes a promise to his beloved that he'll retrieve a fallen star by venturing into the magical realm. His journey takes him into a world beyond his wildest dreams and reveals his true identity.",Claire Danes Charlie Cox Michelle Pfeiffer Robert De Niro Sienna Miller,Matthew Vaughn,48.032734,09-08-2007,7.1
622,Crank,Action Thriller Crime,Professional assassin Chev Chelios learns his rival has injected him with a poison that will kill him if his heart rate drops.,Jason Statham Amy Smart Jose Pablo Cantillo Efren Ramirez Dwight Yoakam,Brian Taylor,47.992817,31-08-2006,6.6
1525,Chicken Little,Animation Family Comedy,"When the sky really is falling and sanity has flown the coop, who will rise to save the day? Together with his hysterical band of misfit friends, Chicken Little must hatch a plan to save the planet from alien invasion and prove that the world's biggest hero is a little chicken.",Zach Braff Joan Cusack Dan Molina Steve Zahn Garry Marshall,Mark Dindal,47.973995,04-11-2005,5.6
3092,The Neverending Story,Drama Family Fantasy Adventure,"While hiding from bullies in his school's attic, a young boy discovers the extraordinary land of Fantasia, through a magical book called The Neverending Story. The book tells the tale of Atreyu, a young warrior who, with the help of a luck dragon named Falkor, must save Fantasia from the destruction of The Nothing.",Barret Oliver Gerald McRaney Noah Hathaway Drum Garrett Darryl Cooksey,Wolfgang Petersen,47.862016,05-04-1984,7.0
1707,Pocahontas,Adventure Animation Drama Family,"History comes gloriously to life in Disney's epic animated tale about love and adventure in the New World. Pocahontas is a Native American woman whose father has arranged for her to marry her village's best warrior. But a vision tells her change is coming, and soon she comes face to face with it in the form of Capt. John Smith.",Irene Bedard Mel Gibson David Ogden Stiers John Kassir Russell Means,Mike Gabriel,47.845589,14-06-1995,6.7
290,Goldfinger,Adventure Action Thriller,"Special agent 007 (Sean Connery) comes face to face with one of the most notorious villains of all time, and now he must outwit and outgun the powerful tycoon to prevent him from cashing in on a devious scheme to raid Fort Knox -- and obliterate the world's economy.",Sean Connery Honor Blackman Gert Fr\u00f6be Shirley Eaton Tania Mallet,Guy Hamilton,47.812466,17-09-1964,7.2
4593,Vacation,Comedy,"Hoping to bring his family closer together and to recreate his childhood vacation for his own kids, a grown up Rusty Griswold takes his wife and their two sons on a cross-country road trip to the coolest theme park in America, Walley World. Needless to say, things don't go quite as planned.",Ed Helms Christina Applegate Skyler Gisondo Steele Stebbins Chris Hemsworth,John Francis Daley,47.753598,28-07-2015,6.2
2642,Clash of the Titans,Adventure Fantasy Action,"Born of a god but raised as a man, Perseus is helpless to save his family from Hades, vengeful god of the underworld. With nothing to lose, Perseus volunteers to lead a dangerous mission to defeat Hades before he can seize power from Zeus and unleash hell on earth. Battling unholy demons and fearsome beasts, Perseus and his warriors will only survive if Perseus accepts his power as a god, defies fate and creates his own destiny.",Sam Worthington Liam Neeson Ralph Fiennes Gemma Arterton Jason Flemyng,Louis Leterrier,47.686442,01-04-2010,5.6
795,Bambi,Animation Drama Family,"Bambi's tale unfolds from season to season as the young prince of the forest learns about life, love, and friends.",Donnie Dunagan Peter Behn Stan Alexander Cammie King Will Wright,David Hand,47.651878,14-08-1942,6.8
3673,The Girl with the Dragon Tattoo,Thriller Crime Mystery Drama,"This English-language adaptation of the Swedish novel by Stieg Larsson follows a disgraced journalist, Mikael Blomkvist, as he investigates the disappearance of a weary patriarch's niece from 40 years ago. He is aided by the pierced, tattooed, punk computer hacker named Lisbeth Salander. As they work together in the investigation, Blomkvist and Salander uncover immense corruption beyond anything they have ever imagined.",Daniel Craig Rooney Mara Christopher Plummer Goran Visnjic Stellan Skarsg\u00e5rd,David Fincher,47.651083,14-12-2011,7.2
3101,Predators,Action Science Fiction Adventure Thriller,"A mercenary reluctantly leads a motley crew of warriors who soon come to realize they've been captured and deposited on an alien planet by an unknown nemesis. With the exception of a peculiar physician, they are all cold-blooded killers, convicts, death squad members... hunters who have now become the hunted.",Topher Grace Alice Braga Laurence Fishburne Adrien Brody Danny Trejo,Nimr\u00f3d Antal,47.649554,03-07-2010,6.0
1352,The Exorcist,Drama Horror Thriller,"12-year-old Regan MacNeil begins to adapt an explicit new personality as strange events befall the local area of Georgetown. Her mother becomes torn between science and superstition in a desperate bid to save her daughter, and ultimately turns to her last hope: Father Damien Karras, a troubled priest who is struggling with his own faith.",Linda Blair Max von Sydow Ellen Burstyn Jason Miller Lee J. Cobb,William Friedkin,47.584643,26-12-1973,7.5
1260,Transporter 2,Action Thriller Crime,"Professional driver Frank Martin is living in Miami, where he is temporarily filling in for a friend as the chauffeur for a government narcotics control policymaker and his family. The young boy in the family is targeted for kidnapping, and Frank immediately becomes involved in protecting the child and exposing the kidnappers.",Jason Statham Amber Valletta Kate Nauta Alessandro Gassman Fran\u00e7ois Berl\u00e9and,Louis Leterrier,47.5612,02-08-2005,6.2
3844,The Impossible,Thriller Drama,"In December 2004, close-knit family Maria, Henry and their three sons begin their winter vacation in Thailand. But the day after Christmas, the idyllic holiday turns into an incomprehensible nightmare when a terrifying roar rises from the depths of the sea, followed by a wall of black water that devours everything in its path. Though Maria and her family face their darkest hour, unexpected displays of kindness and courage ameliorate their terror.",Naomi Watts Ewan McGregor Tom Holland Samuel Joslin Oaklee Pendergast,Juan Antonio Bayona,47.559928,09-09-2012,7.0
72,Edward Scissorhands,Fantasy Drama Romance,A small suburban town receives a visit from a castaway unfinished science experiment named Edward.,Johnny Depp Winona Ryder Dianne Wiest Alan Arkin Anthony Michael Hall,Tim Burton,47.51363,05-12-1990,7.5
493,Hellboy,Fantasy Action Science Fiction,"In the final days of World War II, the Nazis attempt to use black magic to aid their dying cause. The Allies raid the camp where the ceremony is taking place, but not before a demon - Hellboy - has already been conjured. Joining the Allied forces, Hellboy eventually grows to adulthood, serving the cause of good rather than evil.",Ron Perlman Selma Blair Rupert Evans John Hurt Jeffrey Tambor,Guillermo del Toro,47.479755,02-04-2004,6.5
2828,Paranormal Activity,Horror Mystery,"After a young, middle class couple moves into a suburban 'starter' tract house, they become increasingly disturbed by a presence that may or may not be somehow demonic but is certainly most active in the middle of the night. Especially when they sleep. Or try to.",Katie Featherston Micah Sloat Mark Fredrichs Amber Armstrong Ashley Palmer,Oren Peli,47.456823,14-09-2007,5.9
4082,Mama,Horror,"Guillermo del Toro presents Mama, a supernatural thriller that tells the haunting tale of two little girls who disappeared into the woods the day that their parents were killed. When they are rescued years later and begin a new life, they find that someone or something still wants to come tuck them in at night.",Jessica Chastain Nikolaj Coster-Waldau Megan Charpentier Isabelle N\u00e9lisse Daniel Kash,Andy Muschietti,47.455148,17-01-2013,6.0
1130,The League of Extraordinary Gentlemen,Fantasy Action Thriller Science Fiction,"To prevent a world war from breaking out, famous characters from Victorian literature band together to do battle against a cunning villain.",Sean Connery Peta Wilson Shane West Stuart Townsend Jason Flemyng,Stephen Norrington,47.436675,11-07-2003,5.7
962,Alvin and the Chipmunks,Comedy Music Family Fantasy Animation,"A struggling songwriter named Dave Seville finds success when he comes across a trio of singing chipmunks: mischievous leader Alvin, brainy Simon, and chubby, impressionable Theodore.",Jason Lee David Cross Cameron Richardson Jane Lynch Justin Long,Tim Hill,47.336034,13-12-2007,5.5
910,The Polar Express,Adventure Animation Family Fantasy,"When a doubting young boy takes an extraordinary train ride to the North Pole, he embarks on a journey of self-discovery that shows him that the wonder of life never fades for those who believe.",Tom Hanks Michael Jeter Nona Gaye Peter Scolari Eddie Deezen,Robert Zemeckis,47.323228,10-11-2004,6.4
363,Shrek 2,Adventure Animation Comedy Family Fantasy,"Shrek, Fiona and Donkey set off to Far, Far Away to meet Fiona's mother and father. But not everyone is happy. Shrek and the King find it hard to get along, and there's tension in the marriage. The fairy godmother discovers that Shrek has married Fiona instead of her Son Prince Charming and sets about destroying their marriage.",Mike Myers Eddie Murphy Cameron Diaz Julie Andrews Antonio Banderas,Andrew Adamson,47.320801,19-05-2004,6.7
1715,Shark Tale,Animation Action Comedy Family,"Oscar is a small fish whose big aspirations often get him into trouble. Meanwhile, Lenny is a great white shark with a surprising secret that no sea creature would guess: He's a vegetarian. When a lie turns Oscar into an improbable hero and Lenny becomes an outcast, the two form an unlikely friendship.",Will Smith Robert De Niro Ren\u00e9e Zellweger Jack Black Angelina Jolie,Vicky Jenson,47.094369,20-09-2004,5.8
2105,The Hurt Locker,Drama Thriller War,"Forced to play a dangerous game of cat-and-mouse in the chaos of war, an elite Army bomb squad unit must come together in a city where everyone is a potential enemy and every object could be a deadly bomb.",Jeremy Renner Anthony Mackie Brian Geraghty Guy Pearce Ralph Fiennes,Kathryn Bigelow,47.006162,10-10-2008,7.2
3698,Oz: The Great and Powerful,Fantasy Adventure Family,"Oscar Diggs, a small-time circus illusionist and con-artist, is whisked from Kansas to the Land of Oz where the inhabitants assume he's the great wizard of prophecy, there to save Oz from the clutches of evil.",James Franco Mila Kunis Rachel Weisz Michelle Williams Zach Braff,Sam Raimi,46.985445,07-03-2013,5.7
993,Cloverfield,Action Thriller Science Fiction,"Five young New Yorkers throw their friend a going-away party the night that a monster the size of a skyscraper descends upon the city. Told from the point of view of their video camera, the film is a document of their attempt to survive the most surreal, horrifying event of their lives.",Lizzy Caplan Jessica Lucas Odette Annable Michael Stahl-David Mike Vogel,Matt Reeves,46.942396,15-01-2008,6.4
2182,Eagle Eye,Mystery Thriller Action,"Jerry Shaw and Rachel Holloman are two strangers whose lives are suddenly thrown into turmoil by a mysterious woman they have never met. Threatening their lives and family, the unseen caller uses everyday technology to control their actions and push them into increasing danger. As events escalate, Jerry and Rachel become the country's most-wanted fugitives and must figure out what is happening to them.",Shia LaBeouf Michelle Monaghan Rosario Dawson Michael Chiklis Anthony Mackie,D.J. Caruso,46.887983,25-09-2008,6.3
15,The Simpsons Movie,Animation Comedy Family,"After Homer accidentally pollutes the town's water supply, Springfield is encased in a gigantic dome by the EPA and the Simpsons are declared fugitives.",Dan Castellaneta Julie Kavner Nancy Cartwright Yeardley Smith Hank Azaria,David Silverman,46.875375,25-07-2007,6.9
452,Ghost Rider,Thriller Action Fantasy Horror,"In order to save his dying father, young stunt cyclist, Johnny Blaze sells his soul to Mephistopheles and sadly parts from the pure-hearted, Roxanne Simpson, the love of his life. Years later, Johnny's path crosses again with Roxanne, now a go-getting reporter, and also with Mephistopheles, who offers to release Johnny's soul if Johnny becomes the fabled, fiery 'Ghost Rider'.",Nicolas Cage Eva Mendes Wes Bentley Donal Logue Sam Elliott,Mark Steven Johnson,46.834704,16-02-2007,5.2
4278,Blackhat,Crime Drama Mystery,A man is released from prison to help American and Chinese authorities pursue a mysterious cyber criminal. The dangerous search leads them from Chicago to Hong Kong.,Chris Hemsworth Leehom Wang Tang Wei Viola Davis Holt McCallany,Michael Mann,46.832372,13-01-2015,5.1
2782,Cloudy with a Chance of Meatballs,Animation Comedy Family,"Inventor Flint Lockwood creates a machine that makes clouds rain food, enabling the down-and-out citizens of Chewandswallow to feed themselves. But when the falling food reaches gargantuan proportions, Flint must scramble to avert disaster. Can he regain control of the machine and put an end to the wild weather before the town is destroyed?",Bill Hader Anna Faris James Caan Mr. T Benjamin Bratt,Phil Lord,46.781182,17-09-2009,6.5
1712,The Hunchback of Notre Dame,Drama Animation Family,"When Quasi defies the evil Frollo and ventures out to the Festival of Fools, the cruel crowd jeers him. Rescued by fellow outcast the gypsy Esmeralda, Quasi soon finds himself battling to save the people and the city he loves.",Tom Hulce Demi Moore Tony Jay Kevin Kline Paul Kandel,Gary Trousdale,46.727941,21-06-1996,6.8
3911,Riddick,Science Fiction Action Thriller,"Betrayed by his own kind and left for dead on a desolate planet, Riddick fights for survival against alien predators and becomes more powerful and dangerous than ever before. Soon bounty hunters from throughout the galaxy descend on Riddick only to find themselves pawns in his greater scheme for revenge. With his enemies right where he wants them, Riddick unleashes a vicious attack of vengeance before returning to his home planet of Furya to save it from destruction.",Vin Diesel Karl Urban Katee Sackhoff Jordi Moll\u00e0 Bokeem Woodbine,David Twohy,46.630062,02-09-2013,6.2
601,Return of the Jedi,Adventure Action Science Fiction,"As Rebel leaders map their strategy for an all-out attack on the Emperor's newer, bigger Death Star. Han Solo remains frozen in the cavernous desert fortress of Jabba the Hutt, the most loathsome outlaw in the universe, who is also keeping Princess Leia as a slave girl. Now a master of the Force, Luke Skywalker rescues his friends, but he cannot become a true Jedi Knight until he wages his own crucial battle against Darth Vader, who has sworn to win Luke over to the dark side of the Force.",Mark Hamill Harrison Ford Carrie Fisher Billy Dee Williams Anthony Daniels,Richard Marquand,46.509071,23-05-1983,7.9
3608,Looper,Action Thriller Science Fiction,"In the futuristic action thriller Looper, time travel will be invented but it will be illegal and only available on the black market. When the mob wants to get rid of someone, they will send their target 30 years into the past where a looper, a hired gun, like Joe is waiting to mop up. Joe is getting rich and life is good until the day the mob decides to close the loop, sending back Joe's future self for assassination.",Joseph Gordon-Levitt Bruce Willis Emily Blunt Paul Dano Noah Segan,Rian Johnson,46.377628,26-09-2012,6.6
1013,xXx,Action Adventure Thriller,"Xander Cage is your standard adrenaline junkie with no fear and a lousy attitude. When the US Government ""recruits"" him to go on a mission, he's not exactly thrilled. His mission: to gather information on an organization that may just be planning the destruction of the world, led by the nihilistic Yorgi.",Vin Diesel Asia Argento Samuel L. Jackson Danny Trejo Leila Arcieri,Rob Cohen,46.217769,09-08-2002,5.8
551,The Hunt for Red October,Action Adventure Thriller,"A new Soviet nuclear missile sub (a Boomer) heading out on her maiden voyage that is being tracked by a Los Angeles class American submarine suddenly goes silent and ""disappears"". This focuses the attention of both U.S. Intelligence and the U.S. Navy on the Russian Sub Commander .  When it is determined that the silent Soviet Boomer may be headed for American coastal waters panic ensues. A CIA analyst, Jack Ryan,  convinces the brass that the Boomer's commander may intend something other than a nuclear first strike in mind. A perilous and tense cat-and-mouse game ensues.",Alec Baldwin Sean Connery Scott Glenn Sam Neill James Earl Jones,John McTiernan,46.212155,02-03-1990,7.2
3397,Rio,Animation Adventure Comedy Family,"Captured by smugglers when he was just a hatchling, a macaw named Blu never learned to fly and lives a happily domesticated life in Minnesota with his human friend, Linda. Blu is thought to be the last of his kind, but when word comes that Jewel, a lone female, lives in Rio de Janeiro, Blu and Linda go to meet her. Animal smugglers kidnap Blu and Jewel, but the pair soon escape and begin a perilous adventure back to freedom -- and Linda.",Jesse Eisenberg Anne Hathaway Leslie Mann Jane Lynch Will.i.am,Carlos Saldanha,46.200042,03-04-2011,6.5
248,Big Fish,Adventure Fantasy Drama,"Throughout his life Edward Bloom has always been a man of big appetites, enormous passions and tall tales. In his later years, he remains a huge mystery to his son, William. Now, to get to know the real man, Will begins piecing together a true picture of his father from flashbacks of his amazing adventures.",Ewan McGregor Albert Finney Billy Crudup Jessica Lange Helena Bonham Carter,Tim Burton,46.199482,25-12-2003,7.6
3614,Moneyball,Drama,"The story of Oakland Athletics general manager Billy Beane's successful attempt to put together a baseball team on a budget, by employing computer-generated analysis to draft his players.",Brad Pitt Jonah Hill Philip Seymour Hoffman Robin Wright Chris Pratt,Bennett Miller,46.180421,22-09-2011,7.0
793,Gangs of New York,Drama History Crime,"It's 1863. America was born in the streets. Amsterdam Vallon returns to the Five Points of America to seek vengeance against the psychotic gangland kingpin, Bill the Butcher, who murdered his father years earlier. With an eager pickpocket by his side and a whole new army, Vallon fights his way to seek vengeance on the Butcher and restore peace in the area.",Leonardo DiCaprio Daniel Day-Lewis Cameron Diaz Liam Neeson Brendan Gleeson,Martin Scorsese,46.160048,14-12-2002,7.1
367,Airplane!,Comedy,"Alcoholic pilot, Ted Striker has developed a fear of flying due to wartime trauma, but nevertheless boards a passenger jet in an attempt to woo back his stewardess girlfriend. Food poisoning decimates the passengers and crew, leaving it up to Striker to land the plane with the help of a glue-sniffing air traffic controller and Striker's vengeful former Air Force captain, who must both talk him down.",Robert Hays Julie Hagerty Kareem Abdul-Jabbar Lloyd Bridges Peter Graves,Jerry Zucker,46.116885,02-07-1980,7.1
3906,Noah,Drama Adventure,A man who suffers visions of an apocalyptic deluge takes measures to protect his family from the coming flood.,Russell Crowe Jennifer Connelly Emma Watson Logan Lerman Anthony Hopkins,Darren Aronofsky,46.115758,20-03-2014,5.6
2572,Moon,Science Fiction Drama,"With only three weeks left in his three year contract, Sam Bell is getting anxious to finally return to Earth. He is the only occupant of a Moon-based manufacturing facility along with his computer and assistant, GERTY. When he has an accident however, he wakens to find that he is not alone.",Sam Rockwell Kevin Spacey Dominique McElligott Rosie Shaw Adrienne Shaw,Duncan Jones,46.114184,12-06-2009,7.6
4472,How to Be Single,Comedy Romance,"New York City is full of lonely hearts seeking the right match, and what Alice, Robin, Lucy, Meg, Tom and David all have in common is the need to learn how to be single in a world filled with ever-evolving definitions of love.",Dakota Johnson Rebel Wilson Alison Brie Nicholas Braun Damon Wayans Jr.,Christian Ditter,46.078371,21-01-2016,5.9
334,Face/Off,Action Crime Science Fiction Thriller,"An antiterrorism agent goes under the knife to acquire the likeness of a terrorist and gather details about a bombing plot. When the terrorist escapes custody, he undergoes surgery to look like the agent so he can get close to the agent's family.",John Travolta Nicolas Cage Joan Allen Alessandro Nivola Gina Gershon,John Woo,46.075037,27-06-1997,6.8
4477,Black Mass,Crime Drama,"The true story of Whitey Bulger, the brother of a state senator and the most infamous violent criminal in the history of South Boston, who became an FBI informant to take down a Mafia family invading his turf.",Johnny Depp Joel Edgerton Benedict Cumberbatch Dakota Johnson Kevin Bacon,Scott Cooper,46.049902,04-09-2015,6.3
1821,Pinocchio,Animation Family,"Lonely toymaker Geppetto has his wishes answered when the Blue Fairy arrives to bring his wooden puppet Pinocchio to life. Before becoming a real boy, however, Pinocchio must prove he's worthy as he sets off on an adventure with his whistling sidekick and conscience, Jiminy Cricket. From Stromboli's circus to Pleasure Island, Pinocchio is tested by many temptations, but slowly learns how to navigate right from wrong. With a few mishaps along the way, Geppetto's ""little woodenhead"" finally gets it right, proving that when you wish upon a star dreams really can come true!",Mel Blanc Don Brodie Walter Catlett Marion Darlington Frankie Darro,Ben Sharpsteen,46.007991,23-02-1940,6.9
834,Scream,Crime Horror Mystery,"A killer known as Ghostface begins killing off teenagers, and as the body count begins rising, one girl and her friends find themselves contemplating the 'rules' of horror films as they find themselves living in a real-life one.",David Arquette Neve Campbell Courteney Cox Matthew Lillard Rose McGowan,Wes Craven,45.99611,20-12-1996,7.0
3843,Ender's Game,Science Fiction Action Adventure,"Based on the classic novel by Orson Scott Card, Ender's Game is the story of the Earth's most gifted children training to defend their homeplanet in the space wars of the future.",Asa Butterfield Harrison Ford Hailee Steinfeld Abigail Breslin Ben Kingsley,Gavin Hood,45.94834,23-10-2013,6.6
4530,Insidious: Chapter 3,Drama Horror Thriller,"A twisted new tale of terror begins for a teenage girl and her family, predating the haunting of the Lambert family in the earlier movies and revealing more mysteries of the otherworldly realm The Further.",Dermot Mulroney Stefanie Scott Lin Shaye Leigh Whannell Angus Sampson,Leigh Whannell,45.946524,04-06-2015,6.2
766,Identity,Mystery Thriller,"Complete strangers stranded at a remote desert motel during a raging storm soon find themselves the target of a deranged murderer. As their numbers thin out, the travelers begin to turn on each other, as each tries to figure out who the killer is.",John Cusack Ray Liotta Amanda Peet John Hawkes Alfred Molina,James Mangold,45.915165,25-04-2003,7.1
1057,Alien³,Science Fiction Action Horror,"After escaping with Newt and Hicks from the alien planet, Ripley crash lands on Fiorina 161, a prison planet and host to a correctional facility. Unfortunately, although Newt and Hicks do not survive the crash, a more unwelcome visitor does. The prison does not allow weapons of any kind, and with aid being a long time away, the prisoners must simply survive in any way they can.",Sigourney Weaver Charles S. Dutton Charles Dance Pete Postlethwaite Ralph Brown,David Fincher,45.856409,22-05-1992,6.2
92,Back to the Future Part III,Adventure Comedy Family Science Fiction,"The final installment of the Back to the Future trilogy finds Marty digging the trusty DeLorean out of a mineshaft and looking up Doc in the Wild West of 1885. But when their time machine breaks down, the travelers are stranded in a land of spurs. More problems arise when Doc falls for pretty schoolteacher Clara Clayton, and Marty tangles with Buford Tannen.",Michael J. Fox Christopher Lloyd Mary Steenburgen Thomas F. Wilson Lea Thompson,Robert Zemeckis,45.769562,25-05-1990,7.1
64,"Crouching Tiger, Hidden Dragon",Adventure Drama Action Romance,"Two warriors in pursuit of a stolen sword and a notorious fugitive are led to an impetuous, physically-skilled, teenage nobleman's daughter, who is at a crossroads in her life.",Chow Yun-fat Michelle Yeoh Zhang Ziyi Chang Chen Cheng Pei-Pei,Ang Lee,45.742254,01-10-2000,7.2
4198,Inherent Vice,Comedy Romance Crime Drama Mystery,"In Los Angeles at the turn of the 1970s, drug-fueled detective Larry ""Doc"" Sportello investigates the disappearance of an ex-girlfriend.",Joaquin Phoenix Josh Brolin Owen Wilson Katherine Waterston Reese Witherspoon,Paul Thomas Anderson,45.742217,25-12-2014,6.5
4151,The Angry Birds Movie,Family Animation,"An island populated entirely by happy, flightless birds or almost entirely. In this paradise, Red, a bird with a temper problem, speedy Chuck, and the volatile Bomb have always been outsiders. But when the island is visited by mysterious green piggies, it’s up to these unlikely outcasts to figure out what the pigs are up to.",Jason Sudeikis Josh Gad Danny McBride Maya Rudolph Bill Hader,Fergal Reilly,45.720894,11-05-2016,5.9
243,Dances with Wolves,Adventure Drama Western,"Wounded Civil War soldier, John Dunbar tries to commit suicide – and becomes a hero instead. As a reward, he's assigned to his dream post, a remote junction on the Western frontier, and soon makes unlikely friends with the local Sioux tribe.",Kevin Costner Mary McDonnell Graham Greene Rodney A. Grant Floyd Red Crow Westerman,Kevin Costner,45.707835,09-11-1990,7.6
67,Lost in Translation,Drama,"Two lost souls visiting Tokyo -- the young, neglected wife of a photographer and a washed-up movie star shooting a TV commercial -- find an odd solace and pensive freedom to be real in each other's company, away from their lives in America.",Bill Murray Scarlett Johansson Anna Faris Giovanni Ribisi Akiko Takeshita,Sofia Coppola,45.66662,31-08-2003,7.3
732,The Aviator,Drama,"A biopic depicting the life of filmmaker and aviation pioneer Howard Hughes from 1927 to 1947, during which time he became a successful film producer and an aviation magnate, while simultaneously growing more unstable due to severe obsessive-compulsive disorder.",Leonardo DiCaprio Cate Blanchett Kate Beckinsale John C. Reilly Alec Baldwin,Martin Scorsese,45.616098,17-12-2004,7.0
2688,Days of Summer,Comedy Drama Romance,"Tom (Joseph Gordon-Levitt), greeting-card writer and hopeless romantic, is caught completely off-guard when his girlfriend, Summer (Zooey Deschanel), suddenly dumps him. He reflects on their 500 days together to try to figure out where their love affair went sour, and in doing so, Tom rediscovers his true passions in life.",Joseph Gordon-Levitt Zooey Deschanel Chlo\u00eb Grace Moretz Geoffrey Arend Matthew Gray Gubler,Marc Webb,45.610993,17-07-2009,7.2
4006,Grown Ups 2,Comedy,"The all-star comedy cast from Grown Ups returns (with some exciting new additions) for more summertime laughs. Lenny (Adam Sandler) has relocated his family back to the small town where he and his friends grew up. This time around, the grown ups are the ones learning lessons from their kids on a day notoriously full of surprises: the last day of school.",Adam Sandler Kevin James Chris Rock David Spade Salma Hayek,Dennis Dugan,45.589568,11-07-2013,5.8
1308,Anastasia,Animation Family,"This animated adventure retells the story of the lost daughter of Russia's last czar. The evil Rasputin places a curse on the Romanov family, and Anastasia and her grandmother, Empress Maria, get separated. After growing up in an orphanage, Anastasia encounters two Russian men seeking a reward offered by Empress Maria for the return of her granddaughter. The trio travels to Paris, where they find that the empress has grown skeptical of imposters.",Meg Ryan John Cusack Christopher Lloyd Angela Lansbury Hank Azaria,Gary Goldman,45.565918,20-11-1997,7.4
4059,The Mortal Instruments: City of Bones,Action Adventure Drama Mystery Romance,"In New York City, Clary Fray, a seemingly ordinary teenager, learns that she is descended from a line of Shadowhunters — half-angel warriors who protect humanity from evil forces. After her mother disappears, Clary joins forces with a group of Shadowhunters and enters Downworld, an alternate realm filled with demons, vampires, and a host of other creatures. Clary and her companions must find and protect an ancient cup that holds the key to her mother's future.",Lily Collins Jamie Campbell Bower Kevin Zegers Jemima West Robert Sheehan,Harald Zwart,45.514031,21-08-2013,6.2
78,28 Days Later,Horror Thriller Science Fiction,"Twenty-eight days after a killer virus was accidentally unleashed from a British research facility, a small group of London survivors are caught in a desperate struggle to protect themselves from the infected. Carried by animals and humans, the virus turns those it infects into homicidal maniacs -- and it's absolutely impossible to contain.",Cillian Murphy Naomie Harris Noah Huntley Christopher Dunne Emma Hitching,Danny Boyle,45.490374,31-10-2002,7.1
1439,Step Up,Music Drama Romance Crime,"Everyone deserves a chance to follow their dreams, but some people only get one shot. Tyler Gage is a rebel from the wrong side of Baltimore's tracks and the only thing that stands between him and an unfulfilled life are his dreams of one day making it out of there. Nora is a privileged ballet dancer attending Baltimore's ultra-elite Maryland School of the Arts",Channing Tatum Jenna Dewan Damaine Radcliff De'Shawn Washington Mario,Anne Fletcher,45.477802,11-08-2006,6.7
50,Pretty Woman,Romance Comedy,"When millionaire wheeler-dealer Edward Lewis enters a business contract with Hollywood hooker Vivian Ward, he loses his heart in the bargain in this charming romantic comedy. After Edward hires Vivian as his date for a week and gives her a Cinderella makeover, she returns the favor by mellowing the hardnosed tycoon's outlook. Can the poor prostitute and the rich capitalist live happily ever after?",Julia Roberts Richard Gere Ralph Bellamy Jason Alexander H\u00e9ctor Elizondo,Garry Marshall,45.473484,23-03-1990,7.0
1156,How the Grinch Stole Christmas,Family Comedy Fantasy,"Inside a snowflake exists the magical land of Whoville. In Whoville, live the Whos, an almost mutated sort of Munchkin-like people. All the Whos love Christmas, yet just outside of their beloved Whoville lives the Grinch. The Grinch is a nasty creature that hates Christmas, and plots to steal it away from the Whos, whom he equally abhors. Yet a small child, Cindy Lou Who, decides to try befriending the Grinch.",Jim Carrey Taylor Momsen Jeffrey Tambor Christine Baranski Bill Irwin,Ron Howard,45.419668,17-11-2000,6.2
3165,Easy A,Comedy,"After a little white lie about losing her virginity gets out, a clean cut high school girl sees her life paralleling Hester Prynne's in ""The Scarlet Letter,"" which she is currently studying in school - until she decides to use the rumor mill to advance her social and financial standing.",Emma Stone Stanley Tucci Amanda Bynes Cam Gigandet Lisa Kudrow,Will Gluck,45.395839,10-09-2010,6.7
2502,Serenity,Science Fiction Action Adventure Thriller,"When the renegade crew of Serenity agrees to hide a fugitive on their ship, they find themselves in an action-packed battle between the relentless military might of a totalitarian regime who will destroy anything – or anyone – to get the girl back and the bloodthirsty creatures who roam the uncharted areas of space. But... the greatest danger of all may be on their ship.",Nathan Fillion Gina Torres Alan Tudyk Morena Baccarin Adam Baldwin,Joss Whedon,45.388937,25-08-2005,7.4
730,The Bourne Ultimatum,Action Drama Mystery Thriller,"Bourne is brought out of hiding once again by reporter Simon Ross who is trying to unveil Operation Blackbriar, an upgrade to Project Treadstone, in a series of newspaper columns. Information from the reporter stirs a new set of memories, and Bourne must finally uncover his dark past while dodging The Company's best efforts to eradicate him.",Matt Damon Julia Stiles David Strathairn Scott Glenn Paddy Considine,Paul Greengrass,45.381501,03-08-2007,7.3
4466,Goosebumps,Adventure Horror Comedy,"A teenager teams up with the daughter of young adult horror author R.L. Stine after the writer's imaginary demons are set free on the town of Madison, Delaware.",Jack Black Dylan Minnette Odeya Rush Amy Ryan Jillian Bell,Rob Letterman,45.351617,05-08-2015,6.2
4618,Central Intelligence,Action Comedy,"After he reunites with an old pal through Facebook, a mild-mannered accountant is lured into the world of international espionage.",Dwayne Johnson Kevin Hart Amy Ryan Aaron Paul Danielle Nicolet,Rawson Marshall Thurber,45.318703,15-06-2016,6.2
4448,The November Man,Crime Action Thriller,An ex- CIA operative is brought back in on a very personal mission and finds himself pitted against his former pupil in a deadly game involving high level CIA officials and the Russian president-elect.,Pierce Brosnan Luke Bracey Olga Kurylenko Bill Smitrovich Amila Terzimehic,Roger Donaldson,45.317278,27-08-2014,6.0
251,The Da Vinci Code,Thriller Mystery,"When the curator of the Louvre is found murdered in the famed museum's hallowed halls, Harvard professor, Robert Langdon and cryptographer, Sophie Neve must untangle a deadly web of deceit involving the works of Leonardo da Vinci.",Tom Hanks Audrey Tautou Ian McKellen Paul Bettany Jean Reno,Ron Howard,45.313197,17-05-2006,6.5
464,American Psycho,Thriller Drama Crime,"A wealthy New York investment banking executive hides his alternate psychopathic ego from his co-workers and friends as he escalates deeper into his illogical, gratuitous fantasies.",Christian Bale Willem Dafoe Jared Leto Josh Lucas Samantha Mathis,Mary Harron,45.310443,13-04-2000,7.3
1336,Man on Fire,Action Drama Thriller Crime,"Jaded ex-CIA operative John Creasy reluctantly accepts a job as the bodyguard for a 10-year-old girl in Mexico City. They clash at first, but eventually bond, and when she's kidnapped he's consumed by fury and will stop at nothing to save her life.",Denzel Washington Dakota Fanning Marc Anthony Radha Mitchell Christopher Walken,Tony Scott,45.299089,23-04-2004,7.3
167,Inside Man,Crime Drama Thriller,"Bank robber Dalton Russell enters a Manhattan bank, locks the doors and takes hostages, working methodically and without haste. Detective Frazier is assigned to negotiate, but his mind is occupied with the corruption charges he is facing. With an army of police surrounding the bank, the thief, the cop and a high-profile 'fixer' enter high-stakes negotiations.",Denzel Washington Clive Owen Jodie Foster Christopher Plummer Willem Dafoe,Spike Lee,45.220386,23-03-2006,7.3
561,Con Air,Action Thriller Crime,"When the government puts all its rotten criminal eggs in one airborne basket, it's asking for trouble. Before you can say, ""Pass the barf bag,"" the crooks control the plane, led by creepy Cyrus ""The Virus"" Grissom. Watching his every move is the just-released Cameron Poe, who'd rather reunite with his family.",Nicolas Cage John Cusack John Malkovich Ving Rhames Nick Chinlund,Simon West,45.154631,01-06-1997,6.5
3473,Red Riding Hood,Fantasy Thriller Horror,"Valerie is in love with a brooding outsider, Peter, but her parents have arranged for her to marry another man – who is wealthy. Unwilling to lose each other, Valerie and Peter plan to run away together when they learn that Valerie's older sister has been killed by a werewolf that prowls the dark forest surrounding their village. Hungry for revenge, the people call on famed werewolf hunter, Father Solomon, to help them kill the wolf. But Solomon's arrival brings unintended consequences as he warns that the wolf, who takes human form by day, could be any one of them.",Amanda Seyfried Gary Oldman Billy Burke Shiloh Fernandez Max Irons,Catherine Hardwicke,45.151657,11-03-2011,5.6
2542,Drag Me to Hell,Horror Thriller,"After denying a woman the extension she needs to keep her home, loan officer Christine Brown sees her once-promising life take a startling turn for the worse. Christine is convinced she's been cursed by a Gypsy, but her boyfriend is skeptical. Her only hope seems to lie in a psychic who claims he can help her lift the curse and keep her soul from being dragged straight to hell.",Alison Lohman Justin Long Lorna Raver Dileep Rao David Paymer,Sam Raimi,45.083509,15-03-2009,6.2
415,Gremlins,Fantasy Horror Comedy,"When Billy Peltzer is given a strange but adorable pet named Gizmo for Christmas, he inadvertently breaks the three important rules of caring for a Mogwai, and unleashes a horde of mischievous gremlins on a small town.",Zach Galligan Phoebe Cates Hoyt Axton Polly Holliday Dick Miller,Joe Dante,45.072136,07-06-1984,6.9
2816,Kick-Ass,Action Crime,"Dave Lizewski is an unnoticed high school student and comic book fan who one day decides to become a super-hero, even though he has no powers, training or meaningful reason to do so.",Aaron Taylor-Johnson Chlo\u00eb Grace Moretz Christopher Mintz-Plasse Nicolas Cage Mark Strong,Matthew Vaughn,45.054936,22-03-2010,7.1
951,Dracula,Romance Horror,"When Dracula leaves the captive Jonathan Harker and Transylvania for London in search of Mina Harker -- the spitting image of Dracula's long-dead wife, Elisabeta -- obsessed vampire hunter Dr. Van Helsing sets out to end the madness.",Gary Oldman Winona Ryder Anthony Hopkins Keanu Reeves Richard E. Grant,Francis Ford Coppola,45.022964,13-11-1992,7.1
3846,Madagascar 3: Europe's Most Wanted,Animation Family,"Alex, Marty, Gloria and Melman are still trying to get back to the Big Apple and their beloved Central Park zoo, but first they need to find the penguins. When they travel to Monte Carlo, they attract the attention of Animal Control after gate crashing a party and are joined by the penguins, King Julian and Co., and the monkeys. How do a lion, zebra, hippo, giraffe, four penguins, two monkeys, three lemurs travel through Europe without attracting attention and get back to New York? They join a traveling circus. Their attempts to get back to New York are consistently hampered by the Captain of Animal Control who wants to make Alex part of her collection. Once they make it back to New York Marty, Alex, Gloria and Melman realize that they want to be part of the traveling circus.",Ben Stiller Sacha Baron Cohen David Schwimmer Frances McDormand Chris Rock,Conrad Vernon,44.989192,06-06-2012,6.4
521,The Holiday,Comedy Romance,"Two women, one (Cameron Diaz) from America and one (Kate Winslet) from Britain, swap homes at Christmastime after bad breakups with their boyfriends. Each woman finds romance with a local man (Jude Law, Jack Black) but realizes that the imminent return home may end the relationship.",Cameron Diaz Kate Winslet Jude Law Jack Black Eli Wallach,Nancy Meyers,44.967453,08-12-2006,6.7
3570,Wrath of the Titans,Adventure,"A decade after his heroic defeat of the monstrous Kraken, Perseus-the demigod son of Zeus-is attempting to live a quieter life as a village fisherman and the sole parent to his 10-year old son, Helius. Meanwhile, a struggle for supremacy rages between the gods and the Titans. Dangerously weakened by humanity's lack of devotion, the gods are losing control of the imprisoned Titans and their ferocious leader, Kronos, father of the long-ruling brothers Zeus, Hades and Poseidon.",Sam Worthington Liam Neeson Ralph Fiennes Edgar Ram\u00edrez Toby Kebbell,Jonathan Liebesman,44.927635,27-03-2012,5.5
3170,Knight and Day,Action Comedy,"A fugitive couple goes on a glamorous and sometimes deadly adventure where nothing and no one – even themselves – are what they seem. Amid shifting alliances and unexpected betrayals, they race across the globe, with their survival ultimately hinging on the battle of truth vs. trust.",Tom Cruise Cameron Diaz Peter Sarsgaard Viola Davis Jordi Moll\u00e0,James Mangold,44.906918,15-06-2010,5.9
503,Collateral,Drama Crime Thriller,Cab driver Max picks up a man who offers him $600 to drive him around. But the promise of easy money sours when Max realizes his fare is an assassin.,Tom Cruise Jamie Foxx Jada Pinkett Smith Mark Ruffalo Peter Berg,Michael Mann,44.815022,04-08-2004,7.0
3819,Turbo,Animation Family,The tale of an ordinary garden snail who dreams of winning the Indy 500.,Ryan Reynolds Paul Giamatti Michael Pe\u00f1a Samuel L. Jackson Luis Guzm\u00e1n,David Soren,44.765377,11-07-2013,6.1
218,The Blues Brothers,Music Comedy Action Crime,"Jake Blues is just out of jail, and teams up with his brother, Elwood on a 'mission from God' to raise funds for the orphanage in which they grew up. The only thing they can do is do what they do best – play music – so they get their old band together and they're on their way, while getting in a bit of trouble here and there.",Dan Aykroyd John Belushi James Brown Cab Calloway Ray Charles,John Landis,44.714264,17-06-1980,7.5
1333,The Crow,Fantasy Action Thriller,"Exactly one year after young rock guitarist Eric Draven and his fiancée are brutally killed by a ruthless gang of criminals, Draven -- watched over by a hypnotic crow -- returns from the grave to exact revenge.",Brandon Lee Rochelle Davis Ernie Hudson Michael Wincott Bai Ling,Alex Proyas,44.690107,11-05-1994,7.3
188,Cube,Thriller Science Fiction Mystery,Seven strangers are taken out of their daily lives and placed mysteriously in a deadly cube where they all agree they must find their way out.,Nicole de Boer Nicky Guadagni David Hewlett Andrew Miller Julian Richings,Vincenzo Natali,44.656151,09-09-1997,6.9
1460,Waterworld,Adventure Action,"In a futuristic world where the polar ice caps have melted and made Earth a liquid planet, a beautiful barmaid rescues a mutant seafarer from a floating island prison. They escape, along with her young charge, Enola, and sail off aboard his ship. But the trio soon becomes the target of a menacing pirate who covets the map to 'Dryland' – which is tattooed on Enola's back.",Kevin Costner Chaim Girafi Rick Aviles R. D. Call Zitto Kazann,Kevin Reynolds,44.640292,28-07-1995,5.9
351,Mr. & Mrs. Smith,Action Comedy Drama Thriller,"After five (or six) years of vanilla-wedded bliss, ordinary suburbanites John and Jane Smith are stuck in a huge rut. Unbeknownst to each other, they are both coolly lethal, highly-paid assassins working for rival organisations. When they discover they're each other's next target, their secret lives collide in a spicy, explosive mix of wicked comedy, pent-up passion, nonstop action and high-tech weaponry.",Angelina Jolie Brad Pitt Vince Vaughn Adam Brody Kerry Washington,Doug Liman,44.635452,07-06-2005,6.5
998,Equilibrium,Action Science Fiction Thriller,"In a dystopian future, a totalitarian regime maintains peace by subduing the populace with a drug, and displays of emotion are punishable by death. A man in charge of enforcing the law rises to overthrow the system.",Christian Bale Taye Diggs Emily Watson Angus Macfadyen Sean Bean,Kurt Wimmer,44.566609,06-12-2002,6.9
727,The Princess Bride,Adventure Family Fantasy Comedy Romance,"In this enchantingly cracked fairy tale, the beautiful Princess Buttercup and the dashing Westley must overcome staggering odds to find happiness amid six-fingered swordsmen, murderous princes, Sicilians and rodents of unusual size. But even death can't stop these true lovebirds from triumphing.",Cary Elwes Robin Wright Mandy Patinkin Andr\u00e9 the Giant Chris Sarandon,Rob Reiner,44.533612,18-09-1987,7.6
412,Dawn of the Dead,Fantasy Horror Action,"A group of surviving people take refuge in a shopping center after the world has been over taken over by aggressive, flesh-eating zombies. A remake of the 1978 zombie film of the same name.",Sarah Polley Ving Rhames Jake Weber Mekhi Phifer Ty Burrell,Zack Snyder,44.529429,19-03-2004,6.8
595,Fear and Loathing in Las Vegas,Adventure Drama Comedy,"The hallucinogenic misadventures of sportswriter Raoul Duke and his Samoan lawyer, Dr. Gonzo, on a three-day romp from Los Angeles to Las Vegas. Motoring across the Mojave Desert on the way to Sin City, Duke and his purple haze passenger ingest a cornucopia of drugs ranging from acid to ether.",Johnny Depp Benicio del Toro Tobey Maguire Christina Ricci Ellen Barkin,Terry Gilliam,44.511363,22-05-1998,7.2
497,Kingdom of Heaven,Drama Action Adventure History War,"After his wife dies, a blacksmith named Balian is thrust into royalty, political intrigue and bloody holy wars during the Crusades.",Orlando Bloom Eva Green Jeremy Irons Marton Csokas Brendan Gleeson,Ridley Scott,44.490453,03-05-2005,6.6
4000,Escape Plan,Action Thriller,"Ray Breslin is the world's foremost authority on structural security. After analyzing every high security prison and learning a vast array of survival skills so he can design escape-proof prisons, his skills are put to the test. He's framed and incarcerated in a master prison he designed himself. He needs to escape and find the person who put him behind bars.",Sylvester Stallone Arnold Schwarzenegger Jim Caviezel Vinnie Jones 50 Cent,Mikael H\u00e5fstr\u00f6m,44.478043,09-10-2013,6.7
387,Black Hawk Down,Action History War,"When U.S. Rangers and an elite Delta Force team attempt to kidnap two underlings of a Somali warlord, their Black Hawk helicopters are shot down, and the Americans suffer heavy casualties, facing intense fighting from the militia on the ground.",Josh Hartnett Ewan McGregor Jason Isaacs Tom Sizemore William Fichtner,Ridley Scott,44.455166,28-12-2001,7.2
257,City of God,Drama Crime,"Cidade de Deus is a shantytown that started during the 1960s and became one of Rio de Janeiro’s most dangerous places in the beginning of the 1980s. To tell the story of this place, the movie describes the life of various characters, all seen by the point of view of the narrator, Buscapé. Buscapé was raised in a very violent environment. Despite the feeling that all odds were against him, he finds out that life can be seen with other eyes: The eyes of an artist. By accident, he becomes a professional photographer, gaining his freedom.",Alexandre Rodrigues Leandro Firmino Phellipe Haagensen Douglas Silva Jonathan Haagensen,Fernando Meirelles,44.356711,05-02-2002,8.1
4126,RED 2,Action Comedy Crime Thriller,Retired C.I.A. agent Frank Moses reunites his unlikely team of elite operatives for a global quest to track down a missing portable nuclear device.,Bruce Willis Catherine Zeta-Jones Anthony Hopkins Helen Mirren John Malkovich,Dean Parisot,44.34333,18-07-2013,6.4
1457,Philadelphia,Drama,No one would take his case until one man was willing to take on the system. Two competing lawyers join forces to sue a prestigious law firm for AIDS discrimination. As their unlikely friendship develops their courage overcomes the prejudice and corruption of their powerful adversaries.,Tom Hanks Denzel Washington Jason Robards Mary Steenburgen Antonio Banderas,Jonathan Demme,44.301745,22-12-1993,7.6
4494,The BFG,Adventure Family Fantasy,"The BFG is no ordinary bone-crunching giant. He is far too nice and jumbly. It's lucky for Sophie that he is. Had she been carried off in the middle of the night by the Bloodbottler, or any of the other giants—rather than the BFG—she would have soon become breakfast. When Sophie hears that the giants are flush-bunking off to England to swollomp a few nice little chiddlers, she decides she must stop them once and for all. And the BFG is going to help her!",Ruby Barnhill Mark Rylance Rebecca Hall Jemaine Clement Bill Hader,Steven Spielberg,44.19092,01-06-2016,6.0
1705,Madagascar: Escape 2 Africa,Family Animation,"Alex, Marty, Melman, Gloria, King Julien, Maurice, the penguins and the chimps are back and still marooned on Madagascar. In the face of this obstacle, the New Yorkers have hatched a plan so crazy it just might work. With military precision, the penguins have repaired an old crashed plane... sort of.",Ben Stiller Jada Pinkett Smith David Schwimmer Chris Rock Cedric the Entertainer,Eric Darnell,44.141021,30-10-2008,6.2
63,Brokeback Mountain,Drama Romance,Brokeback Mountain is an Ang Lee film about two modern day cowboys who meet on a shepherding job in the summer of ’63. The two share a raw and powerful summer together that turns into a life long relationship conflicting with the lives they are supposed to live.,Heath Ledger Jake Gyllenhaal Randy Quaid Michelle Williams Anne Hathaway,Ang Lee,44.135568,02-09-2005,7.5
4370,Blended,Comedy,"After a bad blind date, a man and woman find themselves stuck together at a resort for families, where their attractions grows as their respective kids benefit from the burgeoning relationship.",Drew Barrymore Adam Sandler Wendi McLendon-Covey Bella Thorne Terry Crews,Frank Coraci,44.120328,21-05-2014,6.6
604,Star Wars: Episode III - Revenge of the Sith,Science Fiction Adventure Action,"Years after the onset of the Clone Wars, the noble Jedi Knights lead a massive clone army into a galaxy-wide battle against the Separatists. When the sinister Sith unveil a thousand-year-old plot to rule the galaxy, the Republic crumbles and from its ashes rises the evil Galactic Empire. Jedi hero Anakin Skywalker is seduced by the dark side of the Force to become the Emperor's new apprentice – Darth Vader. The Jedi are decimated, as Obi-Wan Kenobi and Jedi Master Yoda are forced into hiding. The only hope for the galaxy are Anakin's own offspring – the twin children born in secrecy who will grow up to become heroes.",Ewan McGregor Natalie Portman Hayden Christensen Ian McDiarmid Samuel L. Jackson,George Lucas,44.108427,17-05-2005,7.1
123,Batman,Fantasy Action,"The Dark Knight of Gotham City begins his war on crime with his first major enemy being the clownishly homicidal Joker, who has seized control of Gotham's underworld.",Jack Nicholson Michael Keaton Kim Basinger Michael Gough Pat Hingle,Tim Burton,44.104469,23-06-1989,7.0
2964,The Mechanic,Action Thriller Crime,"Arthur Bishop is a 'mechanic' - an elite assassin with a strict code and unique talent for cleanly eliminating targets. It's a job that requires professional perfection and total detachment, and Bishop is the best in the business. But when he is ordered to take out his mentor and close friend Harry, Bishop is anything but detached.",Jason Statham Ben Foster Donald Sutherland Mini Anden Tony Goldwyn,Simon West,44.094856,13-01-2011,6.3
29,Mars Attacks!,Comedy Fantasy Science Fiction,"'We come in peace' is not what those green men from Mars mean when they invade our planet, armed with irresistible weapons and a cruel sense of humor.  This star studded cast must play victim to the alien’s fun and games in this comedy homage to science fiction films of the '50s and '60s.",Jack Nicholson Glenn Close Annette Bening Pierce Brosnan Danny DeVito,Tim Burton,44.090535,12-12-1996,6.1
1602,Shrek Forever After,Comedy Adventure Fantasy Animation Family,"A bored and domesticated Shrek pacts with deal-maker Rumpelstiltskin to get back to feeling like a real ogre again, but when he's duped and sent to a twisted version of Far Far Away—where Rumpelstiltskin is king, ogres are hunted, and he and Fiona have never met—he sets out to restore his world and reclaim his true love.",Mike Myers Eddie Murphy Cameron Diaz Antonio Banderas Julie Andrews,Mike Mitchell,44.041186,16-05-2010,6.0
603,Star Wars: Episode II - Attack of the Clones,Adventure Action Science Fiction,"Ten years after the invasion of Naboo, the galaxy is on the brink of civil war. Under the leadership of a renegade Jedi named Count Dooku, thousands of solar systems threaten to break away from the Galactic Republic. When an assassination attempt is made on Senator Padmé Amidala, the former Queen of Naboo, twenty-year-old Jedi apprentice Anakin Skywalker is assigned to protect her. In the course of his mission, Anakin discovers his love for Padmé as well as his own darker side. Soon, Anakin, Padmé, and Obi-Wan Kenobi are drawn into the heart of the Separatist movement and the beginning of the Clone Wars.",Ewan McGregor Natalie Portman Hayden Christensen Ian McDiarmid Samuel L. Jackson,George Lucas,43.987061,15-05-2002,6.4
3470,John Carter,Action Adventure Science Fiction,"John Carter is a war-weary, former military captain who's inexplicably transported to the mysterious and exotic planet of Barsoom (Mars) and reluctantly becomes embroiled in an epic conflict. It's a world on the brink of collapse, and Carter rediscovers his humanity when he realizes the survival of Barsoom and its people rests in his hands.",Taylor Kitsch Lynn Collins Samantha Morton Willem Dafoe Thomas Haden Church,Andrew Stanton,43.926995,07-03-2012,6.1
3797,The Last Stand,Action Crime Thriller,"Ray Owens is sheriff of the quiet US border town of Sommerton Junction after leaving the LAPD following a bungled operation. Following his escape from the FBI, a notorious drug baron, his gang, and a hostage are heading toward Sommerton Junction where the police are preparing to make a last stand to intercept them before they cross the border. Owens is reluctant to become involved but ultimately joins in with the law enforcement efforts",Arnold Schwarzenegger Forest Whitaker Rodrigo Santoro Johnny Knoxville Jaimie Alexander,Kim Jee-woon,43.882857,12-01-2013,5.7
4148,The Monuments Men,War Drama History Action,"Based on the true story of the greatest treasure hunt in history, The Monuments Men is an action drama focusing on seven over-the-hill, out-of-shape museum directors, artists, architects, curators, and art historians who went to the front lines of WWII to rescue the world’s artistic masterpieces from Nazi thieves and return them to their rightful owners.  With the art hidden behind enemy lines, how could these guys hope to succeed?",Matt Damon Cate Blanchett George Clooney Bill Murray John Goodman,George Clooney,43.873266,24-01-2014,5.8
3292,Due Date,Comedy Drama,"Peter Highman must scramble across the US in five days to be present for the birth of his first child. He gets off to a bad start when his wallet and luggage are stolen, and put on the 'no-fly' list. Peter embarks on a terrifying journey when he accepts a ride from an actor.",Robert Downey Jr. Zach Galifianakis Michelle Monaghan Jamie Foxx Juliette Lewis,Todd Phillips,43.865294,04-11-2010,6.2
1177,The Tree of Life,Drama Fantasy,"The impressionistic story of a Texas family in the 1950s. The film follows the life journey of the eldest son, Jack, through the innocence of childhood to his disillusioned adult years as he tries to reconcile a complicated relationship with his father. Jack finds himself a lost soul in the modern world, seeking answers to the origins and meaning of life while questioning the existence of faith.",Brad Pitt Sean Penn Jessica Chastain Hunter McCracken Finnegan Williams,Terrence Malick,43.862456,18-05-2011,6.5
1610,Yes Man,Comedy,Carl Allen has stumbled across a way to shake free of post-divorce blues and a dead-end job: embrace life and say yes to everything.,Jim Carrey Zooey Deschanel Rhys Darby Sasha Alexander Fionnula Flanagan,Peyton Reed,43.849351,09-12-2008,6.4
3131,Blade,Horror Action,"When Blade's mother was bitten by a vampire during pregnancy, she did not know that she gave her son a special gift while dying: All the good vampire attributes in combination with the best human skills. Blade and his mentor Whistler battle an evil vampire rebel (Deacon Frost) who plans to take over the outdated vampire council, capture Blade and resurrect voracious blood god La Magra.",Wesley Snipes Stephen Dorff Kris Kristofferson N'Bushe Wright Donal Logue,Stephen Norrington,43.815492,21-08-1998,6.5
4379,St. Vincent,Comedy,"A young boy whose parents just divorced finds an unlikely friend and mentor in the misanthropic, bawdy, hedonistic, war veteran who lives next door.",Bill Murray Melissa McCarthy Naomi Watts Jaeden Lieberher Chris O'Dowd,Theodore Melfi,43.791745,09-10-2014,7.1
3595,Midnight in Paris,Fantasy Comedy Romance,A romantic comedy about a family traveling to the French capital for business. The party includes a young engaged couple forced to confront the illusion that a life different from their own is better.,Owen Wilson Rachel McAdams Kurt Fuller Mimi Kennedy Michael Sheen,Woody Allen,43.753585,11-05-2011,7.4
3862,Warm Bodies,Horror Comedy Romance,"After a zombie becomes involved with the girlfriend of one of his victims, their romance sets in motion a sequence of events that might transform the entire lifeless world.",Nicholas Hoult Teresa Palmer Analeigh Tipton Rob Corddry Dave Franco,Jonathan Levine,43.742241,31-01-2013,6.4
204,Good Will Hunting,Drama,"Will Hunting has a genius-level IQ but chooses to work as a janitor at MIT. When he solves a difficult graduate-level math problem, his talents are discovered by Professor Gerald Lambeau, who decides to help the misguided youth reach his potential. When Will is arrested for attacking a police officer, Professor Lambeau makes a deal to get leniency for him if he will get treatment from therapist Sean Maguire.",Robin Williams Matt Damon Ben Affleck Stellan Skarsg\u00e5rd Minnie Driver,Gus Van Sant,43.734886,05-12-1997,7.9
133,Casablanca,Drama Romance,"In Casablanca, Morocco in December 1941, a cynical American expatriate meets a former lover, with unforeseen complications.",Humphrey Bogart Ingrid Bergman Paul Henreid Claude Rains Conrad Veidt,Michael Curtiz,43.729123,26-11-1942,7.9
3669,The Woman in Black,Drama Horror Thriller,"The story follows a young lawyer, Arthur Kipps, who is ordered to travel to a remote village and sort out a recently deceased client’s papers. As he works alone in the client’s isolated house, Kipps begins to uncover tragic secrets, his unease growing when he glimpses a mysterious woman dressed only in black. Receiving only silence from the locals, Kipps is forced to uncover the true identity of the Woman in Black on his own, leading to a desperate race against time when he discovers her true identity.",Daniel Radcliffe Ciar\u00e1n Hinds Sidney Johnston Alisa Khazanova Mary Stockley,James Watkins,43.675191,01-02-2012,6.1
936,Into the Wild,Adventure Drama,"The true story of top student and athlete, Christopher McCandless, who after graduating from Emory University in 1992, abandoned his possessions, gave his entire $24,000 savings account to charity and hitchhiked to Alaska to live in the wilderness.",Emile Hirsch Marcia Gay Harden William Hurt Jena Malone Brian H. Dierker,Sean Penn,43.644978,11-09-2007,7.8
820,Corpse Bride,Romance Fantasy Animation Music,"Set in a 19th-century european village, this stop-motion animation feature follows the story of Victor, a young man whisked away to the underworld and wed to a mysterious corpse bride, while his real bride Victoria waits bereft in the land of the living.",Johnny Depp Helena Bonham Carter Emily Watson Tracey Ullman Paul Whitehouse,Tim Burton,43.571612,09-09-2005,7.2
3407,I Am Number Four,Action Thriller Science Fiction Adventure,"A teenage fugitive with an incredible secret races to stay one step ahead of the mysterious forces seeking destroy him in this sci-fi action thriller. With three dead and one on the run, the race to find the elusive Number Four begins. Outwardly normal teen John Smith never gets too comfortable in the same identity, and along with his guardian, Henri, he is constantly moving from town to town. With each passing day, John gains a stronger grasp on his extraordinary new powers, and his bond to the beings that share his fantastic fate grows stronger.",Alex Pettyfer Timothy Olyphant Teresa Palmer Dianna Agron Callan McAuliffe,D.J. Caruso,43.450266,18-02-2011,5.9
3896,The Perks of Being a Wallflower,Drama Romance,"A coming-of-age story based on the best-selling novel by Stephen Chbosky, which follows 15-year-old freshman Charlie, an endearing and naive outsider who is taken under the wings of two seniors. A moving tale of love, loss, fear and hope - and the unforgettable friends that help us through life.",Logan Lerman Emma Watson Ezra Miller Paul Rudd Nina Dobrev,Stephen Chbosky,43.444135,20-09-2012,7.7
3897,Boyhood,Drama,"The film tells a story of a divorced couple trying to raise their young son. The story follows the boy for twelve years, from first grade at age 6 through 12th grade at age 17-18, and examines his relationship with his parents as he grows.",Ellar Coltrane Patricia Arquette Ethan Hawke Elijah Smith Lorelei Linklater,Richard Linklater,43.40352,05-06-2014,7.5
3849,Jack the Giant Slayer,Action Family Fantasy,"The story of an ancient war that is reignited when a young farmhand unwittingly opens a gateway between our world and a fearsome race of giants. Unleashed on the Earth for the first time in centuries, the giants strive to reclaim the land they once lost, forcing the young man, Jack into the battle of his life to stop them. Fighting for a kingdom, its people, and the love of a brave princess, he comes face to face with the unstoppable warriors he thought only existed in legend–and gets the chance to become a legend himself.",Nicholas Hoult Eleanor Tomlinson Ewan McGregor Stanley Tucci Ian McShane,Bryan Singer,43.349855,27-02-2013,5.5
4039,The Secret Life of Walter Mitty,Adventure Comedy Drama Fantasy,A timid magazine photo manager who lives life vicariously through daydreams embarks on a true-life adventure when a negative goes missing.,Ben Stiller Kristen Wiig Patton Oswalt Shirley MacLaine Adam Scott,Ben Stiller,43.348022,18-12-2013,7.0
74,Back to the Future Part II,Adventure Comedy Family Science Fiction,"Marty and Doc are at it again in this wacky sequel to the 1985 blockbuster as the time-traveling duo head to 2015 to nip some McFly family woes in the bud. But things go awry thanks to bully Biff Tannen and a pesky sports almanac. In a last-ditch attempt to set things straight, Marty finds himself bound for 1955 and face to face with his teenage parents -- again.",Michael J. Fox Christopher Lloyd Lea Thompson Elisabeth Shue James Tolkan,Robert Zemeckis,43.345252,20-11-1989,7.4
2981,Hachi: A Dog's Tale,Drama Family,A drama based on the true story of a college professor's bond with the abandoned dog he takes into his home.,Richard Gere Joan Allen Jason Alexander Cary-Hiroyuki Tagawa Sarah Roemer,Lasse Hallstr\u00f6m,43.217089,13-06-2009,7.7
1011,Tropic Thunder,Action Comedy,"Vietnam veteran 'Four Leaf' Tayback's memoir, Tropic Thunder, is being made into a film, but Director Damien Cockburn can’t control the cast of prima donnas. Behind schedule and over budget, Cockburn is ordered by a studio executive to get filming back on track, or risk its cancellation. On Tayback's advice, Cockburn drops the actors into the middle of the jungle to film the remaining scenes but, unbeknownst to the actors and production, the group have been dropped in the middle of the Golden Triangle, the home of heroin-producing gangs.",Ben Stiller Jack Black Robert Downey Jr. Nick Nolte Steve Coogan,Ben Stiller,43.192048,09-08-2008,6.5
3233,Paul,Adventure Comedy Science Fiction,"For the past 60 years, a space-traveling smart-ass named Paul has been locked up in a top-secret military base, advising world leaders about his kind. But when he worries he’s outlived his usefulness and the dissection table is drawing uncomfortably close, Paul escapes on the first RV that passes by his compound in Area 51. Fortunately, it contains the two earthlings who are most likely to rescue and harbor an alien on the run.",Seth Rogen Simon Pegg Nick Frost Jason Bateman Kristen Wiig,Greg Mottola,43.151268,14-02-2011,6.5
391,Total Recall,Action Adventure Science Fiction,"Construction worker Douglas Quaid discovers a memory chip in his brain during a virtual-reality trip. He also finds that his past has been invented to conceal a plot of planetary domination. Soon, he's off to Mars to find out who he is and who planted the chip.",Arnold Schwarzenegger Sharon Stone Rachel Ticotin Ronny Cox Michael Ironside,Paul Verhoeven,43.129703,01-06-1990,7.1
522,School of Rock,Comedy Music,"Fired from his band and hard up for cash, guitarist and vocalist Dewey Finn finagles his way into a job as a fourth-grade substitute teacher at a private school, where he secretly begins teaching his students the finer points of rock 'n' roll. The school's hard-nosed principal is rightly suspicious of Finn's activities. But Finn's roommate remains in the dark about what he's doing.",Jack Black Joan Cusack Mike White Sarah Silverman Adam Pascal,Richard Linklater,43.057323,03-10-2003,6.7
4348,Unbroken,Drama War,"A chronicle of the life of Louis Zamperini, an Olympic runner who was taken prisoner by Japanese forces during World War II.",Jack O'Connell Domhnall Gleeson Garrett Hedlund Miyavi Finn Wittrock,Angelina Jolie,43.055253,25-12-2014,7.3
700,The Golden Compass,Adventure Fantasy,"After overhearing a shocking secret, precocious orphan Lyra Belacqua trades her carefree existence roaming the halls of Jordan College for an otherworldly adventure in the far North, unaware that it's part of her destiny.",Dakota Blue Richards Nicole Kidman Daniel Craig Sam Elliott Eva Green,Chris Weitz,42.990906,04-12-2007,5.8
364,Shrek the Third,Fantasy Adventure Animation Comedy Family,"The King of Far Far Away has died and Shrek and Fiona are to become King &amp; Queen. However, Shrek wants to return to his cozy swamp and live in peace and quiet, so when he finds out there is another heir to the throne, they set off to bring him back to rule the kingdom.",Mike Myers Eddie Murphy Cameron Diaz Julie Andrews Antonio Banderas,Chris Miller,42.986467,17-05-2007,6.0
172,AVP: Alien vs. Predator,Adventure Science Fiction Action,"When scientists discover something in the Arctic that appears to be a buried Pyramid, they send a research team out to investigate. Little do they know that they are about to step into a hunting ground where Aliens are grown as sport for the Predator race.",Sanaa Lathan Raoul Bova Ewen Bremner Colin Salmon Tommy Flanagan,Paul W.S. Anderson,42.957216,12-08-2004,5.5
4366,Wild,Drama,A woman with a tragic past decides to start her new life by hiking for one thousand miles on the Pacific Crest Trail.,Reese Witherspoon Laura Dern Thomas Sadoski Keene McRae Michiel Huisman,Jean-Marc Vall\u00e9e,42.952942,05-12-2014,7.0
3750,The Host,Action Adventure Romance Science Fiction Thriller,"A parasitic alien soul is injected into the body of Melanie Stryder. Instead of carrying out her race's mission of taking over the Earth, ""Wanda"" (as she comes to be called) forms a bond with her host and sets out to aid other free humans.",Saoirse Ronan Diane Kruger Jake Abel William Hurt Frances Fisher,Andrew Niccol,42.933027,22-03-2013,6.0
328,Tomorrow Never Dies,Adventure Action Thriller,A deranged media mogul is staging international incidents to pit the world's superpowers against each other. Now 007 must take on this evil mastermind in an adrenaline-charged battle to end his reign of terror and prevent global pandemonium.,Pierce Brosnan Jonathan Pryce Michelle Yeoh Teri Hatcher Ricky Jay,Roger Spottiswoode,42.887121,11-12-1997,6.0
4097,2 Guns,Action Comedy Crime,A DEA agent and an undercover Naval Intelligence officer who have been tasked with investigating one another find they have been set up by the mob -- the very organization the two men believe they have been stealing money from.,Denzel Washington Mark Wahlberg Paula Patton Bill Paxton Fred Ward,Baltasar Korm\u00e1kur,42.881415,02-08-2013,6.6
523,It's a Wonderful Life,Drama Family Fantasy,"George Bailey has spent his entire life giving of himself to the people of Bedford Falls. He has always longed to travel but never had the opportunity in order to prevent rich skinflint Mr. Potter from taking over the entire town. All that prevents him from doing so is George's modest building and loan company, which was founded by his generous father. But on Christmas Eve, George's Uncle Billy loses the business's $8,000 while intending to deposit it in the bank. Potter finds the misplaced money, hides it from Billy, and George's troubles begin.",James Stewart Donna Reed Lionel Barrymore Thomas Mitchell Henry Travers,Frank Capra,42.868495,20-12-1946,8.0
3872,After Earth,Science Fiction Action Adventure,"One thousand years after cataclysmic events forced humanity's escape from Earth, Nova Prime has become mankind's new home. Legendary General Cypher Raige returns from an extended tour of duty to his estranged family, ready to be a father to his 13-year-old son, Kitai. When an asteroid storm damages Cypher and Kitai's craft, they crash-land on a now unfamiliar and dangerous Earth. As his father lies dying in the cockpit, Kitai must trek across the hostile terrain to recover their rescue beacon. His whole life, Kitai has wanted nothing more than to be a soldier like his father. Today, he gets his chance.",Jaden Smith Will Smith Sophie Okonedo Zo\u00eb Kravitz Glenn Morshower,M. Night Shyamalan,42.840582,30-05-2013,5.0
4468,The Legend of Tarzan,Action Adventure,"Tarzan, having acclimated to life in London, is called back to his former home in the jungle to investigate the activities at a mining encampment.",Alexander Skarsg\u00e5rd Margot Robbie Christoph Waltz Samuel L. Jackson Djimon Hounsou,David Yates,42.741719,29-06-2016,5.5
535,Hitman,Action Crime Drama Thriller,"The best-selling videogame, Hitman, roars to life with both barrels blazing in this hardcore action-thriller starring Timothy Olyphant. A genetically engineered assassin with deadly aim, known only as ""Agent 47"" eliminates strategic targets for a top-secret organization. But when he's double-crossed, the hunter becomes the prey as 47 finds himself in a life-or-death game of international intrigue.",Timothy Olyphant Dougray Scott Olga Kurylenko Robert Knepper Ulrich Thomsen,Xavier Gens,42.669304,21-11-2007,5.9
1697,Death Race,Action Thriller Science Fiction,"Terminal Island, New York: 2020. Overcrowding in the US penal system has reached a breaking point. Prisons have been turned over to a monolithic Weyland Corporation, which sees jails full of thugs as an opportunity for televised sport. Adrenalized inmates, a global audience hungry for violence and a spectacular, enclosed arena come together to form the 'Death Race', the biggest, most brutal event.",Jason Statham Joan Allen Ian McShane Tyrese Gibson Natalie Martinez,Paul W.S. Anderson,42.57877,22-08-2008,6.0
484,Perfume: The Story of a Murderer,Crime Fantasy Drama,"Jean-Baptiste Grenouille, born in the stench of 18th century Paris, develops a superior olfactory sense, which he uses to create the world's finest perfumes. However, his work takes a dark turn as he tries to preserve scents in the search for the ultimate perfume.",Ben Whishaw Simon Chandler David Calder Richard Felix Birgit Minichmayr,Tom Tykwer,42.551902,13-09-2006,7.1
4102,Jack Ryan: Shadow Recruit,Action Drama Thriller,"Jack Ryan, as a young covert CIA analyst, uncovers a Russian plot to crash the U.S. economy with a terrorist attack.",Chris Pine Keira Knightley Kevin Costner Kenneth Branagh Lenn Kudrjawizki,Kenneth Branagh,42.538258,15-01-2014,5.9
4608,13 Hours: The Secret Soldiers of Benghazi,Action Drama History Thriller War,An American Ambassador is killed during an attack at a U.S. compound in Libya as a security team struggles to make sense out of the chaos.,James Badge Dale John Krasinski Max Martini Pablo Schreiber Toby Stephens,Michael Bay,42.526529,13-01-2016,7.0
4765,Bad Moms,Comedy,"When three overworked and under-appreciated moms are pushed beyond their limits, they ditch their conventional responsibilities for a jolt of long overdue freedom, fun, and comedic self-indulgence.",Mila Kunis Kristen Bell Kathryn Hahn Christina Applegate Jada Pinkett Smith,Jon Lucas,42.512296,28-07-2016,6.3
4290,The Judge,Drama,"A successful lawyer returns to his hometown for his mother's funeral only to discover that his estranged father, the town's judge, is suspected of murder.",Robert Duvall Robert Downey Jr. Vera Farmiga Vincent D'Onofrio Jeremy Strong,David Dobkin,42.472324,08-10-2014,7.2
4201,Rio 2,Animation Adventure Comedy Family,"It's a jungle out there for Blu, Jewel and their three kids after they're hurtled from Rio de Janeiro to the wilds of the Amazon. As Blu tries to fit in, he goes beak-to-beak with the vengeful Nigel, and meets the most fearsome adversary of all: his father-in-law.",Jesse Eisenberg Anne Hathaway Leslie Mann Jamie Foxx Andy Garc\u00eda,Carlos Saldanha,42.40024,19-03-2014,6.3
895,American Gangster,Drama Crime,"Following the death of his employer and mentor, Bumpy Johnson, Frank Lucas establishes himself as the number one importer of heroin in the Harlem district of Manhattan. He does so by buying heroin directly from the source in South East Asia and he comes up with a unique way of importing the drugs into the United States. Based on a true story.",Denzel Washington Russell Crowe Chiwetel Ejiofor Josh Brolin Lymari Nadal,Ridley Scott,42.361215,02-11-2007,7.4
3914,Flight,Drama,"Commercial airline pilot Whip Whitaker has a problem with drugs and alcohol, though so far he's managed to complete his flights safely. His luck runs out when a disastrous mechanical malfunction sends his plane hurtling toward the ground. Whip pulls off a miraculous crash-landing that results in only six lives lost. Shaken to the core, Whip vows to get sober -- but when the crash investigation exposes his addiction, he finds himself in an even worse situation.",Denzel Washington Don Cheadle Bruce Greenwood Kelly Reilly John Goodman,Robert Zemeckis,42.213765,02-11-2012,6.5
3481,The Help,Drama,"Aibileen Clark is a middle-aged African-American maid who has spent her life raising white children and has recently lost her only son; Minny Jackson is an African-American maid who has often offended her employers despite her family's struggles with money and her desperate need for jobs; and Eugenia ""Skeeter"" Phelan is a young white woman who has recently moved back home after graduating college to find out her childhood maid has mysteriously disappeared. These three stories intertwine to explain how life in Jackson, Mississippi revolves around ""the help""; yet they are always kept at a certain distance because of racial lines.",Emma Stone Viola Davis Octavia Spencer Bryce Dallas Howard Jessica Chastain,Tate Taylor,42.191509,09-08-2011,7.8
101,Saw II,Horror,"When a new murder victim is discovered with all the signs of Jigsaw's hand, Detective Eric Matthews begins a full investigation and apprehends Jigsaw with little effort. But for Jigsaw, getting caught is just another part of his plan. Eight more of his victims are already fighting for their lives and now it's time for Matthews to join the game...",Tobin Bell Shawnee Smith Donnie Wahlberg Franky G Glenn Plummer,Darren Lynn Bousman,42.187986,28-10-2005,6.3
138,Ocean's Thirteen,Crime Thriller,"Danny Ocean's team of criminals are back and composing a plan more personal than ever. When ruthless casino owner Willy Bank doublecrosses Reuben Tishkoff, causing a heart attack, Danny Ocean vows that he and his team will do anything to bring down Willy Bank along with everything he's got. Even if it means asking for help from an enemy.",George Clooney Brad Pitt Matt Damon Al Pacino Bernie Mac,Steven Soderbergh,42.069993,07-06-2007,6.5
1434,Unbreakable,Science Fiction Thriller Drama,"An ordinary man makes an extraordinary discovery when a train accident leaves his fellow passengers dead – and him unscathed. The answer to this mystery could lie with the mysterious Elijah Price, a man who suffers from a disease that renders his bones as fragile as glass.",Bruce Willis Samuel L. Jackson Robin Wright Spencer Treat Clark John Patrick Amedori,M. Night Shyamalan,42.006908,13-11-2000,6.9
417,Dr. Strangelove or: How I Learned to Stop Worrying and Love the Bomb,Drama Comedy War,"Insane General Jack D. Ripper initiates a nuclear strike on the Soviet Union. As soon as the actions of General ""Buck"" Turgidson are discovered, a war room full of politicians, generals and a Russian diplomat all frantically try to stop the nuclear strike. Near the end is a scene that is probably the most uniquely unforgettable performance of Slim Pickens in his movie career. Peter Sellers plays multiple roles in this film.",Peter Sellers George C. Scott Sterling Hayden Keenan Wynn Slim Pickens,Stanley Kubrick,41.996783,29-01-1964,8.0
4525,Unfriended,Horror Thriller,"While video chatting one night, six high school friends receive a Skype message from a classmate who killed herself exactly one year ago. A first they think it's a prank, but when the girl starts revealing the friends' darkest secrets, they realize they are dealing with something out of this world, something that wants them dead. Told entirely from a young girl's computer desktop, Unfriended redefines 'found footage' for a new generation of teens.",Shelley Hennig Moses Jacob Storm Renee Olstead William Peltz Jacob Wysocki,Levan Gabriadze,41.972329,17-04-2015,5.5
117,Ghost,Fantasy Drama Thriller Mystery Romance,"Sam Wheat is a banker, Molly Jensen is an artist, and the two are madly in love. However, when Sam is murdered by his friend and corrupt business partner Carl Bruner over a shady business deal, he is left to roam the earth as a powerless spirit. When he learns of Carl's betrayal, Sam must seek the help of psychic Oda Mae Brown to set things right and protect Molly from Carl and his goons.",Patrick Swayze Demi Moore Whoopi Goldberg Tony Goldwyn Vincent Schiavelli,Jerry Zucker,41.967005,12-07-1990,6.9
4362,The Longest Ride,Drama Romance,The lives of a young couple intertwine with a much older man as he reflects back on a lost love while he's trapped in an automobile crash.,Scott Eastwood Britt Robertson Lolita Davidovich Melissa Benoist Jack Huston,"George Tillman, Jr.",41.946523,09-04-2015,7.3
1609,The Day the Earth Stood Still,Drama Science Fiction Thriller,"A representative of an alien race that went through drastic evolution to survive its own climate change, Klaatu comes to Earth to assess whether humanity can prevent the environmental damage they have inflicted on their own planet. When barred from speaking to the United Nations, he decides humankind shall be exterminated so the planet can survive.",Keanu Reeves Jennifer Connelly Kathy Bates Jaden Smith John Cleese,Scott Derrickson,41.890722,10-12-2008,5.2
570,The Mummy Returns,Adventure Action Fantasy,"Rick and Evelyn O'Connell, along with their 8 year old son Alex, discover the key to the legendary Scorpion King's might, the fabled Bracelet of Anubis. Unfortunately, a newly resurrected Imhotep has designs on the bracelet as well, and isn't above kidnapping its new bearer, Alex, to gain control of Anubis' otherworldly army.",Brendan Fraser Rachel Weisz John Hannah Arnold Vosloo Oded Fehr,Stephen Sommers,41.862983,28-04-2001,6.0
2184,Bolt,Animation Family Adventure Comedy,"Bolt is the star of the biggest show in Hollywood. The only problem is, he thinks it's real. After he's accidentally shipped to New York City and separated from Penny, his beloved co-star and owner, Bolt must harness all his ""super powers"" to find a way home.",John Travolta Miley Cyrus Susie Essman Mark Walton Malcolm McDowell,Chris Williams,41.845878,21-11-2008,6.3
1600,Pineapple Express,Action Comedy,A stoner and his dealer are forced to go on the run from the police after the pothead witnesses a cop commit a murder.,Seth Rogen James Franco Danny McBride Gary Cole Rosie Perez,David Gordon Green,41.832392,06-08-2008,6.6
3660,47 Ronin,Drama Action Adventure Fantasy,"Based on the original 1941 movie from Japan, and from ancient Japan’s most enduring tale, the epic 3D fantasy-adventure 47 Ronin is born.  Keanu Reeves leads the cast as Kai, an outcast who joins Oishi (Hiroyuki Sanada), the leader of the 47 outcast samurai.  Together they seek vengeance upon the treacherous overlord who killed their master and banished their kind.  To restore honor to their homeland, the warriors embark upon a quest that challenges them with a series of trials that would destroy ordinary warriors.",Keanu Reeves Hiroyuki Sanada Kou Shibasaki Tadanobu Asano Min Tanaka,Carl Rinsch,41.796339,06-12-2013,5.9
749,The Blair Witch Project,Horror Mystery,"In October of 1994 three student filmmakers disappeared in the woods near Burkittsville, Maryland, while shooting a documentary. A year later their footage was found.",Michael C. Williams Heather Donahue Joshua Leonard Bob Griffith Jim King,Daniel Myrick,41.690578,14-07-1999,6.3
1199,Spirit: Stallion of the Cimarron,Western Animation Adventure Comedy Family,"As a wild stallion travels across the frontiers of the Old West, he befriends a young human and finds true love with a mare.",Matt Damon James Cromwell Daniel Studi Chopper Bernet Jeff LeBeau,Kelly Asbury,41.670544,24-05-2002,7.4
4252,3 Days to Kill,Action Drama Thriller Crime,"A dangerous international spy is determined to give up his high stakes life to finally build a closer relationship with his estranged wife and daughter. But first, he must complete one last mission - even if it means juggling the two toughest assignments yet: hunting down the world's most ruthless terrorist and looking after his teenage daughter for the first time in ten years, while his wife is out of town.",Kevin Costner Amber Heard Hailee Steinfeld Connie Nielsen T\u00f3mas Lemarquis,McG,41.638961,14-02-2014,6.0
520,Apocalypto,Action Adventure Drama Thriller,"Set in the Mayan civilization, when a man's idyllic presence is brutally disrupted by a violent invading force, he is taken on a perilous journey to a world ruled by fear and oppression where a harrowing end awaits him. Through a twist of fate and spurred by the power of his love for his woman and his family he will make a desperate break to return home and to ultimately save his way of life.",Rudy Youngblood Raoul Max Trujillo Gerardo Taracena Iazua Larios Antonio Monroy,Mel Gibson,41.570047,07-12-2006,7.3
1570,13 Going on 30,Comedy Fantasy Romance,"After total humiliation at her thirteenth birthday party, Jenna Rink wants to just hide until she's thirty. With a little magic, her wish is granted, but it turns out that being thirty isn't as always as awesome as she thought it would be!",Jennifer Garner Mark Ruffalo Judy Greer Andy Serkis Kathy Baker,Gary Winick,41.569541,13-04-2004,6.3
1166,Antz,Adventure Animation Comedy Family,"In this animated hit, a neurotic worker ant in love with a rebellious princess rises to unlikely stardom when he switches places with a soldier. Signing up to march in a parade, he ends up under the command of a bloodthirsty general. But he's actually been enlisted to fight against a termite army.",Woody Allen Dan Aykroyd Anne Bancroft Danny Glover Gene Hackman,Eric Darnell,41.515702,02-10-1998,6.0
4642,Spotlight,Drama Thriller History,"The true story of how The Boston Globe uncovered the massive scandal of child abuse and the cover-up within the local Catholic Archdiocese, shaking the entire Catholic Church to its core.",Mark Ruffalo Michael Keaton Rachel McAdams Liev Schreiber John Slattery,Tom McCarthy,41.503588,06-11-2015,7.8
640,Lara Croft: Tomb Raider,Adventure Fantasy Action Thriller,"English aristocrat Lara Croft is skilled in hand-to-hand combat and in the middle of a battle with a secret society. The shapely archaeologist moonlights as a tomb raider to recover lost antiquities and meets her match in the evil Powell, who's in search of a powerful relic.",Angelina Jolie Jon Voight Iain Glen Noah Taylor Daniel Craig,Simon West,41.498631,11-06-2001,5.7
195,Romeo + Juliet,Drama Romance,"In director Baz Luhrmann's contemporary take on William Shakespeare's classic tragedy, the Montagues and Capulets have moved their ongoing feud to the sweltering suburb of Verona Beach, where Romeo and Juliet fall in love and secretly wed. Though the film is visually modern, the bard's dialogue remains.",Leonardo DiCaprio Claire Danes John Leguizamo Harold Perrineau Pete Postlethwaite,Baz Luhrmann,41.493042,31-10-1996,6.7
1922,Seven Pounds,Drama,An IRS agent with a fateful secret embarks on an extraordinary journey of redemption by forever changing the lives of seven strangers.,Will Smith Rosario Dawson Sarah Jane Morris Woody Harrelson Michael Ealy,Gabriele Muccino,41.472404,18-12-2008,7.5
3234,RED,Action Adventure Comedy Crime Thriller,"When his peaceful life is threatened by a high-tech assassin, former black-ops agent, Frank Moses reassembles his old team in a last ditch effort to survive and uncover his assailants.",Bruce Willis John Malkovich Helen Mirren Mary-Louise Parker Karl Urban,Robert Schwentke,41.430245,13-10-2010,6.6
3162,The Tourist,Action Thriller Romance,"American tourist Frank (Johnny Depp) meets mysterious British woman Elsie (Angelina Jolie) on the train to Venice. Romance seems to bud, but there's more to her than meets the eye. Remake of the 2005 French film ""Anthony Zimmer"", written and directed by Jérôme Salle.",Johnny Depp Angelina Jolie Paul Bettany Timothy Dalton Steven Berkoff,Florian Henckel von Donnersmarck,41.426678,08-12-2010,6.0
190,The Day After Tomorrow,Action Adventure Science Fiction Thriller,"After years of increases in the greenhouse effect,  havoc is wreaked globally in the form of catastrophic hurricanes, tornadoes, tidal waves, floods and the beginning of a new Ice Age. Paleoclimatologist, Jack Hall tries to warn the world while also shepherding to safety his son, trapped in New York after the city is overwhelmed by the start of the new big freeze.",Dennis Quaid Jake Gyllenhaal Emmy Rossum Dash Mihok Jay O. Sanders,,41.380094,26-05-2004,6.2
609,The Beach,Drama Adventure Romance Thriller,"Twenty-something Richard travels to Thailand and finds himself in possession of a strange map. Rumours state that it leads to a solitary beach paradise, a tropical bliss - excited and intrigued, he sets out to find it.",Leonardo DiCaprio Guillaume Canet Tilda Swinton Virginie Ledoyen Staffan Kihlbom,Danny Boyle,41.362082,11-02-2000,6.3
146,Insomnia,Crime Mystery Thriller,Two Los Angeles homicide detectives are dispatched to a northern town where the sun doesn't set to investigate the methodical murder of a local teen.,Al Pacino Robin Williams Hilary Swank Maura Tierney Martin Donovan,Christopher Nolan,41.322708,24-05-2002,6.8
289,From Russia with Love,Action Thriller Adventure,"Agent 007 is back in the second installment of the James Bond series, this time battling a secret crime organization known as SPECTRE. Russians Rosa Klebb and Kronsteen are out to snatch a decoding device known as the Lektor, using the ravishing Tatiana to lure Bond into helping them. Bond willingly travels to meet Tatiana in Istanbul, where he must rely on his wits to escape with his life in a series of deadly encounters with the enemy",Sean Connery Daniela Bianchi Pedro Armend\u00e1riz Lotte Lenya Robert Shaw,Terence Young,41.298723,11-10-1963,6.9
420,Lawrence of Arabia,Adventure Drama History War,"An epic about British officer T.E. Lawrence's mission to aid the Arab tribes in their revolt against the Ottoman Empire during the First World War. Lawrence becomes a flamboyant, messianic figure in the cause of Arab unity but his psychological instability threatens to undermine his achievements.",Peter O'Toole Alec Guinness Anthony Quinn Jack Hawkins Omar Sharif,David Lean,41.286336,10-12-1962,7.8
385,Enemy at the Gates,War,Enemy at the Gates is a war film from Jean-Jacques Annaud from 2001 that takes place during the battle of Stalingard in World War II between the Russians and the Germans.,Jude Law Rachel Weisz Ed Harris Joseph Fiennes Bob Hoskins,Jean-Jacques Annaud,41.273567,13-03-2001,7.2
1641,Fantastic Mr. Fox,Adventure Animation Comedy Family,"The Fantastic Mr. Fox bored with his current life, plans a heist against the three local farmers. The farmers, tired of sharing their chickens with the sly fox, seek revenge against him and his family.",George Clooney Meryl Streep Jason Schwartzman Bill Murray Wallace Wolodarsky,Wes Anderson,41.258956,23-10-2009,7.5
4459,Paul Blart: Mall Cop 2,Action Comedy Family,"Security guard Paul Blart is headed to Las Vegas to attend a Security Guard Expo with his teenage daughter Maya before she departs for college. While at the convention, he inadvertently discovers a heist - and it's up to Blart to apprehend the criminals.",Kevin James Raini Rodriguez Eduardo Ver\u00e1stegui Daniella Alonso Neal McDonough,Andy Fickman,41.258487,16-04-2015,5.0
781,Ace Ventura: Pet Detective,Comedy Mystery,"He's Ace Ventura: Pet Detective. Jim Carrey is on the case to find the Miami Dolphins' missing mascot and quarterback Dan Marino. He goes eyeball to eyeball with a man-eating shark, stakes out the Miami Dolphins and woos and wows the ladies. Whether he's undercover, under fire or underwater, he always gets his man . . . or beast!",Jim Carrey Sean Young Courteney Cox Tone Loc Dan Marino,Tom Shadyac,41.249004,04-02-1994,6.4
4013,Cloudy with a Chance of Meatballs 2,Animation Family Comedy,"After the disastrous food storm in the first film, Flint and his friends are forced to leave the town. Flint accepts the invitation from his idol Chester V to join The Live Corp Company, which has been tasked to clean the island, and where the best inventors in the world create technologies for the betterment of mankind. When Flint discovers that his machine still operates and now creates mutant food beasts like living pickles, hungry tacodiles, shrimpanzees and apple pie-thons, he and his friends must return to save the world.",Bill Hader Anna Faris James Caan Will Forte Andy Samberg,Cody Cameron,41.247402,26-09-2013,6.4
1455,Enemy of the State,Action Drama Thriller,"Hotshot Washington lawyer, Robert Dean becomes a victim of high-tech identity theft when a hacker slips an incriminating video into his pocket. Soon, a rogue National Security agent sets out to recover the tape – and destroy Dean.",Will Smith Gene Hackman Jon Voight Regina King Ian Hart,Tony Scott,41.207568,20-11-1998,6.7
1262,Click,Comedy Drama Fantasy Romance,A workaholic architect finds a universal remote that allows him to fast-forward and rewind to different parts of his life. Complications arise when the remote starts to overrule his choices.,Adam Sandler Kate Beckinsale Christopher Walken David Hasselhoff Henry Winkler,Frank Coraci,41.176631,22-06-2006,6.0
1323,DodgeBall: A True Underdog Story,Comedy,"When megalomaniacal White Goodman, the owner of a trendy, high-end fitness center, makes a move to take over the struggling local gym run by happy-go-lucky Pete La Fleur, there's only one way for La Fleur to fight back: dodgeball. Aided by a dodgeball guru and Goodman's attorney, La Fleur and his rag-tag team of underdogs launch a knock-down, drag-out battle in which the winner takes all.",Vince Vaughn Christine Taylor Ben Stiller Rip Torn Justin Long,Rawson Marshall Thurber,41.156217,18-06-2004,6.2
23,Brazil,Comedy Science Fiction,"Low-level bureaucrat Sam Lowry escapes the monotony of his day-to-day life through a recurring daydream of himself as a virtuous hero saving a beautiful damsel. Investigating a case that led to the wrongful arrest and eventual death of an innocent man instead of wanted terrorist Harry Tuttle, he meets the woman from his daydream, and in trying to help her gets caught in a web of mistaken identities, mindless bureaucracy and lies.",Jonathan Pryce Robert De Niro Katherine Helmond Ian Holm Bob Hoskins,Terry Gilliam,41.089863,20-02-1985,7.5
3878,Moonrise Kingdom,Comedy Drama Romance,"Set on an island off the coast of New England in the summer of 1965, Moonrise Kingdom tells the story of two twelve-year-olds who fall in love, make a secret pact, and run away together into the wilderness. As various authorities try to hunt them down, a violent storm is brewing off-shore – and the peaceful island community is turned upside down in more ways than anyone can handle.",Bruce Willis Edward Norton Jared Gilman Kara Hayward Bill Murray,Wes Anderson,41.083914,16-05-2012,7.6
2726,The Road,Adventure Drama,"A father and his son walk alone through burned America. Nothing moves in the ravaged landscape save the ash on the wind and water. It is cold enough to crack stones, and, when the snow falls it is gray. The sky is dark. Their destination is the warmer south, although they don't know what, if anything, awaits them there.",Viggo Mortensen Kodi Smit-McPhee Charlize Theron Robert Duvall Guy Pearce,John Hillcoat,41.075532,25-11-2009,6.8
3856,Sinister,Horror Thriller Mystery,"Found footage helps a true-crime novelist realize how and why a family was murdered in his new home, though his discoveries put his entire family in the path of a supernatural entity.",Ethan Hawke Juliet Rylance Vincent D'Onofrio James Ransone Fred Dalton Thompson,Scott Derrickson,41.045084,29-03-2012,6.7
3668,The Descendants,Comedy Drama,"With his wife Elizabeth on life support after a boating accident, Hawaiian land baron, Matt King takes his daughters on a trip from Oahu to Kauai to confront the young real estate broker, who was having an affair with Elizabeth before her misfortune.",George Clooney Shailene Woodley Amara Miller Nick Krause Robert Forster,Alexander Payne,40.903931,09-09-2011,6.7
1109,Wild Wild West,Action Adventure Comedy Science Fiction Western,Legless Southern inventor Dr. Arliss Loveless plans to rekindle the Civil War by assassinating President U.S. Grant. Only two men can stop him: gunfighter James West and master-of-disguise and inventor Artemus Gordon. The two must team up to thwart Loveless' plans.,Will Smith Kevin Kline Kenneth Branagh Salma Hayek M. Emmet Walsh,Barry Sonnenfeld,40.748915,29-06-1999,5.1
3746,Journey 2: The Mysterious Island,Adventure Action Science Fiction,"Sean Anderson partners with his mom's boyfriend on a mission to find his grandfather, who is thought to be missing on a mythical island.",Dwayne Johnson Josh Hutcherson Kristin Davis Vanessa Hudgens Luis Guzm\u00e1n,Brad Peyton,40.723459,19-01-2012,5.8
4014,Beautiful Creatures,Fantasy Drama Romance,"Ethan Wate just wants to get to know Lena Duchannes better, but unbeknownst to him, Lena has strange powers.  As Lena's 16th birthday approaches she might decide her fate, to be good or evil.  A choice which will impact her relationship forever.",Alden Ehrenreich Alice Englert Jeremy Irons Viola Davis Emmy Rossum,Richard LaGravenese,40.721373,13-02-2013,5.6
517,Resident Evil,Horror Action Science Fiction,"When a virus leaks from a top-secret facility, turning all resident researchers into ravenous zombies and their lab animals into mutated hounds from hell, the government sends in an elite military task force to contain the outbreak. Alice and Rain are charged with leading the mission. But they only have three hours before the pathogen becomes airborne and infects the world.",Milla Jovovich Michelle Rodriguez Eric Mabius Ryan McCluskey Oscar Pearce,Paul W.S. Anderson,40.715623,15-03-2002,6.4
3784,Shame,Drama,"Brandon is a New Yorker who shuns intimacy with women but feeds his desires with a compulsive addiction to sex. When his wayward younger sister moves into his apartment stirring memories of their shared painful past, Brandon's insular life spirals out of control.",Michael Fassbender Carey Mulligan James Badge Dale Nicole Beharie Alex Manette,Steve McQueen,40.688426,02-10-2011,7.0
458,Bridge to Terabithia,Adventure Drama Family,"Jesse Aarons trained all summer to become the fastest runner in school, so he's very upset when newcomer Leslie Burke outruns him and everyone else. Despite this and other differences, including that she's rich, he's poor, and she's a city girl, he's a country boy, the two become fast friends. Together, they create Terabithia, a land of monsters, trolls, ogres, and giants and rule as king and queen.",Josh Hutcherson AnnaSophia Robb Robert Patrick Zooey Deschanel Bailee Madison,G\u00e1bor Csup\u00f3,40.646102,16-02-2007,7.0
87,Jackie Brown,Comedy Crime Romance,"Jackie Brown is a flight attendant who gets caught in the middle of smuggling cash into the country for her gunrunner boss. When the cops try to use Jackie to get to her boss, she hatches a plan—with help from a bail bondsman—to keep the money for herself. Based on Elmore Leonard's novel “Rum Punch”.",Pam Grier Samuel L. Jackson Robert Forster Bridget Fonda Michael Keaton,Quentin Tarantino,40.631671,24-12-1997,7.3
2622,The Taking of Pelham 1 2 3,Thriller Drama Crime,"Armed men hijack a New York City subway train, holding the passengers hostage in return for a ransom, and turning an ordinary day's work for dispatcher Walter Garber into a face-off with the mastermind behind the crime.",Denzel Washington John Travolta Luis Guzm\u00e1n Victor Gojcaj John Turturro,Tony Scott,40.597856,11-06-2009,6.2
1752,You Don't Mess with the Zohan,Comedy Action,An Israeli counterterrorism soldier with a secretly fabulous ambition to become a Manhattan hairstylist. Zohan's desire runs so deep that he'll do anything -- including faking his own death and going head-to-head with an Arab cab driver -- to make his dreams come true.,Adam Sandler John Turturro Emmanuelle Chriqui Nick Swardson Lainie Kazan,Dennis Dugan,40.597344,05-06-2008,5.5
3492,Friends with Benefits,Romance Comedy,"Jamie is a New York-based executive recruiter who entices Dylan, an art director from Los Angeles, to take a job at the New York office of GQ magazine. Finding that they have much in common, the two become fast friends. Feeling jaded by a number of broken romances, Dylan and Jamie decide that they are ready to quit looking for true love and focus on having fun. However, complications unfold when the two best pals add sex to their relationship.",Justin Timberlake Mila Kunis Patricia Clarkson Woody Harrelson Nolan Gould,Will Gluck,40.526587,21-07-2011,6.5
151,Jurassic Park,Adventure Science Fiction,"A wealthy entrepreneur secretly creates a theme park featuring living dinosaurs drawn from prehistoric DNA. Before opening day, he invites a team of experts and his two eager grandchildren to experience the park and help calm anxious investors. However, the park is anything but amusing as the security systems go off-line and the dinosaurs escape.",Sam Neill Laura Dern Jeff Goldblum Richard Attenborough Bob Peck,Steven Spielberg,40.413191,11-06-1993,7.6
403,A Few Good Men,Drama,"When cocky military lawyer Lt. Daniel Kaffee and his co-counsel, Lt. Cmdr. JoAnne Galloway, are assigned to a murder case, they uncover a hazing ritual that could implicate high-ranking officials such as shady Col. Nathan Jessep.",Tom Cruise Jack Nicholson Demi Moore Kevin Bacon Kevin Pollak,Rob Reiner,40.379966,11-12-1992,7.1
4223,Child 44,Crime Thriller,"Set in Stalin-era Soviet Union, a disgraced MGB agent is dispatched to investigate a series of child murders -- a case that begins to connect with the very top of party leadership.",Tom Hardy Gary Oldman Noomi Rapace Joel Kinnaman Paddy Considine,Daniel Espinosa,40.371098,15-03-2015,6.1
1276,Donnie Brasco,Crime Drama Thriller,An FBI undercover agent infilitrates the mob and finds himself identifying more with the mafia life at the expense of his regular one.,Johnny Depp Al Pacino Michael Madsen Bruno Kirby James Russo,Mike Newell,40.370442,27-02-1997,7.4
4510,The DUFF,Romance Comedy,"Bianca's universe turns upside down when she learns that her high school refers to her as a ‘DUFF' (Designated Ugly Fat Friend). Hoping to erase that label, she enlists the help of a charming jock and her favorite teacher. Together they'll face the school's mean girl and remind everyone that we are all someone's DUFF… and that's totally fine.",Mae Whitman Robbie Amell Bella Thorne Bianca A. Santos Skyler Samuels,Ari Sandel,40.28709,20-02-2015,6.8
3600,Kick-Ass 2,Action Adventure Crime,"After Kick-Ass’ insane bravery inspires a new wave of self-made masked crusaders, he joins a patrol led by the Colonel Stars and Stripes. When these amateur superheroes are hunted down by Red Mist — reborn as The Mother Fucker — only the blade-wielding Hit-Girl can prevent their annihilation.",Aaron Taylor-Johnson Chlo\u00eb Grace Moretz Christopher Mintz-Plasse Clark Duke Jim Carrey,Jeff Wadlow,40.28635,17-07-2013,6.3
3949,The Raid,Action Thriller Crime,"Deep in the heart of Jakarta's slums lies an impenetrable safe house for the world's most dangerous killers and gangsters. Until now, the run-down apartment block has been considered untouchable to even the bravest of police. Cloaked under the cover of pre-dawn darkness and silence, an elite swat team is tasked with raiding the safe house in order to take down the notorious drug lord that runs it.  But when a chance encounter with a spotter blows their cover and news of their assault reaches the drug lord, the building's lights are cut and all the exits blocked. Stranded on the sixth floor with no way out, the unit must fight their way through the city's worst to survive their mission. Starring Indonesian martial arts sensation Iko Uwais.",Iko Uwais Joe Taslim Donny Alamsyah Yayan Ruhian Ray Sahetapy,Gareth Evans,40.285095,08-09-2011,7.3
3788,Percy Jackson: Sea of Monsters,Adventure Family Fantasy,"In their quest to confront the ultimate evil, Percy and his friends battle swarms of mythical creatures to find the mythical Golden Fleece and to stop an ancient evil from rising.",Logan Lerman Alexandra Daddario Douglas Smith Leven Rambin Brandon T. Jackson,Thor Freudenthal,40.262261,07-08-2013,5.9
843,Charlie's Angels,Action Adventure Comedy Crime Thriller,"Aspects of this take on the 1970s hit TV series are similar to the original show :Angels Dylan, Natalie and Alex still work for Charlie and interface with Bosley. They still flip their hair, stop traffic with a smile and kick butt. The differences are the unsubtle humor, the martial arts training and the high-tech premise: This time, they're hot on the trail of stolen software.",Cameron Diaz Lucy Liu Drew Barrymore Bill Murray John Forsythe,McG,40.20395,02-11-2000,5.6
2106,The Wrestler,Drama Romance,"Aging wrestler Randy ""The Ram"" Robinson is long past his prime but still ready and rarin' to go on the pro-wrestling circuit. After a particularly brutal beating, however, Randy hangs up his tights, pursues a serious relationship with a long-in-the-tooth stripper, and tries to reconnect with his estranged daughter. But he can't resist the lure of the ring and readies himself for a comeback.",Mickey Rourke Marisa Tomei Evan Rachel Wood Mark Margolis Todd Barry,Darren Aronofsky,40.196514,07-09-2008,7.3
1483,The Princess Diaries,Comedy Family Romance,"A socially awkward but very bright 15-year-old girl being raised by a single mom discovers that she is the princess of a small European country because of the recent death of her long-absent father, who, unknown to her, was the crown prince of Genovia. She must make a choice between continuing the life of a San Francisco teen or stepping up to the throne.",Anne Hathaway Julie Andrews Heather Matarazzo Robert Schwartzman H\u00e9ctor Elizondo,Garry Marshall,40.176265,03-08-2001,6.5
850,The Brothers Grimm,Adventure Fantasy Action Comedy Thriller,"Folklore collectors and con artists, Jake and Will Grimm, travel from village to village pretending to protect townsfolk from enchanted creatures and performing exorcisms. However, they are put to the test  when they encounter a real magical curse in a haunted forest with real magical beings, requiring genuine courage.",Heath Ledger Matt Damon Mackenzie Crook Roger Ashton-Griffiths Peter Stormare,Terry Gilliam,40.138009,26-08-2005,5.6
370,Austin Powers in Goldmember,Comedy Crime Science Fiction,"The world's most shagadelic spy continues his fight against Dr. Evil. This time, the diabolical doctor and his clone, Mini-Me, team up with a new foe -- '70s kingpin Goldmember. While pursuing the team of villains to stop them from world domination, Austin gets help from his dad and an old girlfriend.",Mike Myers Beyonc\u00e9 Knowles Seth Green Michael York Mindy Sterling,Jay Roach,40.137264,26-07-2002,5.9
1132,The Thin Red Line,Drama History War,"Based on the graphic novel by James Jones, The Thin Red Line tells the story of a group of men, an Army Rifle company called C-for-Charlie, who change, suffer, and ultimately make essential discoveries about themselves during the fierce World War II battle of Guadalcanal. It follows their journey, from the surprise of an unopposed landing, through the bloody and exhausting battles that follow, to the ultimate departure of those who survived. A powerful frontline cast - including Sean Penn, Nick Nolte, Woody Harrelson and George Clooney - explodes into action in this hauntingly realistic view of military and moral chaos in the Pacific during World War II.",Sean Penn Adrien Brody Jim Caviezel Ben Chaplin George Clooney,Terrence Malick,40.072583,25-12-1998,7.2
217,Casino,Drama Crime,The life of the gambling paradise – Las Vegas – and its dark mafia underbelly.,Robert De Niro Sharon Stone Joe Pesci James Woods Don Rickles,Martin Scorsese,40.06688,22-11-1995,7.8
4553,Maggie,Horror,"There's a deadly zombie epidemic threatening humanity, but Wade, a small-town farmer and family man, refuses to accept defeat even when his daughter Maggie becomes infected. As Maggie's condition worsens and the authorities seek to eradicate those with the virus, Wade is pushed to the limits in an effort to protect her. Joely Richardson co-stars in this post-apocalyptic thriller.",Arnold Schwarzenegger Abigail Breslin Joely Richardson Douglas M. Griffin J.D. Evermore,Henry Hobson,40.016306,08-05-2015,5.2
3725,American Reunion,Comedy,"The characters we met a little more than a decade ago are returning to East Great Falls for their high-school reunion. In one long-overdue weekend, they will discover what has changed, who hasn’t and that time and distance can’t break the bonds of friendship. It was summer 1999 when four small-town Michigan boys began a quest to lose their virginity. In the years that have passed, Jim and Michelle married while Kevin and Vicky said goodbye. Oz and Heather grew apart, but Finch still longs for Stifler’s mom. Now these lifelong friends have come home as adults to reminisce about – and get inspired by – the hormonal teens who launched a comedy legend.",Jason Biggs Alyson Hannigan Seann William Scott Chris Klein Thomas Ian Nicholas,Jon Hurwitz,39.920035,04-04-2012,6.1
428,Spaceballs,Comedy Science Fiction,"When the nefarious Dark Helmet hatches a plan to snatch Princess Vespa and steal her planet's air, space-bum-for-hire Lone Starr and his clueless sidekick fly to the rescue. Along the way, they meet Yogurt, who puts Lone Starr wise to the power of ""The Schwartz."" Can he master it in time to save the day?",Mel Brooks Rick Moranis Bill Pullman Daphne Zuniga John Candy,Mel Brooks,39.890798,24-06-1987,6.7
4034,Paddington,Family Comedy,"A young Peruvian bear with a passion for all things British travels to London in search of a home. Finding himself lost and alone at Paddington Station, he begins to realize that city life is not all he had imagined - until he meets the kindly Brown family, who read the label around his neck ('Please look after this bear. Thank you.') and offer him a temporary haven. It looks as though his luck has changed until this rarest of bears catches the eye of a museum taxidermist...",Nicole Kidman Peter Capaldi Ben Whishaw Michael Gambon Imelda Staunton,Paul King,39.882276,27-11-2014,7.0
4627,Teenage Mutant Ninja Turtles: Out of the Shadows,Fantasy Action Adventure Comedy,"After supervillain Shredder escapes custody, he joins forces with mad scientist Baxter Stockman and two dimwitted henchmen, Bebop and Rocksteady, to unleash a diabolical plan to take over the world. As the Turtles prepare to take on Shredder and his new crew, they find themselves facing an even greater evil with similar intentions: the notorious Krang.",Megan Fox Stephen Amell Will Arnett Laura Linney Pete Ploszek,Dave Green,39.873791,01-06-2016,5.8
1730,The Girl Next Door,Comedy,"Exceptionally ambitious high schooler Matthew has aspirations for a career in politics when he falls in love with his gorgeous 19-year-old neighbor, Danielle. But Matthew's bright future is jeopardized when he finds Danielle was once a porn star. As Danielle's past catches up with her, Matthew's love for her forces him to re-evaluate his goals.",Emile Hirsch Elisha Cuthbert Timothy Olyphant James Remar Chris Marquette,Luke Greenfield,39.784026,09-04-2004,6.3
160,Seven Samurai,Action Drama,"A samurai answers a village's request for protection after he falls on hard times. The town needs protection from bandits, so the samurai gathers six others to help him teach the people how to defend themselves, and the villagers provide the soldiers with food. A giant battle occurs when 40 bandits attack the village.",Toshir\u014d Mifune Takashi Shimura Yoshio Inaba Seiji Miyaguchi Minoru Chiaki,Akira Kurosawa,39.756748,26-04-1954,8.2
2596,A Christmas Carol,Animation Drama,"Miser Ebenezer Scrooge is awakened on Christmas Eve by spirits who reveal to him his own miserable existence, what opportunities he wasted in his youth, his current cruelties, and the dire fate that awaits him if he does not change his ways. Scrooge is faced with his own story of growing bitterness and meanness, and must decide what his own future will hold: death or redemption.",Gary Oldman Jim Carrey Steve Valentine Daryl Sabara Sage Ryan,Robert Zemeckis,39.744242,04-11-2009,6.6
60,"O Brother, Where Art Thou?",Action Adventure Comedy,"In the deep south during the 1930s, three escaped convicts search for hidden treasure while a relentless lawman pursues them. On their journey they come across many comical characters and incredible situations. Based upon Homer's 'Odyssey'.",George Clooney John Turturro Tim Blake Nelson John Goodman Holly Hunter,Joel Coen,39.742009,30-08-2000,7.3
3130,The World Is Not Enough,Adventure Action Thriller,"Greed, revenge, world dominance and high-tech terrorism – it's all in a day's work for Bond, who's on a mission to a protect beautiful oil heiress from a notorious terrorist. In a race against time that culminates in a dramatic submarine showdown, Bond works to defuse the international power struggle that has the world's oil supply hanging in the balance.",Pierce Brosnan Sophie Marceau Robert Carlyle Denise Richards Robbie Coltrane,Michael Apted,39.604363,08-11-1999,6.0
2136,Ponyo,Animation Family,"The son of a sailor, 5-year old Sosuke lives a quiet life on an oceanside cliff with his mother Lisa. One fateful day, he finds a beautiful goldfish trapped in a bottle on the beach and upon rescuing her, names her Ponyo. But she is no ordinary goldfish. The daughter of a masterful wizard and a sea goddess, Ponyo uses her father's magic to transform herself into a young girl and quickly falls in love with Sosuke, but the use of such powerful sorcery causes a dangerous imbalance in the world. As the moon steadily draws nearer to the earth and Ponyo's father sends the ocean's mighty waves to find his daughter, the two children embark on an adventure of a lifetime to save the world and fulfill Ponyo's dreams of becoming human.",Yuria Nara Hiroki Doi George Tokoro Tomoko Yamaguchi Yuki Amami,Hayao Miyazaki,39.58676,19-07-2008,7.5
3806,ParaNorman,Family Animation Adventure Comedy,"In the town of Blithe Hollow, Norman Babcock is a boy who can speak to the dead, but no one besides his eccentric new friend, Neil, believes his ability is real. One day, Norman's estranged eccentric uncle tells him of an important annual ritual he must take up to protect the town from an curse cast by a witch it condemned centuries ago. Eventually, Norman decides to cooperate, but things don't go according to plan. Now, a magic storm of the witch threatens Blithe Hollow as the accursed dead rise. Together with unexpected new companions, Norman struggles to save his town, only to discover the horrific truth of the curse. With that insight, Norman must resolve the crisis for good as only he can.",Kodi Smit-McPhee Tucker Albrizzi Jodelle Ferland Anna Kendrick Casey Affleck,Sam Fell,39.539045,03-08-2012,6.7
3467,R.I.P.D.,Fantasy Action Comedy Crime,A recently slain cop joins a team of undead police officers working for the Rest in Peace Department and tries to find the man who murdered him. Based on the comic by Peter M. Lenkov.,Jeff Bridges Ryan Reynolds Kevin Bacon Stephanie Szostak Mary-Louise Parker,Robert Schwentke,39.448066,18-07-2013,5.4
3840,The Watch,Comedy,"Four everyday suburban guys come together as an excuse to escape their humdrum lives one night a week. But when they accidentally discover that their town has become overrun with aliens posing as ordinary suburbanites, they have no choice but to save their neighborhood - and the world - from total extermination.",Ben Stiller Vince Vaughn Jonah Hill Richard Ayoade Rosemarie DeWitt,Akiva Schaffer,39.395881,26-07-2012,5.3
192,Aliens vs Predator: Requiem,Fantasy Action Science Fiction Thriller Horror,"A sequel to 2004's Alien vs. Predator, the iconic creatures from two of the scariest film franchises in movie history wage their most brutal battle ever - in our own backyard. The small town of Gunnison, Colorado becomes a war zone between two of the deadliest extra-terrestrial life forms - the Alien and the Predator. When a Predator scout ship crash-lands in the hills outside the town, Alien Facehuggers and a hybrid Alien/Predator are released and begin to terrorize the town.",Steven Pasquale Reiko Aylesworth John Ortiz Ariel Gade Sam Trammell,Colin Strause,39.381913,25-12-2007,4.9
65,Akira,Science Fiction Animation,"Childhood friends Tetsuo and Kaneda are pulled into the post-apocalyptic underworld of Neo-Tokyo and forced to fight for their very survival. Kaneda is a bike gang leader, and Tetsuo is a member of a tough motorcycle crew who becomes involved in a covert government project called Akira. But a bloody battle ensues when Kaneda sets out to save his friend.",Mitsuo Iwata Nozomu Sasaki Mami Koyama Tesshou Genda Hiroshi Ohtake,Katsuhiro \u014ctomo,39.338097,16-07-1988,7.8
4189,Brooklyn,Drama Romance,"In 1950s Ireland and New York, young Ellis Lacey has to choose between two men and two countries.",Saoirse Ronan Domhnall Gleeson Emory Cohen Jim Broadbent Julie Walters,John Crowley,39.337949,20-10-2015,7.2
748,Dark City,Mystery Science Fiction,"A man struggles with memories of his past, including a wife he cannot remember, in a nightmarish world with no sun and run by beings with telekinetic powers who seek the souls of humans.",Rufus Sewell William Hurt Kiefer Sutherland Jennifer Connelly Richard O'Brien,Alex Proyas,39.324831,27-02-1998,7.2
111,Some Like It Hot,Comedy Romance,"Two musicians witness a mob hit and struggle to find a way out of the city before they are found by the gangsters. Their only opportunity is to join an all-girl band as they leave on a tour. To make their getaway they must first disguise themselves as women, then keep their identities secret and deal with the problems this brings - such as an attractive bandmate and a very determined suitor.",Marilyn Monroe Tony Curtis Jack Lemmon George Raft Pat O\u2019Brien,Billy Wilder,39.30982,18-03-1959,8.0
2820,Sucker Punch,Action Fantasy Thriller,"A young girl is institutionalized by her abusive stepfather. Retreating to an alternative reality as a coping strategy, she envisions a plan which will help her escape from the mental facility.",Emily Browning Abbie Cornish Jena Malone Vanessa Hudgens Jamie Chung,Zack Snyder,39.127082,24-03-2011,5.9
632,Alexander,War History Action Adventure Drama,"Alexander, the King of Macedonia, leads his legions against the giant Persian Empire. After defeating the Persians, he leads his army across the then known world, venturing farther than any westerner had ever gone, all the way to India.",Colin Farrell Angelina Jolie Val Kilmer Jared Leto Jonathan Rhys Meyers,Oliver Stone,39.019229,21-11-2004,5.6
4501,"Hail, Caesar!",Comedy Drama Mystery,"Tells the comedic tale of Eddie Mannix, a fixer who worked for the Hollywood studios in the 1950s. The story finds him at work when a star mysteriously disappears in the middle of filming.",Josh Brolin George Clooney Alden Ehrenreich Ralph Fiennes Scarlett Johansson,Joel Coen,39.006187,05-02-2016,5.7
4041,White House Down,Action Drama Thriller,"Capitol Policeman John Cale has just been denied his dream job with the Secret Service of protecting President James Sawyer. Not wanting to let down his little girl with the news, he takes her on a tour of the White House, when the complex is overtaken by a heavily armed paramilitary group. Now, with the nation's government falling into chaos and time running out, it's up to Cale to save the president, his daughter, and the country.",Channing Tatum Jamie Foxx Joey King Maggie Gyllenhaal Richard Jenkins,Roland Emmerich,39.004588,27-06-2013,6.4
680,"Me, Myself & Irene",Comedy,"Rhode Island State Trooper Charlie Baileygates has a multiple personality disorder. One personality is crazy and aggressive, while the other is more friendly and laid back. Both of these personalities fall in love with the same woman named Irene after Charlie loses his medication.",Jim Carrey Ren\u00e9e Zellweger Anthony Anderson Robert Forster Richard Jenkins,Bobby Farrelly,39.001682,22-06-2000,6.1
3606,This Means War,Action Comedy Romance,Two top CIA operatives wage an epic battle against one another after they discover they are dating the same woman.,Reese Witherspoon Chris Pine Tom Hardy Laura Vandervoort Angela Bassett,McG,38.994297,14-02-2012,5.9
4599,The Visit,Horror Thriller,"The terrifying story of a brother and sister who are sent to their grandparents' remote Pennsylvania farm for a weeklong trip. Once the children discover that the elderly couple is involved in something deeply disturbing, they see their chances of getting back home are growing smaller every day.",Olivia DeJonge Ed Oxenbould Kathryn Hahn Benjamin Kanes Deanna Dunagan,M. Night Shyamalan,38.94708,10-09-2015,6.0
1196,Treasure Planet,Adventure Animation Family Fantasy Science Fiction,"When space galleon cabin boy Jim Hawkins discovers a map to an intergalactic ""loot of a thousand worlds,"" a cyborg cook named John Silver teaches him to battle supernovas and space storms. But, soon, Jim realizes Silver is a pirate intent on mutiny!",Joseph Gordon-Levitt Brian Murray David Hyde Pierce Emma Thompson Michael Wincott,Ron Clements,38.924136,26-11-2002,7.2
2775,Scott Pilgrim vs. the World,Action Adventure Comedy,"Scott Pilgrim is a film adaptation of the critically acclaimed, award-winning series of graphic novels of the same name by Canadian cartoonist Bryan Lee O’Malley. Scott Pilgrim is a 23 year old Canadian slacker and wannabe rockstar who falls in love with an American delivery girl, Ramona V. Flowers, and must defeat her seven ""evil exes"" to be able to date her.",Michael Cera Mary Elizabeth Winstead Kieran Culkin Chris Evans Anna Kendrick,Edgar Wright,38.885195,27-07-2010,7.2
3198,Grown Ups,Comedy,"After their high school basketball coach passes away, five good friends and former teammates reunite for a Fourth of July holiday weekend.",Adam Sandler Salma Hayek Maria Bello Steve Buscemi Maya Rudolph,Dennis Dugan,38.864027,24-06-2010,6.0
697,Valkyrie,Drama Thriller History War,"Wounded in Africa during World War II, Nazi Col. Claus von Stauffenberg returns to his native Germany and joins the Resistance in a daring plan to create a shadow government and assassinate Adolf Hitler. When events unfold so that he becomes a central player, he finds himself tasked with both leading the coup and personally killing the Führer.",Tom Cruise Carice van Houten Kenneth Branagh Bill Nighy Terence Stamp,Bryan Singer,38.832842,25-12-2008,6.7
557,Hostel,Horror,"Three backpackers head to a Slovakian city that promises to meet their hedonistic expectations, with no idea of the hell that awaits them.",Jay Hernandez Derek Richardson Eythor Gudjonsson Barbara Nedeljakova Jana Kaderabkova,Eli Roth,38.83192,06-01-2005,5.7
3235,Contagion,Drama Thriller Science Fiction,"As an epidemic of a lethal airborne virus - that kills within days - rapidly grows, the worldwide medical community races to find a cure and control the panic that spreads faster than the virus itself.",Matt Damon Gwyneth Paltrow Kate Winslet Jude Law Marion Cotillard,Steven Soderbergh,38.820858,08-09-2011,6.2
3697,Trance,Thriller Crime Drama Mystery,"A fine art auctioneer mixed up with a gang, joins forces with a hypnotherapist to recover a lost painting. As boundaries between desire, reality and hypnotic suggestion begin to blur, the stakes rise faster than anyone could have anticipated.",James McAvoy Vincent Cassel Rosario Dawson Matt Cross Danny Sapani,Danny Boyle,38.802415,27-03-2013,6.5
1343,Final Destination,Horror,"After a teenager has a terrifying vision of him and his friends dying in a plane crash, he prevents the accident only to have Death hunt them down, one by one.",Devon Sawa Ali Larter Kerr Smith Tony Todd Seann William Scott,James Wong,38.799596,16-03-2000,6.4
169,A Fistful of Dollars,Western,"The Man With No Name enters the Mexican village of San Miguel in the midst of a power struggle among the three Rojo brothers and sheriff John Baxter. When a regiment of Mexican soldiers bearing gold intended to pay for new weapons is waylaid by the Rojo brothers, the stranger inserts himself into the middle of the long-simmering battle, selling false information to both sides for his own benefit.",Clint Eastwood Marianne Koch Gian Maria Volont\u00e9 Wolfgang Lukschy Jos\u00e9 Calvo,Sergio Leone,38.771062,12-09-1964,7.6
3874,Mr. Peabody & Sherman,Animation Adventure Family,"A young boy and his dog, who happens to have a genius-level IQ, spring into action when their time-travel machine is stolen and moments in history begin to be changed.",Ty Burrell Max Charles Ariel Winter Allison Janney Ellie Kemper,Rob Minkoff,38.73494,07-02-2014,6.7
3144,True Lies,Action Thriller,"Harry Tasker is a secret agent for the United States Government. For years, he has kept his job from his wife, but is forced to reveal his identity and try to stop nuclear terrorists when he and his wife are kidnapped by them.",Arnold Schwarzenegger Jamie Lee Curtis Tom Arnold Bill Paxton Tia Carrere,James Cameron,38.729418,14-07-1994,6.8
3290,No Strings Attached,Comedy Romance,"Emma is a busy doctor who sets up a seemingly perfect arrangement when she offers her best friend Adam a relationship with one rule: No strings attached. But when a fling becomes a thing, can sex friends stay best friends?",Natalie Portman Ashton Kutcher Kevin Kline Cary Elwes Greta Gerwig,Ivan Reitman,38.688822,21-01-2011,6.1
469,Rambo: First Blood Part II,Action Adventure Thriller War,John Rambo is released from prison by the government for a top-secret covert mission to the last place on Earth he'd want to return - the jungles of Vietnam.,Sylvester Stallone Richard Crenna Charles Napier Steven Berkoff Julia Nickson,George P. Cosmatos,38.653969,21-05-1985,6.3
3434,Unknown,Action Mystery Thriller,"An American biologist attending a conference in Berlin awakens from a coma after a car accident, only to discover that someone has taken his identity and that no one, not even his wife, believes him. With the help of an illegal immigrant and a former Stazi agent, he sets out to prove who he is and find out why people are trying to kill him.",Liam Neeson Diane Kruger January Jones Aidan Quinn Bruno Ganz,Jaume Collet-Serra,38.643914,16-02-2011,6.5
3741,Abraham Lincoln: Vampire Hunter,Action Fantasy Horror,"President Lincoln's mother is killed by a supernatural creature, which fuels his passion to crush vampires and their slave-owning helpers.",Benjamin Walker Dominic Cooper Anthony Mackie Mary Elizabeth Winstead Rufus Sewell,Timur Bekmambetov,38.634767,20-06-2012,5.5
3766,We Bought a Zoo,Drama Comedy Family,"Benjamin has lost his wife and, in a bid to start his life over, purchases a large house that has a zoo – welcome news for his daughter, but his son is not happy about it. The zoo is need of renovation and Benjamin sets about the work with the head keeper and the rest of the staff, but, the zoo soon runs into financial trouble.",Matt Damon Scarlett Johansson Thomas Haden Church Colin Ford Maggie Elizabeth Jones,Cameron Crowe,38.629763,22-12-2011,6.5
870,Hot Fuzz,Crime Action Comedy,"Top London cop, PC Nicholas Angel is good. Too good.  To stop the rest of his team from looking bad, he is reassigned to the quiet town of Sandford, paired with simple country cop, and everything seems quiet until two actors are found decapitated. It is addressed as an accident, but Angel isn't going to accept that, especially when more and more people turn up dead.",Simon Pegg Nick Frost Jim Broadbent Paddy Considine Rafe Spall,Edgar Wright,38.623178,14-02-2007,7.4
4518,Daddy's Home,Comedy,"The story of a mild-mannered radio executive (Ferrell) who strives to become the best stepdad ever to his wife's two children, but complications ensue when their freewheeling, freeloading real father arrives, forcing stepdad to compete for the affection of the kids.",Will Ferrell Mark Wahlberg Linda Cardellini Thomas Haden Church Scarlett Estevez,Sean Anders,38.616744,25-12-2015,5.8
3553,Final Destination 5,Horror Mystery,"In this fifth installment, Death is just as omnipresent as ever, and is unleashed after one man’s premonition saves a group of coworkers from a terrifying suspension bridge collapse. But this group of unsuspecting souls was never supposed to survive, and, in a terrifying race against time, the ill-fated group frantically tries to discover a way to escape Death’s sinister agenda.",Emma Bell Nicholas D'Agosto Miles Fisher Ellen Wroe Jacqueline MacInnes Wood,Steven Quale,38.555482,12-08-2011,5.9
983,The 40 Year Old Virgin,Comedy Romance,"Andy Stitzer has a pleasant life with a nice apartment and a job stamping invoices at an electronics store. But at age 40, there's one thing Andy hasn't done, and it's really bothering his sex-obsessed male co-workers: Andy is still a virgin. Determined to help Andy get laid, the guys make it their mission to de-virginize him. But it all seems hopeless until Andy meets small business owner Trish, a single mom.",Steve Carell Catherine Keener Paul Rudd Romany Malco Seth Rogen,Judd Apatow,38.473732,11-08-2005,6.2
3929,This Is 40,Comedy,"Pete and Debbie are both about to turn 40, their kids hate each other, both of their businesses are failing, they're on the verge of losing their house, and their relationship is threatening to fall apart.",Paul Rudd Leslie Mann Jason Segel Maude Apatow Megan Fox,Judd Apatow,38.429648,20-12-2012,5.6
3963,Zero Dark Thirty,Thriller Drama History,"A chronicle of the decade-long hunt for al-Qaeda terrorist leader Osama bin Laden after the September 2001 attacks, and his death at the hands of the Navy S.E.A.L. Team 6 in May, 2011.",Jessica Chastain Jason Clarke Mark Strong Joel Edgerton Chris Pratt,Kathryn Bigelow,38.306954,19-12-2012,6.7
4619,Money Monster,Thriller,Financial TV host Lee Gates and his producer Patty are put in an extreme situation when an irate investor takes over their studio.,George Clooney Julia Roberts Jack O'Connell Caitriona Balfe Dominic West,Jodie Foster,38.279458,12-05-2016,6.5
53,The Untouchables,Crime Drama History Thriller,"Young Treasury Agent Elliot Ness arrives in Chicago and is determined to take down Al Capone, but it's not going to be easy because Capone has the police in his pocket. Ness meets Jimmy Malone, a veteran patrolman and probably the most honorable one on the force. He asks Malone to help him get Capone, but Malone warns him that if he goes after Capone, he is going to war.",Kevin Costner Sean Connery Charles Martin Smith Andy Garc\u00eda Robert De Niro,Brian De Palma,38.272889,02-06-1987,7.6
4004,This Is the End,Action Comedy,"While attending a party at James Franco's house, Seth Rogen, Jay Baruchel and many other celebrities are faced with the apocalypse.",James Franco Jonah Hill Seth Rogen Jay Baruchel Danny McBride,Seth Rogen,38.21708,12-06-2013,6.3
164,A Nightmare on Elm Street,Horror,"Teenagers in a small town are dropping like flies, apparently in the grip of mass hysteria causing their suicides. A cop's daughter, Nancy Thompson (Heather Langenkamp) traces the cause to child molester Fred Krueger (Robert Englund), who was burned alive by angry parents many years before. Krueger has now come back in the dreams of his killers' children, claiming their lives as his revenge. Nancy and her boyfriend, Glen (Johnny Depp), must devise a plan to lure the monster out of the realm of nightmares and into the real world...",John Saxon Ronee Blakley Heather Langenkamp Amanda Wyss Jsu Garcia,Wes Craven,38.204158,14-11-1984,7.2
4658,The Boy,Horror Mystery Thriller,"A nanny, working for a family whose son has just passed away, finds herself put in charge of caring for a lifelike doll that the couple treat as a real child.",Lauren Cohan Rupert Evans James Russell Jim Norton Diana Hardcastle,William Brent Bell,38.179483,22-01-2016,5.8
269,The Passion of the Christ,Drama,"""The Passion of the Christ"" is a film about the last 12 hours in the life of Jesus. Director Mel Gibson received much criticism from critics and audiences for his explicit depiction of and focus on violence and on christs suffering, especially on the part of the jewish community. The films languages are Arabic, Latin and Hebrew and its actors are laymen which was controversially received as well.",Jim Caviezel Maia Morgenstern Monica Bellucci Rosalinda Celentano Sergio Rubini,Mel Gibson,38.171417,25-02-2004,6.9
4613,The Neon Demon,Thriller Horror,"When aspiring model Jesse moves to Los Angeles, her youth and vitality are devoured by a group of beauty-obsessed women who will take any means necessary to get what she has.",Elle Fanning Karl Glusman Jena Malone Bella Heathcote Abbey Lee,Nicolas Winding Refn,38.150787,08-06-2016,6.4
4187,Fantastic Four,Action Adventure Science Fiction,"Four young outsiders teleport to a dangerous universe, which alters their physical form in shocking ways. Their lives irrevocably upended, the team must learn to harness their daunting new abilities and work together to save Earth from a former friend turned enemy.",Miles Teller Kate Mara Michael B. Jordan Jamie Bell Toby Kebbell,Josh Trank,38.126095,05-08-2015,4.4
4011,Anchorman 2: The Legend Continues,Comedy,"With the 70s behind him, San Diego's top rated newsman, Ron Burgundy, returns to take New York's first 24-hour news channel by storm.",Will Ferrell Steve Carell Paul Rudd Christina Applegate David Koechner,Adam McKay,38.125008,18-12-2013,6.0
1202,What Happens in Vegas,Comedy Romance,"During a wild vacation in Las Vegas, career woman Joy McNally and playboy Jack Fuller come to the sober realization that they have married each other after a night of drunken abandon. They are then compelled, for legal reasons, to live life as a couple for a limited period of time. At stake is a large amount of money.",Ashton Kutcher Cameron Diaz Lake Bell Queen Latifah Treat Williams,Tom Vaughan,38.100488,07-05-2008,5.8
1290,Zoolander,Comedy,"Clear the runway for Derek Zoolander, VH1's three-time male model of the year. His face falls when hippie-chic ""he's so hot right now"" Hansel scooters in to steal this year's award. The evil fashion guru Mugatu seizes the opportunity to turn Derek into a killing machine. Its a well-designed conspiracy and only with the help of Hansel and a few well-chosen accessories can Derek make the world safe.",Ben Stiller Owen Wilson Christine Taylor Will Ferrell Milla Jovovich,Ben Stiller,38.0958,28-09-2001,6.1
1174,Bad Boys II,Adventure Action Comedy Thriller Crime,"Out-of-control, trash-talking buddy cops Marcus Burnett and Mike Lowrey of the Miami Narcotics Task Force reunite, and bullets fly, cars crash and laughs explode as they pursue a whacked-out drug lord from the streets of Miami to the barrios of Cuba. But the real fireworks result when Marcus discovers that playboy Mike is secretly romancing Marcus’ sexy sister.",Martin Lawrence Will Smith Jordi Moll\u00e0 Gabrielle Union Peter Stormare,Michael Bay,38.068736,18-07-2003,6.3
3105,Date Night,Comedy,"Phil and Claire Foster fear that their mild-mannered relationship may be falling into a stale rut. During their weekly date night, their dinner reservation leads to their being mistaken for a couple of thieves – and now a number of unsavoury characters want Phil and Claire killed.",Tina Fey Steve Carell Mark Wahlberg Taraji P. Henson Jimmi Simpson,Shawn Levy,38.06168,08-04-2010,5.9
582,Phone Booth,Thriller Drama,"A slick New York publicist who picks up a ringing receiver in a phone booth is told that if he hangs up, he'll be killed... and the little red light from a laser rifle sight is proof that the caller isn't kidding.",Colin Farrell Kiefer Sutherland Forest Whitaker Radha Mitchell Katie Holmes,Joel Schumacher,38.018085,09-09-2002,6.7
4256,No Escape,Action Thriller,"In their new overseas home, an American family soon finds themselves caught in the middle of a coup, and they frantically look for a safe escape in an environment where foreigners are being immediately executed.",Owen Wilson Lake Bell Pierce Brosnan Sterling Jerins Claire Geare,John Erick Dowdle,38.006982,26-08-2015,6.7
3496,"Crazy, Stupid, Love.",Comedy Drama Romance,"Cal Weaver is living the American dream. He has a good job, a beautiful house, great children and a beautiful wife, named Emily. Cal's seemingly perfect life unravels, however, when he learns that Emily has been unfaithful and wants a divorce. Over 40 and suddenly single, Cal is adrift in the fickle world of dating. Enter, Jacob Palmer, a self-styled player who takes Cal under his wing and teaches him how to be a hit with the ladies.",Steve Carell Julianne Moore Ryan Gosling Emma Stone Marisa Tomei,Glenn Ficarra,37.990705,29-07-2011,7.0
2431,The Sound of Music,Drama Family Music Romance,Film adaptation of a classic Rodgers and Hammerstein musical based on a nun who becomes a governess for an Austrian family.,Julie Andrews Christopher Plummer Eleanor Parker Richard Haydn Peggy Wood,Robert Wise,37.960289,02-03-1965,7.4
3175,Immortals,Fantasy Action Drama,"Theseus is a mortal man chosen by Zeus to lead the fight against the ruthless King Hyperion, who is on a rampage across Greece to obtain a weapon that can destroy humanity.",Mickey Rourke Kellan Lutz Isabel Lucas Henry Cavill Luke Evans,Tarsem Singh,37.917002,10-11-2011,5.7
769,As Good as It Gets,Comedy Romance,"New York City. Melvin Udall, a cranky, bigoted, obsessive-compulsive writer, finds his life turned upside down when neighboring gay artist Simon is hospitalized and his dog is entrusted to Melvin. In addition, Carol, the only waitress who will tolerate him, must leave work to care for her sick son, making it impossible for Melvin to eat breakfast.",Jack Nicholson Helen Hunt Greg Kinnear Cuba Gooding Jr. Skeet Ulrich,James L. Brooks,37.885022,19-12-1997,7.2
4339,That Awkward Moment,Comedy Romance,"Best pals Jason and Daniel indulge in casual flings and revel in their carefree, unattached lives. After learning that the marriage of their friend Mikey is over, they gladly welcome him back into their circle. The three young men make a pact to have fun and avoid commitment. However, when all three find themselves involved in serious relationships, they must keep their romances secret from one another.",Zac Efron Miles Teller Michael B. Jordan Imogen Poots Mackenzie Davis,Tom Gormican,37.821106,29-01-2014,6.1
1005,There Will Be Blood,Drama,"When ruthless oil prospector, Daniel Plainview learns of oil-rich land in California that can be bought cheaply, he moves his operation there and begins manipulating and exploiting the local landowners into selling him their property. Using his young adopted son to project the image of a caring family man, Plainview gains the cooperation of almost all the locals with lofty promises to build schools and cultivate the land to make their community flourish. Over time, Plainview's gradual accumulation of wealth and power causes his true self to surface, and he begins to slowly alienate himself from everyone in his life.",Daniel Day-Lewis Paul Dano Dillon Freasier Ciar\u00e1n Hinds Kevin J. O'Connor,Paul Thomas Anderson,37.817905,28-12-2007,7.9
1274,The Last of the Mohicans,Action Adventure Drama History Romance,"As the English and French soldiers battle for control of the American colonies in the 18th century, the settlers and native Americans are forced to take sides. Cora and her sister Alice unwittingly walk into trouble but are reluctantly saved by Hawkeye, an orphaned settler adopted by the last of the Mohicans.",Daniel Day-Lewis Madeleine Stowe Russell Means Eric Schweig Jodhi May,Michael Mann,37.776566,25-09-1992,7.1
4025,Safe Haven,Romance,"A young woman with a mysterious past lands in Southport, North Carolina where her bond with a widower forces her to confront the dark secret that haunts her.",Julianne Hough Josh Duhamel Cobie Smulders David Lyons Mike Pniewski,Lasse Hallstr\u00f6m,37.729059,07-02-2013,6.9
3341,Unstoppable,Action Thriller,"A runaway train, transporting deadly, toxic chemicals, is barreling down on Stanton, Pennsylvania, and only two men can stop it: a veteran engineer and a young conductor. Thousands of lives hang in the balance as these ordinary heroes attempt to chase down one million tons of hurtling steel and prevent an epic disaster.",Denzel Washington Chris Pine Rosario Dawson Ethan Suplee Kevin Corrigan,Tony Scott,37.698465,04-11-2010,6.3
538,The Island,Action Thriller Science Fiction Adventure,"In 2019, Lincoln Six-Echo is a resident of a seemingly ""Utopian"" but contained facility. Like all of the inhabitants of this carefully-controlled environment, Lincoln hopes to be chosen to go to The Island — reportedly the last uncontaminated location on the planet. But Lincoln soon discovers that everything about his existence is a lie.",Ewan McGregor Scarlett Johansson Djimon Hounsou Sean Bean Steve Buscemi,Michael Bay,37.68056,20-07-2005,6.5
2719,Robin Hood,Action Adventure,"When soldier Robin happens upon the dying Robert of Loxley, he promises to return the man's sword to his family in Nottingham. There, he assumes Robert's identity; romances his widow, Marion; and draws the ire of the town's sheriff and King John's henchman, Godfrey.",Russell Crowe Cate Blanchett Max von Sydow William Hurt Mark Strong,Ridley Scott,37.668301,12-05-2010,6.2
4098,The Heat,Action Comedy Crime,"Uptight and straight-laced, FBI Special Agent Sarah Ashburn is a methodical investigator with a reputation for excellence--and hyper-arrogance. Shannon Mullins, one of Boston P.D.'s ""finest,"" is foul-mouthed and has a very short fuse, and uses her gut instinct and street smarts to catch the most elusive criminals. Neither has ever had a partner, or a friend for that matter. When these two wildly incompatible law officers join forces to bring down a ruthless drug lord, they become the last thing anyone expected: Buddies.",Sandra Bullock Melissa McCarthy Demi\u00e1n Bichir Michael Rapaport Taran Killam,Paul Feig,37.654688,27-06-2013,6.5
4386,A Most Violent Year,Crime Drama Thriller,"A thriller set in New York City during the winter of 1981, statistically one of the most violent years in the city's history, and centered on a the lives of an immigrant and his family trying to expand their business and capitalize on opportunities as the rampant violence, decay, and corruption of the day drag them in and threaten to destroy all they have built.",Oscar Isaac Jessica Chastain Albert Brooks Elyes Gabel David Oyelowo,J.C. Chandor,37.629309,30-12-2014,6.5
4403,I Origins,Science Fiction Drama,"I Origins follows a molecular biologist studying the evolution of the human eye.  He finds his work permeating his life after a brief encounter with an exotic young woman who slips away from him.  As his research continues years later with his lab partner, they make a stunning scientific discovery that has far reaching implications and complicates both his scientific and and spiritual beliefs.  Traveling half way around the world, he risks everything he has ever known to validate his theory.",Michael Pitt Brit Marling Astrid Berg\u00e8s-Frisbey Steven Yeun Archie Panjabi,Mike Cahill,37.555398,18-07-2014,7.5
1259,The Scorpion King,Action Fantasy Adventure,"In ancient Egypt, peasant Mathayus is hired to exact revenge on the powerful Memnon and the sorceress Cassandra, who are ready to overtake Balthazar's village. Amid betrayals, thieves, abductions and more, Mathayus strives to bring justice to his complicated world.",Dwayne Johnson Kelly Hu Michael Clarke Duncan Steven Brand Bernard Hill,Chuck Russell,37.537093,16-04-2002,5.3
2089,Body of Lies,Action Drama Thriller,"The CIA’s hunt is on for the mastermind of a wave of terrorist attacks. Roger Ferris is the agency’s man on the ground, moving from place to place, scrambling to stay ahead of ever-shifting events. An eye in the sky – a satellite link – watches Ferris.  At the other end of that real-time link is the CIA’s Ed Hoffman, strategizing events from thousands of miles away. And as Ferris nears the target, he discovers trust can be just as dangerous as it is necessary for survival.",Leonardo DiCaprio Russell Crowe Mark Strong Ali Suliman Simon McBurney,Ridley Scott,37.507136,10-10-2008,6.5
2849,The Time Traveler's Wife,Drama Romance Fantasy,"Due to a genetic disorder, handsome librarian Henry DeTamble involuntarily zips through time, appearing at various moments in the life of his true love, the beautiful artist Clare Abshire.",Eric Bana Rachel McAdams Michelle Nolden Arliss Howard Ron Livingston,Robert Schwentke,37.492928,14-08-2009,6.7
1058,Alien: Resurrection,Science Fiction Horror Action,"Two hundred years after Lt. Ripley died, a group of scientists clone her, hoping to breed the ultimate weapon. But the new Ripley is full of surprises … as are the new aliens. Ripley must team with a band of smugglers to keep the creatures from reaching Earth.",Sigourney Weaver Winona Ryder Brad Dourif Ron Perlman Michael Wincott,Jean-Pierre Jeunet,37.44963,12-11-1997,5.9
14,Unforgiven,Western,"William Munny is a retired, once-ruthless killer turned gentle widower and hog farmer. To help support his two motherless children, he accepts one last bounty-hunter mission to find the men who brutalized a prostitute. Joined by his former partner and a cocky greenhorn, he takes on a corrupt sheriff.",Clint Eastwood Gene Hackman Morgan Freeman Richard Harris Jaimz Woolvett,Clint Eastwood,37.380435,07-08-1992,7.7
1018,Shooter,Action Drama Mystery Thriller Crime,"A marksman living in exile is coaxed back into action after learning of a plot to kill the president. Ultimately double-crossed and framed for the attempt, he goes on the run to track the real killer and find out who exactly set him up, and why.",Mark Wahlberg Michael Pe\u00f1a Danny Glover Kate Mara Elias Koteas,Antoine Fuqua,37.378081,22-03-2007,6.9
1272,Final Destination 2,Horror Mystery,"When Kimberly has a violent premonition of a highway pileup she blocks the freeway, keeping a few others meant to die, safe...Or are they? The survivors mysteriously start dying and it's up to Kimberly to stop it before she's next.",Ali Larter A.J. Cook Michael Landes Tony Todd Keegan Connor Tracy,David R. Ellis,37.355826,31-01-2003,5.9
4548,The Walk,Adventure Drama Thriller,The story of French high-wire artist Philippe Petit's attempt to cross the Twin Towers of the World Trade Center in 1974.,Joseph Gordon-Levitt Ben Kingsley Charlotte Le Bon Ben Schwartz James Badge Dale,Robert Zemeckis,37.335721,30-09-2015,6.9
3274,Legend of the Guardians: The Owls of Ga'Hoole,Animation Adventure Family Fantasy,"Soren, a young barn owl, is kidnapped by owls of St. Aggie's, ostensibly an orphanage, where owlets are brainwashed into becoming soldiers. He and his new friends escape to the island of Ga'Hoole, to assist its noble, wise owls who fight the army being created by the wicked rulers of St. Aggie's. The film is based on the first three books in the series.",Emily Barclay Abbie Cornish Essie Davis Joel Edgerton Deborra-Lee Furness,Zack Snyder,37.321848,10-07-2010,6.5
1474,Happy Feet,Animation Comedy,"Into the world of the Emperor Penguins, who find their soul mates through song, a penguin is born who cannot sing. But he can tap dance something fierce!",Elijah Wood Robin Williams Brittany Murphy Hugh Jackman Nicole Kidman,George Miller,37.272385,16-11-2006,5.9
4689,Zoolander 2,Comedy,Derek and Hansel are modelling again when an opposing company attempts to take them out from the business.,Ben Stiller Owen Wilson Will Ferrell Pen\u00e9lope Cruz Kristen Wiig,Ben Stiller,37.253774,06-02-2016,4.7
3227,Real Steel,Action Science Fiction Drama,"In the near-future, Charlie Kenton is a washed-up fighter who retired from the ring when robots took over the sport. After Charlie's robot is trashed, he reluctantly teams up with his estranged son Max to rebuild and train an unlikely contender.",Hugh Jackman Dakota Goyo Evangeline Lilly Anthony Mackie Kevin Durand,Shawn Levy,37.195046,28-09-2011,6.6
1052,The Imaginarium of Doctor Parnassus,Adventure Fantasy Mystery,A traveling theater company gives its audience much more than they were expecting.,Christopher Plummer Heath Ledger Johnny Depp Jude Law Colin Farrell,Terry Gilliam,37.181019,01-10-2009,6.3
771,The Addams Family,Horror Comedy Fantasy,"Uncle Fester has been missing for 25 years. An evil doctor finds out and introduces a fake Fester in an attempt to get the Adams Family's money. The youngest daughter has some doubts about the new uncle Fester, but the fake uncle adapts very well to the strange family. Can the doctor carry out her evil plans and take over the Adams Family's fortune?",Ra\u00fal Juli\u00e1 Anjelica Huston Christopher Lloyd Christina Ricci Carel Struycken,Barry Sonnenfeld,37.179547,22-11-1991,6.7
1135,Mad Max 2: The Road Warrior,Adventure Action Thriller Science Fiction,"Max Rockatansky returns as the heroic loner who drives the dusty roads of a postapocalyptic Australian Outback in an unending search for gasoline. Arrayed against him and the other scraggly defendants of a fuel-depot encampment are the bizarre warriors commanded by the charismatic Lord Humungus, a violent leader whose scruples are as barren as the surrounding landscape.",Mel Gibson Bruce Spence Michael Preston Max Phipps Vernon Wells,George Miller,37.117362,24-12-1981,7.3
933,The Mist,Science Fiction Horror Thriller,"After a violent storm, a dense cloud of mist envelops a small Maine town, trapping artist David Drayton and his five-year-old son in a local grocery store with other people. They soon discover that the mist conceals deadly horrors that threaten their lives, and worse, their sanity.",Thomas Jane Marcia Gay Harden Laurie Holden Andre Braugher Toby Jones,Frank Darabont,37.104353,21-11-2007,6.7
4263,Lone Survivor,Action Drama Thriller War,"Based on the failed June 28, 2005 mission ""Operation Red Wing."" Four members of SEAL Team 10, were tasked with the mission to capture or kill notorious Taliban leader, Ahmad Shah. Only one member of the team survived.",Mark Wahlberg Taylor Kitsch Emile Hirsch Ben Foster Yousuf Azami,Peter Berg,37.084384,24-12-2013,7.4
212,Love Actually,Comedy Romance Drama,Follows seemingly unrelated people as their lives begin to intertwine while they fall in – and out – of love. Affections languish and develop as Christmas draws near.,Keira Knightley Heike Makatsch Emma Thompson Laura Linney Hugh Grant,Richard Curtis,37.073127,07-09-2003,7.0
3159,Super 8,Thriller Science Fiction Mystery,"In 1979 Ohio, several youngsters are making a zombie movie with a Super-8 camera. In the midst of filming, the friends witness a horrifying train derailment and are lucky to escape with their lives. They soon discover that the catastrophe was no accident, as a series of unexplained events and disappearances soon follows. Deputy Jackson Lamb, the father of one of the kids, searches for the terrifying truth behind the crash.",Joel Courtney Elle Fanning Riley Griffiths Kyle Chandler Ryan Lee,J.J. Abrams,37.069253,08-06-2011,6.6
1701,The Road to El Dorado,Adventure Animation Comedy Family,"After a failed swindle, two con-men end up with a map to El Dorado, the fabled ""city of gold,"" and an unintended trip to the New World.  Much to their surprise, the map does lead the pair to the mythical city, where the startled inhabitants promptly begin to worship them as gods.  The only question is, do they take the worshipful natives for all they're worth, or is there a bit more to El Dorado than riches?",Kenneth Branagh Kevin Kline Rosie Perez Armand Assante Edward James Olmos,Don Michael Paul,37.054554,31-03-2000,7.0
3493,Just Go with It,Romance Comedy,"A plastic surgeon, romancing a much younger schoolteacher, enlists his loyal assistant to pretend to be his soon to be ex-wife, in order to cover up a careless lie. When more lies backfire, the assistant's kids become involved, and everyone heads off for a weekend in Hawaii that will change all their lives.",Adam Sandler Jennifer Aniston Nicole Kidman Nick Swardson Brooklyn Decker,Dennis Dugan,37.02665,10-02-2011,6.3
1119,Master and Commander: The Far Side of the World,Adventure,"After an abrupt and violent encounter with a French warship inflicts severe damage upon his ship, a captain of the British Royal Navy begins a chase over two oceans to capture or destroy the enemy, though he must weigh his commitment to duty and ferocious pursuit of glory against the safety of his devoted crew, including the ship's thoughtful surgeon, his best friend.",Russell Crowe Paul Bettany James D'Arcy Billy Boyd Joseph Morgan,Peter Weir,36.973031,14-11-2003,6.9
494,The Illusionist,Fantasy Drama Thriller Romance,"With his eye on a lovely aristocrat, a gifted illusionist named Eisenheim uses his powers to win her away from her betrothed, a crowned prince. But Eisenheim's scheme creates tumult within the monarchy and ignites the suspicion of a dogged inspector.",Edward Norton Jessica Biel Paul Giamatti Rufus Sewell Eddie Marsan,Neil Burger,36.960953,18-08-2006,7.1
4359,The SpongeBob Movie: Sponge Out of Water,Animation Adventure Comedy Family,"Burger Beard is a pirate who is in search of the final page of a magical book that makes any evil plan he writes in it come true, which happens to be the Krabby Patty secret formula. When the entire city of Bikini Bottom is put in danger, SpongeBob, Patrick, Mr. Krabs, Squidward, Sandy, and Plankton need to go on a quest that takes them to the surface. In order to get back the recipe and save their city, the gang must retrieve the book and transform themselves into superheroes.",Tom Kenny Bill Fagerbakke Rodger Bumpass Clancy Brown Carolyn Lawrence,Paul Tibbitt,36.952268,05-02-2015,5.8
88,Lucky Number Slevin,Drama Thriller Crime Mystery,"Slevin is mistakenly put in the middle of a personal war between the city’s biggest criminal bosses. Under constant watch, Slevin must try not to get killed by an infamous assassin and come up with an idea of how to get out of his current dilemma. A film with many twists and turns.",Josh Hartnett Bruce Willis Lucy Liu Morgan Freeman Ben Kingsley,Paul McGuigan,36.921445,24-02-2006,7.4
842,Scary Movie 5,Comedy,"Home with their newly-formed family, happy parents Dan and Jody are haunted by sinister, paranormal activities. Determined to expel the insidious force, they install security cameras and discover their family is being stalked by an evil dead demon.",Simon Rex Ashley Tisdale Charlie Sheen Lindsay Lohan Erica Ash,Malcolm D. Lee,36.819044,11-04-2013,4.6
1420,Swordfish,Action Crime Thriller,"Rogue agent Gabriel Shear is determined to get his mitts on $9 billion stashed in a secret Drug Enforcement Administration account. He wants the cash to fight terrorism, but lacks the computer skills necessary to hack into the government mainframe. Enter Stanley Jobson, a n'er-do-well encryption expert who can log into anything.",John Travolta Hugh Jackman Halle Berry Don Cheadle Sam Shepard,Dominic Sena,36.788745,07-06-2001,6.1
2810,Remember Me,Drama Romance,"Still reeling from a heartbreaking family event and his parents' subsequent divorce, Tyler Hawkins discovers a fresh lease on life when he meets Ally Craig, a gregarious beauty who witnessed her mother's death. But as the couple draws closer, the fallout from their separate tragedies jeopardizes their love.",Robert Pattinson Emilie de Ravin Pierce Brosnan Lena Olin Chris Cooper,Allen Coulter,36.764666,12-03-2010,6.9
3594,Tower Heist,Action Comedy,"A luxury condo manager leads a staff of workers to seek payback on the Wall Street swindler who defrauded them. With only days until the billionaire gets away with the perfect crime, the unlikely crew of amateur thieves enlists the help of petty crook Slide to steal the $20 million they’re sure is hidden in the penthouse.",Ben Stiller Eddie Murphy Casey Affleck Alan Alda Matthew Broderick,Brett Ratner,36.743324,02-11-2011,5.8
4037,Epic,Animation Adventure Family Fantasy,A teenager finds herself transported to a deep forest setting where a battle between the forces of good and the forces of evil is taking place. She bands together with a rag-tag group characters in order to save their world -- and ours.,Josh Hutcherson Amanda Seyfried Colin Farrell Jason Sudeikis Aziz Ansari,Chris Wedge,36.711378,15-05-2013,6.4
2017,xXx: State of the Union,Action Adventure Crime Drama Mystery,"Ice Cube stars as Darius Stone, a thrill-seeking troublemaker whose criminal record and extreme sports obsession make him the perfect candidate to be the newest XXX agent. He must save the U.S. government from a deadly conspiracy led by five-star general and Secretary of Defense George Deckert (played by Willem Dafoe).",Ice Cube Samuel L. Jackson Willem Dafoe Scott Speedman Peter Strauss,Lee Tamahori,36.689223,27-04-2005,4.7
1325,A Knight's Tale,Adventure Drama Romance Action,"William Thatcher, a peasant, is sent to apprentice with a Knight named Hector as a young boy. Urged by his father to ""change his Stars"", he assumes Sir Hector's place in a tournament when Hector dies in the middle of it. He wins. With the other apprentices, he trains and assumes the title of Sir Ulrich von Lichtenstein.",Heath Ledger Rufus Sewell Shannyn Sossamon Paul Bettany Laura Fraser,Brian Helgeland,36.670399,11-05-2001,6.6
2690,Surrogates,Action Science Fiction Thriller,"Set in a futuristic world where humans live in isolation and interact through surrogate robots, a cop is forced to leave his home for the first time in years in order to investigate the murders of others' surrogates.",Bruce Willis Radha Mitchell Rosamund Pike James Cromwell Ving Rhames,Jonathan Mostow,36.664991,24-09-2009,5.9
3288,The Smurfs,Animation Family Adventure Comedy Fantasy,"When the evil wizard Gargamel chases the tiny blue Smurfs out of their village, they tumble from their magical world and into ours -- in fact, smack dab in the middle of Central Park. Just three apples high and stuck in the Big Apple, the Smurfs must find a way to get back to their village before Gargamel tracks them down.",Hank Azaria Neil Patrick Harris Jayma Mays Sof\u00eda Vergara Tim Gunn,Raja Gosnell,36.65422,29-07-2011,5.5
3523,The Three Musketeers,Adventure Action Thriller,The hot-headed young D'Artagnan along with three former legendary but now down on their luck Musketeers must unite and defeat a beautiful double agent and her villainous employer from seizing the French throne and engulfing Europe in war.,Milla Jovovich Orlando Bloom Logan Lerman Ray Stevenson Matthew Macfadyen,Paul W.S. Anderson,36.605246,31-08-2011,5.6
840,Scary Movie 3,Comedy,"In the third installment of the Scary Movie franchise, news anchorwoman Cindy Campbell has to investigate mysterious crop circles and killing video tapes, and help the President stop an alien invasion in the process.",Pamela Anderson Jenny McCarthy Marny Eng Charlie Sheen Simon Rex,David Zucker,36.585509,24-10-2003,5.8
845,Pride & Prejudice,Drama Romance,"Pride & Prejudice is a humorous story of love and life among English gentility during the Georgian era. Mr. Bennet is an English gentleman living in Hertfordshire with his overbearing wife and five daughters. If Mr. Bennet dies their house will be inherited by a distant cousin whom they have never met, so the family's future happiness and security is dependent on the daughters making good marriages.",Keira Knightley Matthew Macfadyen Rosamund Pike Simon Woods Donald Sutherland,Joe Wright,36.58383,16-09-2005,7.7
1270,Mad Max Beyond Thunderdome,Action Adventure Science Fiction,"Mad Max becomes a pawn in a decadent oasis of a technological society, and when exiled, becomes the deliverer of a colony of children.",Mel Gibson Tina Turner Bruce Spence Helen Buday Angelo Rossitto,George Miller,36.582038,29-06-1985,5.9
399,Singin' in the Rain,Comedy Music Romance,"In 1927 Hollywood, Don Lockwood and Lina Lamont are a famous on-screen romantic pair in silent movies, but Lina mistakes the on-screen romance for real love. When their latest film is transformed into a musical, Don has the perfect voice for the songs, but strident voice faces the studio to dub her voice. Aspiring actress, Kathy Selden is brought in and, while she is working on the movie, Don falls in love with her.",Gene Kelly Donald O'Connor Debbie Reynolds Jean Hagen Millard Mitchell,Stanley Donen,36.556954,10-04-1952,7.8
4267,Neighbors,Comedy,A couple with a newborn baby face unexpected difficulties after they are forced to live next to a fraternity house.,Seth Rogen Zac Efron Rose Byrne Dave Franco Ike Barinholtz,Nicholas Stoller,36.471231,08-05-2014,6.2
779,Young Frankenstein,Comedy Science Fiction,"A young neurosurgeon inherits the castle of his grandfather, the famous Dr. Victor von Frankenstein. In the castle he finds a funny hunchback, a pretty lab assistant and the elderly housekeeper. Young Frankenstein believes that the work of his grandfather was delusional, but when he discovers the book where the mad doctor described his reanimation experiment, he suddenly changes his mind.",Gene Wilder Peter Boyle Marty Feldman Madeline Kahn Cloris Leachman,Mel Brooks,36.444894,15-12-1974,7.7
759,American Pie 2,Comedy Romance,"The whole gang are back and as close as ever. They decide to get even closer by spending the summer together at a beach house. They decide to hold the biggest party ever to be seen, even if the preparation doesn't always go to plan. Especially when Stifler, Finch and Jim become more close to each other than they ever want to be and when Jim mistakes super glue for lubricant...",Jason Biggs Thomas Ian Nicholas Chris Klein Seann William Scott Eddie Kaye Thomas,J.B. Rogers,36.432598,10-08-2001,6.0
1738,Mean Girls,Comedy,"Cady Heron is a hit with The Plastics, the A-list girl clique at her new school, until she makes the mistake of falling for Aaron Samuels, the ex-boyfriend of alpha Plastic Regina George.",Lindsay Lohan Rachel McAdams Tim Meadows Ana Gasteyer Amy Poehler,Mark Waters,36.423717,30-04-2004,6.9
1444,Air Force One,Action Thriller,"Russian terrorists conspire to hijack the aircraft with the president and his family on board. The commander in chief finds himself facing an impossible predicament: give in to the terrorists and sacrifice his family, or risk everything to uphold his principles - and the integrity of the nation.",Harrison Ford Gary Oldman Glenn Close Wendy Crewson William H. Macy,Wolfgang Petersen,36.38795,25-07-1997,6.2
1247,Monster House,Animation Comedy Family Fantasy,"Monsters under the bed are scary enough, but what happens when an entire house is out to get you? Three teens aim to find out when they go up against a decrepit neighboring home and unlock its frightening secrets.",Ryan Newman Steve Buscemi Mitchel Musso Sam Lerner Spencer Locke,Gil Kenan,36.368839,21-07-2006,6.3
1026,Over the Hedge,Comedy Animation Family,"A scheming raccoon fools a mismatched family of forest creatures into helping him repay a debt of food, by invading the new suburban sprawl that popped up while they were hibernating – and learns a lesson about family himself.",Bruce Willis Garry Shandling Steve Carell Wanda Sykes William Shatner,Karey Kirkpatrick,36.32705,22-04-2006,6.3
3905,Inside Llewyn Davis,Drama Music,"In Greenwich Village in the early 1960s, gifted but volatile folk musician Llewyn Davis struggles with money, relationships, and his uncertain future following the suicide of his singing partner.",Oscar Isaac Carey Mulligan Justin Timberlake Jerry Grayson Robin Bartlett,Joel Coen,36.319205,06-10-2013,7.2
3754,Lincoln,History Drama,"A revealing drama that focuses on the 16th President's tumultuous final months in office. In a nation divided by war and the strong winds of change, Lincoln pursues a course of action designed to end the war, unite the country and abolish slavery. With the moral courage and fierce determination to succeed, his choices during this critical moment will change the fate of generations to come.",Daniel Day-Lewis Sally Field David Strathairn Joseph Gordon-Levitt James Spader,Steven Spielberg,36.307296,09-11-2012,6.7
4463,Get Hard,Comedy,"When obscenely rich hedge-fund manager James is convicted of fraud and sentenced to a stretch in San Quentin, the judge gives him one month to get his affairs in order. Knowing that he won't survive more than a few minutes in prison on his own, James desperately turns to Darnell-- a black businessman who's never even had a parking ticket -- for help. As Darnell puts James through the wringer, both learn that they were wrong about many things, including each other.",Will Ferrell Kevin Hart Alison Brie Craig T. Nelson T.I.,Etan Cohen,36.301202,26-03-2015,5.9
2611,The Proposal,Comedy Romance Drama,"When she learns she's in danger of losing her visa status and being deported, overbearing book editor Margaret Tate forces her put-upon assistant, Andrew Paxton, to marry her.",Sandra Bullock Ryan Reynolds Mary Steenburgen Craig T. Nelson Betty White,Anne Fletcher,36.238968,01-06-2009,6.7
266,Poltergeist,Horror,"Steve Freeling lives with his wife, Diane, and their three children, Dana, Robbie, and Carol Anne, in Southern California where he sells houses for the company that built the neighborhood. It starts with just a few odd occurrences, such as broken dishes and furniture moving around by itself. However, when he realizes that something truly evil haunts his home, Steve calls in a team of parapsychologists led by Dr. Lesh to help before it's too late.",Craig T. Nelson JoBeth Williams Beatrice Straight Heather O'Rourke Dominique Dunne,Tobe Hooper,36.230204,04-06-1982,7.0
1074,American Wedding,Comedy Romance,"With high school a distant memory, Jim and Michelle are getting married -- and in a hurry, since Jim's grandmother is sick and wants to see him walk down the aisle -- prompting Stifler to throw the ultimate bachelor party. And Jim's dad is reliable as ever, doling out advice no one wants to hear.",Jason Biggs Alyson Hannigan Seann William Scott Eddie Kaye Thomas Thomas Ian Nicholas,Jesse Dylan,36.194802,01-08-2003,6.0
3637,Melancholia,Drama Science Fiction,Two sisters find their already strained relationship challenged as a mysterious new planet threatens to collide with Earth.,Kirsten Dunst Charlotte Gainsbourg Kiefer Sutherland Charlotte Rampling John Hurt,Lars von Trier,36.173598,26-05-2011,7.0
418,Lethal Weapon 3,Adventure Action Comedy Thriller Crime,"Archetypal buddy cops Riggs and Murtaugh are back for another round of high-stakes action, this time setting their collective sights on bringing down a former Los Angeles police lieutenant turned black market weapons dealer. Lorna Cole joins as the beautiful yet hardnosed internal affairs sergeant who catches Riggs's eye.",Mel Gibson Danny Glover Joe Pesci Rene Russo Stuart Wilson,Richard Donner,36.172182,15-05-1992,6.4
2452,Monsters vs Aliens,Animation Family Adventure Science Fiction,"When Susan Murphy is unwittingly clobbered by a meteor full of outer space gunk on her wedding day, she mysteriously grows to 49-feet-11-inches. The military jumps into action and captures Susan, secreting her away to a covert government compound. She is renamed Ginormica and placed in confinement with a ragtag group of Monsters...",Seth Rogen Reese Witherspoon Hugh Laurie Paul Rudd Kiefer Sutherland,Conrad Vernon,36.167578,19-03-2009,6.0
368,Austin Powers: International Man of Mystery,Science Fiction Comedy Crime,"As a swingin' fashion photographer by day and a groovy British superagent by night, Austin Powers is the '60s' most shagadelic spy, baby! But can he stop megalomaniac Dr. Evil after the bald villain freezes himself and unthaws in the '90s? With the help of sexy sidekick Vanessa Kensington, he just might.",Mike Myers Elizabeth Hurley Michael York Mimi Rogers Seth Green,Jay Roach,36.15716,02-05-1997,6.5
3282,Saw: The Final Chapter,Horror Crime,"As a deadly battle rages over Jigsaw's brutal legacy, a group of Jigsaw survivors gathers to seek the support of self-help guru and fellow survivor Bobby Dagen, a man whose own dark secrets unleash a new wave of terror.",Tobin Bell Costas Mandylor Betsy Russell Cary Elwes Sean Patrick Flanery,Kevin Greutert,36.133536,21-10-2010,5.8
713,Space Jam,Animation Comedy Drama Family Fantasy,"In a desperate attempt to win a basketball match and earn their freedom, the Looney Tunes seek the aid of retired basketball champion, Michael Jordan.",Michael Jordan Wayne Knight Billy West Dee Bradley Baker Theresa Randle,Joe Pytka,36.125715,15-11-1996,6.5
137,Meet Joe Black,Fantasy Drama Mystery,"When the grim reaper comes to collect the soul of megamogul Bill Parrish, he arrives with a proposition: Host him for a ""vacation"" among the living in trade for a few more days of existence. Parrish agrees, and using the pseudonym Joe Black, Death begins taking part in Parrish's daily agenda and falls in love with the man's daughter. Yet when Black's holiday is over, so is Parrish's life.",Brad Pitt Anthony Hopkins Claire Forlani Jeffrey Tambor Marcia Gay Harden,Martin Brest,36.069611,12-11-1998,6.9
3814,Magic Mike,Drama Comedy,"Mike, an experienced stripper, takes a younger performer called The Kid under his wing and schools him in the arts of partying, picking up women, and making easy money.",Channing Tatum Matthew McConaughey Alex Pettyfer Cody Horn Olivia Munn,Steven Soderbergh,35.897151,28-06-2012,6.1
319,Annie Hall,Comedy Drama Romance,"In the city of New York, comedian Alvy Singer falls in love with the ditsy Annie Hall.",Woody Allen Diane Keaton Tony Roberts Carol Kane Paul Simon,Woody Allen,35.892034,19-04-1977,7.8
4164,Oculus,Horror,A woman tries to exonerate her brother's murder conviction by proving that the crime was committed by a supernatural phenomenon.,Karen Gillan Brenton Thwaites Katee Sackhoff James Lafferty Rory Cochrane,Mike Flanagan,35.871248,08-09-2013,6.3
906,Rush Hour 2,Action Comedy Crime Thriller,"It's vacation time for Carter as he finds himself alongside Lee in Hong Kong wishing for more excitement. While Carter wants to party and meet the ladies, Lee is out to track down a Triad gang lord who may be responsible for killing two men at the American Embassy. Things get complicated as the pair stumble onto a counterfeiting plot. The boys are soon up to their necks in fist fights and life-threatening situations. A trip back to the U.S. may provide the answers about the bombing, the counterfeiting, and the true allegiance of sexy customs agent Isabella.","Chris Tucker Jackie Chan Zhang Ziyi Roselyn S\u00e1nchez Ernie Reyes, Jr.",Brett Ratner,35.814765,03-08-2001,6.4
1106,Dumb and Dumber,Comedy,"Lloyd and Harry are two men whose stupidity is really indescribable. When Mary, a beautiful woman, loses an important suitcase with money before she leaves for Aspen, the two friends (who have found the suitcase) decide to return it to her. After some ""adventures"" they finally get to Aspen where, using the lost money they live it up and fight for Mary's heart.",Jim Carrey Jeff Daniels Lauren Holly Teri Garr Mike Starr,Bobby Farrelly,35.777067,16-12-1994,6.5
3822,Only God Forgives,Drama Thriller Crime,"Julian, who runs a Thai boxing club as a front organization for his family's drug smuggling operation, is forced by his mother Jenna to find and kill the individual responsible for his brother's recent death.",Ryan Gosling Kristin Scott Thomas Gordon Brown Tom Burke Vithaya Pansringarm,Nicolas Winding Refn,35.754865,30-05-2013,5.6
4284,Homefront,Action Thriller,"Phil Broker is a former DEA agent who has gone through a crisis after his action against a biker gang went horribly wrong and it cost the life of his boss' son. He is recently widowed and is left with a 9-years-old daughter,Maddy. He decides to quit the turbulent and demanding life of thrill for Maddy's sake and retires to a small town. His daughter fights off a boy who was bullying her at school and this sets in motion a round of events that end in his direct confrontation with the local Meth drug lord. His past history with the biker gang also enters the arena, making matters more complex. But he has a mission in his mind to protect his daughter and he is ready to pay any cost that it demands.",Jason Statham James Franco Izabela Vidovic Winona Ryder Rachelle Lefevre,Gary Fleder,35.737655,27-11-2013,6.4
4272,Begin Again,Comedy Music Romance Drama,"Gretta's celebrity boyfriend breaks up with her after a long-term relationship, leaving the singer to find success on her own. With the help of record producer, Dan and hip-hop celebrity, Trouble Gum, Gretta strives to fulfil her musical ambitions.",Mark Ruffalo Keira Knightley Adam Levine Hailee Steinfeld Catherine Keener,John Carney,35.735689,07-09-2013,7.3
634,The Grudge,Horror Mystery Thriller,"American nurse, Karen Davis moves to Tokyo and encounters a vengeful supernatural spirit known as The Grudge that often possesses its victims. When a series of horrifying and mysterious deaths occur – with the spirit passing its curse onto each victim - Karen must find away to break the spell before she becomes the spirit's next victim.",Sarah Michelle Gellar Jason Behr Clea DuVall Bill Pullman William Mapother,Takashi Shimizu,35.695442,22-10-2004,5.8
339,Evil Dead II,Horror Comedy Fantasy,Ash Williams and his girlfriend Linda find a log cabin in the woods with a voice recording from an archeologist who had recorded himself reciting ancient chants from “The Book of the Dead.” As they play the recording an evil power is unleashed taking over Linda’s body.,Bruce Campbell Sarah Berry Dan Hicks Kassie DePaiva Denise Bixler,Sam Raimi,35.674774,13-03-1987,7.6
3585,Johnny English Reborn,Crime Adventure Action Comedy Thriller,"The most prominent heads of state in the world begin gathering for a conference that could have a major impact on global politics. When MI-7 receives word that the Chinese premier has become the target of some high-powered killers, it falls on Johnny English to save the day. Armed with the latest high-tech weaponry and gadgets that would make even James Bond jealous, the once-disgraced agent uncovers evidence of a massive conspiracy involving some of the world's most powerful organisations, and vows to redeem his tarnished reputation by stopping the killers before they can strike.",Rowan Atkinson Dominic West Gillian Anderson Rosamund Pike Daniel Kaluuya,Oliver Parker,35.6585,15-09-2011,6.0
715,Beowulf,Adventure Action Animation,"6th-century Scandinavian warrior, Beowulf embarks on a mission to slay the manlike ogre Grendel, a descendant of Cain.",Ray Winstone Angelina Jolie Anthony Hopkins Robin Wright John Malkovich,Robert Zemeckis,35.601665,05-11-2007,5.5
2941,The Sorcerer's Apprentice,Fantasy Adventure Action Comedy Drama,"Balthazar Blake is a master sorcerer in modern-day Manhattan trying to defend the city from his arch-nemesis, Maxim Horvath. Balthazar can't do it alone, so he recruits Dave Stutler, a seemingly average guy who demonstrates hidden potential, as his reluctant protégé. The sorcerer gives his unwilling accomplice a crash course in the art and science of magic, and together, these unlikely partners work to stop the forces of darkness.",Nicolas Cage Jay Baruchel Monica Bellucci Alfred Molina Teresa Palmer,Jon Turteltaub,35.580815,13-07-2010,5.8
24,Walk the Line,Drama Music Romance,"A chronicle of country music legend Johnny Cash's life, from his early days on an Arkansas cotton farm to his rise to fame with Sun Records in Memphis, where he recorded alongside Elvis Presley, Jerry Lee Lewis and Carl Perkins.",Joaquin Phoenix Reese Witherspoon Ginnifer Goodwin Robert Patrick Tyler Hilton,James Mangold,35.580032,13-09-2005,7.3
2430,Crank: High Voltage,Action Thriller Crime,Chelios faces a Chinese mobster who has stolen his nearly indestructible heart and replaced it with a battery-powered ticker that requires regular jolts of electricity to keep working.,Jason Statham Amy Smart Dwight Yoakam Efren Ramirez Julanne Chidi Hill,Brian Taylor,35.542809,16-04-2009,5.9
1638,Patch Adams,Comedy Drama,"Meet Patch Adams, a doctor who doesn't look, act or think like any doctor you've met before. For Patch, humor is the best medicine, and he's willing to do just anything to make his patients laugh - even if it means risking his own career.",Robin Williams Philip Seymour Hoffman Bob Gunton Peter Coyote Michael Jeter,Tom Shadyac,35.537397,25-12-1998,7.0
855,The Assassination of Jesse James by the Coward Robert Ford,Action Drama Western,"Outlaw Jesse James is rumored be the 'fastest gun in the West'. An eager recruit into James' notorious gang, Robert Ford eventually grows jealous of the famed outlaw and, when Robert and his brother sense an opportunity to kill James, their murderous action elevates their target to near mythical status.",Brad Pitt Casey Affleck Sam Shepard Mary-Louise Parker Paul Schneider,Andrew Dominik,35.53352,02-09-2007,7.0
519,Raging Bull,Drama,"When Jake LaMotta steps into a boxing ring and obliterates his opponent, he's a prizefighter. But when he treats his family and friends the same way, he's a ticking time bomb, ready to go off at any moment. Though LaMotta wants his family's love, something always seems to come between them. Perhaps it's his violent bouts of paranoia and jealousy. This kind of rage helped make him a champ, but in real life, he winds up in the ring alone.",Robert De Niro Joe Pesci Cathy Moriarty Frank Vincent Nicholas Colasanto,Martin Scorsese,35.524457,14-11-1980,7.7
3999,21 & Over,Comedy,"Brilliant student Jeff Chang has the most important interview of his life tomorrow.  But today is still his birthday, what starts off as a casual celebration with friends evolves into a night of debauchery that risks to derail his life plan.",Miles Teller Skylar Astin Justin Chon Sarah Wright Jonathan Keltz,Jon Lucas,35.522027,01-03-2013,5.7
696,Eastern Promises,Thriller Crime Mystery,A Russian teenager living in London who dies during childbirth leaves clues to a midwife in her journal that could tie her child to a rape involving a violent Russian mob family.,Naomi Watts Viggo Mortensen Vincent Cassel Armin Mueller-Stahl Sin\u00e9ad Cusack,David Cronenberg,35.481169,14-09-2007,7.2
1538,The Pacifier,Action Comedy Drama Family Thriller,Disgraced Navy SEAL Shane Wolfe is handed a new assignment: Protect the five Plummer kids from enemies of their recently deceased father -- a government scientist whose top-secret experiment remains hidden in the kids' house.,Vin Diesel Lauren Graham Faith Ford Chris Potter Brittany Snow,Adam Shankman,35.4763,04-03-2005,5.8
3959,The Place Beyond the Pines,Drama Crime,"A motorcycle stunt rider considers committing a crime in order to provide for his wife and child, an act that puts him on a collision course with a cop-turned-politician.",Ryan Gosling Bradley Cooper Eva Mendes Dane DeHaan Emory Cohen,Derek Cianfrance,35.395129,20-03-2013,6.8
1414,Children of Men,Drama Action Thriller Science Fiction,"In 2027, in a chaotic world in which humans can no longer procreate, a former activist agrees to help transport a miraculously pregnant woman to a sanctuary at sea, where her child's birth may help scientists save the future of humankind.",Clive Owen Michael Caine Julianne Moore Charlie Hunnam Chiwetel Ejiofor,Alfonso Cuar\u00f3n,35.387874,22-09-2006,7.4
4631,The Little Prince,Adventure Animation Fantasy,"Based on the best-seller book 'The Little Prince', the movie tells the story of a little girl that lives with resignation in a world where efficiency and work are the only dogmas. Everything will change when accidentally she discovers her neighbor that will tell her about the story of the Little Prince that he once met.",Jeff Bridges Rachel McAdams Paul Rudd Marion Cotillard James Franco,Mark Osborne,35.384423,29-07-2015,7.6
838,Scary Movie 2,Comedy,"While the original parodied slasher flicks like Scream, Keenen Ivory Wayans's sequel to Scary Movie takes comedic aim at haunted house movies. A group of students visit a mansion called ""Hell House,"" and murderous high jinks ensue.",Anna Faris Marlon Wayans James DeBello Shawn Wayans David Cross,Keenen Ivory Wayans,35.376971,04-07-2001,5.4
3917,Movie 43,Comedy,"The film is composed of multiple comedy shorts presented through an overarching segment titled ""The Pitch"", in which Charlie Wessler, a mad screenwriter, is attempting to pitch a script to film executive Griffin Schraeder. After revealing several of the stories in his script, Wessler becomes agitated when Schraeder dismisses his outrageous ideas, and he pulls a gun on him and forces him to listen to multiple other stories before making Schraeder consult his manager, Bob Mone, to purchase the film.",Anna Faris Emma Stone Halle Berry Kate Winslet Hugh Jackman,Griffin Dunne,35.350303,01-01-2013,4.4
279,Bridget Jones's Diary,Comedy Romance Drama,"A chaotic Bridget Jones meets a snobbish lawyer, and he soon enters her world of imperfections.",Ren\u00e9e Zellweger Colin Firth Hugh Grant Gemma Jones Jim Broadbent,Sharon Maguire,35.310712,13-04-2001,6.5
4544,Still Alice,Drama,"Alice Howland, happily married with three grown children, is a renowned linguistics professor who starts to forget words. When she receives a devastating diagnosis, Alice and her family find their bonds tested.",Julianne Moore Alec Baldwin Kristen Stewart Kate Bosworth Shane McRae,Richard Glatzer,35.307577,05-12-2014,7.5
145,True Romance,Action Thriller Crime Romance,"Clarence marries hooker Alabama, steals cocaine from her pimp, and tries to sell it in Hollywood, while the owners of the coke try to reclaim it.",Christian Slater Patricia Arquette Michael Rapaport Bronson Pinchot Gary Oldman,Tony Scott,35.268557,09-09-1993,7.5
864,The Machinist,Thriller Drama,"The Machinist is the story of Trevor Reznik, a lathe-operator who is dying of insomnia. In a machine shop, occupational hazards are bad enough under normal circumstances; yet for Trevor the risks are compounded by fatigue. Trevor has lost the ability to sleep. This is no ordinary insomnia...",Christian Bale Jennifer Jason Leigh Aitana S\u00e1nchez-Gij\u00f3n John Sharian Michael Ironside,Brad Anderson,35.252056,09-02-2004,7.3
835,Scream 2,Horror Mystery,"Two years after the terrifying events that occurred in Woodsboro, Sidney is now attending Windsor College in Cincinnati, and Gale Weathers' best selling book on Sidney's life has now been made into a major motion picture. When two college students are killed in a theatre while watching the new film 'Stab', Sidney knows deep down that history is repeating itself.",David Arquette Neve Campbell Courteney Cox Sarah Michelle Gellar Jamie Kennedy,Wes Craven,35.244037,09-12-1997,6.1
3853,Lockout,Action Thriller Science Fiction,"Set in the near future, Lockout follows a falsely convicted ex-government agent , whose one chance at obtaining freedom lies in the dangerous mission of rescuing the President's daughter from rioting convicts at an outer space maximum security prison.",Guy Pearce Maggie Grace Joseph Gilgun Lennie James Peter Stormare,Stephen St. Leger,35.232278,12-04-2012,5.8
349,Gandhi,Drama History,"In the early years of the 20th century, Mohandas K. Gandhi, a British-trained lawyer, forsakes all worldly possessions to take up the cause of Indian independence. Faced with armed resistance from the British government, Gandhi adopts a policy of 'passive resistance', endeavouring to win freedom for his people without resorting to bloodshed.",Ben Kingsley Candice Bergen Edward Fox John Gielgud Trevor Howard,Richard Attenborough,35.227212,30-11-1982,7.4
3283,Scream 4,Horror Mystery,"Sidney Prescott, now the author of a self-help book, returns home to Woodsboro on the last stop of her book tour. There she reconnects with Sheriff Dewey and Gale, who are now married, as well as her cousin Jill and her Aunt Kate. Unfortunately, Sidney's appearance also brings about the return of Ghostface, putting Sidney, Gale, and Dewey, along with Jill, her friends, and the whole town of Woodsboro in danger.",David Arquette Neve Campbell Courteney Cox Emma Roberts Hayden Panettiere,Wes Craven,35.21926,11-04-2011,6.1
232,Spider-Man 2,Action Adventure Fantasy,"Peter Parker is going through a major identity crisis. Burned out from being Spider-Man, he decides to shelve his superhero alter ego, which leaves the city suffering in the wake of carnage left by the evil Doc Ock. In the meantime, Parker still can't act on his feelings for Mary Jane Watson, a girl he's loved since childhood.",Tobey Maguire Kirsten Dunst James Franco Alfred Molina Rosemary Harris,Sam Raimi,35.149586,25-06-2004,6.7
4660,Concussion,Drama,"A dramatic thriller based on the incredible true David vs. Goliath story of American immigrant Dr. Bennet Omalu, the brilliant forensic neuropathologist who made the first discovery of CTE, a football-related brain trauma, in a pro player and fought for the truth to be known. Omalu's emotional quest puts him at dangerous odds with one of the most powerful institutions in the world.",Will Smith Alec Baldwin Albert Brooks Gugu Mbatha-Raw David Morse,Peter Landesman,35.120736,12-11-2015,7.0
1957,National Lampoon’s Van Wilder,Comedy Romance,"Van Wilder has been attending college for far too many years and is scared to graduate, but Van’s father eventually realizes what is going on. When he stops paying his son's tuition fees, Van must come up with the money if he wants to stay in college, so he and his friends come up with a great fund-raising idea – throwing parties. However, when the college magazine finds out and reporter, Gwen is sent to do a story on Van Wilder, things get a little complicated.",Ryan Reynolds Tara Reid Tim Matheson Kal Penn Simon Helberg,Walt Becker,35.108498,29-03-2002,5.9
1452,The Hills Have Eyes,Horror Thriller,"Based on Wes Craven's 1977 suspenseful cult classic, The Hills Have Eyes is the story of a family road trip that goes terrifyingly awry when the travelers become stranded in a government atomic zone. Miles from nowhere, the Carter family soon realizes the seemingly uninhabited wasteland is actually the breeding ground of a blood-thirsty mutant family...and they are the prey.",Aaron Stanford Kathleen Quinlan Vinessa Shaw Emilie de Ravin Dan Byrd,Alexandre Aja,35.107857,10-03-2006,6.1
995,The Punisher,Action Crime Drama,"When undercover FBI agent Frank Castle's wife and son are slaughtered, he becomes 'the Punisher' -- a ruthless vigilante willing to go to any length to avenge his family.",Thomas Jane John Travolta Will Patton Roy Scheider Laura Harring,Jonathan Hensleigh,35.099611,15-04-2004,6.1
937,The Great Escape,Adventure Drama History Thriller War,"The Nazis, exasperated at the number of escapes from their prison camps by a relatively small number of Allied prisoners, relocates them to a high-security 'escape-proof' camp to sit out the remainder of the war. Undaunted, the prisoners plan one of the most ambitious escape attempts of World War II. Based on a true story.",Steve McQueen James Garner Richard Attenborough James Donald Charles Bronson,John Sturges,35.061467,20-06-1963,7.8
338,The Evil Dead,Horror,"When a group of college students finds a mysterious book and recording in the old wilderness cabin they've rented for the weekend, they unwittingly unleash a demonic force from the surrounding forest.",Bruce Campbell Ellen Sandweiss Richard DeManincor Betsy Baker Theresa Tilly,Sam Raimi,35.037625,15-10-1981,7.3
4003,The Counselor,Thriller Crime Drama,A rich and successful lawyer named Counselor is about to get married to his fiancée but soon meets up with the middle-man known as Westray who tells him his drug trafficking plan has taken a horrible twist and now he must protect himself and his soon bride-to-be lover as the truth of the drug business uncovers and targets become chosen.,Michael Fassbender Cameron Diaz Javier Bardem Goran Visnjic Pen\u00e9lope Cruz,Ridley Scott,35.022029,25-10-2013,5.0
615,Hulk,Drama Action Science Fiction,"Bruce Banner, a genetics researcher with a tragic past, suffers massive radiation exposure in his laboratory that causes him to transform into a raging green monster when he gets angry.",Eric Bana Jennifer Connelly Sam Elliott Josh Lucas Nick Nolte,Ang Lee,34.981698,19-06-2003,5.3
957,Three Kings,Action Adventure Comedy,"A group of American soldiers stationed in Iraq at the end of the Gulf War find a map they believe will take them to a huge cache of stolen Kuwaiti gold hidden near their base, and they embark on a secret mission that's destined to change everything.",George Clooney Mark Wahlberg Ice Cube Spike Jonze Cliff Curtis,David O. Russell,34.973086,27-09-1999,6.6
244,The Lives of Others,Drama Thriller,A tragic love story set in East Berlin with the backdrop of an undercover Stasi controlled culture. Stasi captain Wieler is ordered to follow author Dreyman and plunges deeper and deeper into his life until he reaches the threshold of doubting the system.,Martina Gedeck Ulrich M\u00fche Sebastian Koch Ulrich Tukur Thomas Thieme,Florian Henckel von Donnersmarck,34.938177,15-03-2006,7.9
1093,The Boondock Saints,Action Thriller Crime,"With a God-inspired moral obligation to act against evil, twin brothers Conner and Murphy set out to rid Boston of criminals. However, rather than working within the system, these Irish Americans decide to take swift retribution into their own hands.",Willem Dafoe Norman Reedus Sean Patrick Flanery David Della Rocco David Ferry,Troy Duffy,34.917447,22-01-1999,7.2
4363,The Book of Life,Romance Animation Adventure Comedy Family,"The journey of Manolo, a young man who is torn between fulfilling the expectations of his family and following his heart. Before choosing which path to follow, he embarks on an incredible adventure that spans three fantastical worlds where he must face his greatest fears.",Diego Luna Channing Tatum Zoe Saldana Christina Applegate Eugenio Derbez,Jorge R. Gutierrez,34.890999,01-10-2014,7.3
1204,Big Daddy,Comedy Drama,"A lazy law school grad adopts a kid to impress his girlfriend, but everything doesn't go as planned and he becomes the unlikely foster father.",Adam Sandler Joey Lauren Adams Kristy Swanson Cole Sprouse Jon Stewart,Dennis Dugan,34.86859,25-06-1999,6.1
585,Lord of War,Crime Drama Thriller,"Yuri Orlov is a globetrotting arms dealer and, through some of the deadliest war zones, he struggles to stay one step ahead of a relentless Interpol agent, his business rivals and even some of his customers who include many of the world's most notorious dictators. Finally, he must also face his own conscience.",Nicolas Cage Bridget Moynahan Jared Leto Ethan Hawke Eamonn Walker,Andrew Niccol,34.828241,16-09-2005,7.0
2383,The Boy in the Striped Pyjamas,War Drama,"When his family moves from their home in Berlin to a strange new house in Poland, young Bruno befriends Shmuel, a boy who lives on the other side of the fence where everyone seems to be wearing striped pajamas. Unaware of Shmuel's fate as a Jewish prisoner or the role his own Nazi father plays in his imprisonment, Bruno embarks on a dangerous journey inside the camp's walls.",Asa Butterfield Jack Scanlon Vera Farmiga David Thewlis Rupert Friend,Mark Herman,34.821223,07-05-2008,7.7
3605,Safe House,Action Thriller,"A dangerous CIA renegade resurfaces after a decade on the run. When the safe house he's remanded to is attacked by mercenaries, a rookie operative escapes with him. Now, the unlikely allies must stay alive long enough to uncover who wants them dead.",Denzel Washington Ryan Reynolds Vera Farmiga Joel Kinnaman Brendan Gleeson,Daniel Espinosa,34.773106,09-02-2012,6.3
512,28 Weeks Later,Horror Thriller Science Fiction,"In this chilling sequel to 28 Days Later, the inhabitants of the British Isles appear to have lost their battle against the onslaught of disease, as the deadly rage virus has killed every citizen there. Six months later, a group of Americans dare to set foot on the isles, convinced the danger has come and gone. But it soon becomes all too clear that the scourge continues to live, waiting to pounce on its next victims.",Imogen Poots Robert Carlyle Rose Byrne Jeremy Renner Harold Perrineau,Juan Carlos Fresnadillo,34.759855,26-04-2007,6.5
4179,Blue Jasmine,Comedy Drama,"Jasmine French used to be on the top of the heap as a New York socialite, but now is returning to her estranged sister in San Francisco utterly ruined. As Jasmine struggles with her haunting memories of a privileged past bearing dark realities she ignored, she tries to recover in her present. Unfortunately, it all proves a losing battle as Jasmine's narcissistic hangups and their consequences begin to overwhelm her. In doing so, her old pretensions and new deceits begin to foul up everyone's lives, especially her own.",Cate Blanchett Alec Baldwin Sally Hawkins Bobby Cannavale Louis C.K.,Woody Allen,34.694216,25-07-2013,7.0
306,Diamonds Are Forever,Adventure Action Thriller,Diamonds are stolen only to be sold again in the international market. James Bond infiltrates a smuggling mission to find out who’s guilty. The mission takes him to Las Vegas where Bond meets his archenemy Blofeld.,Sean Connery Jill St. John Charles Gray Lana Wood Jimmy Dean,Guy Hamilton,34.634181,13-12-1971,6.3
19,A History of Violence,Drama Thriller Crime,An average family is thrust into the spotlight after the father commits a seemingly self-defense murder at his diner.,Viggo Mortensen Maria Bello Heidi Hayes Ashton Holmes William Hurt,David Cronenberg,34.628738,23-09-2005,6.9
1110,Hitch,Comedy Drama Romance,"Dating coach Alex 'Hitch' Hitchens mentors a bumbling client, Albert, who hopes to win the heart of the glamorous Allegra Cole. While Albert makes progress, Hitch faces his own romantic setbacks when proven techniques fail to work on Sara Melas, a tabloid reporter digging for dirt on Allegra Cole's love life. When Sara discovers Hitch's connection to Albert – now Allegra's boyfriend – it threatens to destroy both relationships.",Will Smith Eva Mendes Kevin James Amber Valletta Julie Ann Emery,Andy Tennant,34.576913,10-02-2005,6.4
4169,The Call,Crime Thriller,"Jordan Turner is an experienced 911 operator but when she makes an error in judgment and a call ends badly, Jordan is rattled and unsure if she can continue. But when teenager Casey Welson is abducted in the back of a man's car and calls 911, Jordan is the one called upon to use all of her experience, insights and quick thinking to help Casey escape, and not just to save her, but to make sure the man is brought to justice.",Halle Berry Abigail Breslin Morris Chestnut Michael Imperioli Ella Rae Peck,Brad Anderson,34.532418,14-03-2013,6.6
4260,The Other Woman,Comedy Romance,"After discovering her boyfriend is married, Carly soon meets the wife he's been cheating on. And when yet another affair is discovered, all three women team up to plot mutual revenge on the three-timing SOB.",Cameron Diaz Leslie Mann Kate Upton Don Johnson Nikolaj Coster-Waldau,Nick Cassavetes,34.519636,16-04-2014,6.2
828,The Transporter,Action Crime Thriller,"Former Special Forces officer, Frank Martin will deliver anything to anyone for the right price, and his no-questions-asked policy puts him in high demand. But when he realizes his latest cargo is alive, it sets in motion a dangerous chain of events. The bound and gagged Lai is being smuggled to France by a shady American businessman, and Frank works to save her as his own illegal activities are uncovered by a French detective.",Jason Statham Shu Qi Fran\u00e7ois Berl\u00e9and Matt Schulze Ric Young,Louis Leterrier,34.433521,02-10-2002,6.6
3320,The Next Three Days,Romance Drama Thriller Crime,"A married couple's life is turned upside down when the wife is accused of a murder. Lara Brennan is arrested for murdering her boss with whom she had an argument. It seems she was seen leaving the scene of the crime and her fingerprints were on the murder weapon. Her husband, John would spend the next few years trying to get her released, but there's no evidence that negates the evidence against her. And when the strain of being separated from her family, especially her son, gets to her, John decides to break her out. So he does a lot of research to find a way.",Russell Crowe Elizabeth Banks Brian Dennehy RZA Moran Atias,Paul Haggis,34.421696,18-11-2010,6.9
1232,Ace Ventura: When Nature Calls,Crime Comedy Adventure,"Summoned from an ashram in Tibet, Ace finds himself on a perilous journey into the jungles of Africa to find Shikaka, the missing sacred animal of the friendly Wachati tribe. He must accomplish this before the wedding of the Wachati's Princess to the prince of the warrior Wachootoos. If Ace fails, the result will be a vicious tribal war.",Jim Carrey Ian McNeice Simon Callow Maynard Eziashi Bob Gunton,Steve Oedekerk,34.391792,10-11-1995,6.1
1371,Babe,Fantasy Drama Comedy Family,"Babe is a little pig who doesn't quite know his place in the world. With a bunch of odd friends, like Ferdinand the duck who thinks he is a rooster and Fly the dog he calls mom, Babe realizes that he has the makings to become the greatest sheep pig of all time, and Farmer Hogget knows it. With the help of the sheep dogs Babe learns that a pig can be anything that he wants to be.",Christine Cavanaugh Miriam Margolyes Danny Mann Hugo Weaving Miriam Flynn,Chris Noonan,34.36645,18-07-1995,6.0
4354,The Peanuts Movie,Animation,"Snoopy embarks upon his greatest mission as he and his team take to the skies to pursue their arch-nemesis, while his best pal Charlie Brown begins his own epic quest back home.",Noah Schnapp Bill Melendez Venus Schultheis Hadley Belle Miller Madisyn Shipman,Steve Martino,34.308098,05-11-2015,6.5
1847,Commando,Action Adventure Thriller,"John Matrix, the former leader of a special commando strike force that always got the toughest jobs done, is forced back into action when his young daughter is kidnapped. To find her, Matrix has to fight his way through an array of punks, killers, one of his former commandos, and a fully equipped private army. With the help of a feisty stewardess and an old friend, Matrix has only a few hours to overcome his greatest challenge: finding his daughter before she's killed.",Arnold Schwarzenegger Rae Dawn Chong Dan Hedaya Vernon Wells James Olson,Mark L. Lester,34.224204,03-10-1985,6.4
303,Pearl Harbor,History Romance War,"The lifelong friendship between Rafe McCawley and Danny Walker is put to the ultimate test when the two ace fighter pilots become entangled in a love triangle with beautiful Naval nurse Evelyn Johnson. But the rivalry between the friends-turned-foes is immediately put on hold when they find themselves at the center of Japan's devastating attack on Pearl Harbor on Dec. 7, 1941.",Ben Affleck Josh Hartnett Kate Beckinsale Cuba Gooding Jr. Jon Voight,Michael Bay,34.20669,21-05-2001,6.6
396,Finding Neverland,Drama,Finding Neverland is an amusing drama about how the story of Peter Pan and Neverland came to be. During a writing slump play writer J.M. Barrie meets the widowed Sylvia and her three children who soon become an important part of Barrie’s life and the inspiration that lead him to create his masterpiece “Peter Pan.”,Johnny Depp Kate Winslet Julie Christie Dustin Hoffman Freddie Highmore,Marc Forster,34.160448,17-10-2004,7.2
1123,Deep Impact,Action Drama Romance,"A seven-mile-wide space rock is hurtling toward Earth, threatening to obliterate the planet. Now, it's up to the president of the United States to save the world. He appoints a tough-as-nails veteran astronaut to lead a joint American-Russian crew into space to destroy the comet before impact. Meanwhile, an enterprising reporter uses her smarts to uncover the scoop of the century.",Robert Duvall T\u00e9a Leoni Elijah Wood Vanessa Redgrave Morgan Freeman,Mimi Leder,34.070054,08-05-1998,5.9
1227,S.W.A.T.,Action Thriller Crime,"Hondo Harrelson recruits Jim Street to join an elite unit of the Los Angeles Police Department. Together they seek out more members, including tough Deke Kay and single mom Chris Sanchez. The team's first big assignment is to escort crime boss Alex Montel to prison. It seems routine, but when Montel offers a huge reward to anyone who can break him free, criminals of various stripes step up for the prize.",Samuel L. Jackson Colin Farrell Michelle Rodriguez LL Cool J Josh Charles,Clark Johnson,34.052253,08-08-2003,5.8
3469,Man on a Ledge,Action Thriller Crime,"An ex-cop turned con threatens to jump to his death from a Manhattan hotel rooftop. The NYPD dispatch a female police psychologist to talk him down. However, unbeknownst to the police on the scene, the suicide attempt is a cover for the biggest diamond heist ever pulled.",Sam Worthington Elizabeth Banks Jamie Bell Ed Harris Edward Burns,Asger Leth,34.041407,13-01-2012,6.2
284,A.I. Artificial Intelligence,Drama Science Fiction Adventure,"A robotic boy, the first programmed to love, David is adopted as a test case by a Cybertronics employee and his wife. Though he gradually becomes their child, a series of unexpected circumstances make this life impossible for David. Without final acceptance by humans or machines, David embarks on a journey to discover where he truly belongs, uncovering a world in which the line between robot and machine is both vast and profoundly thin.",Haley Joel Osment Frances O'Connor Sam Robards Jake Thomas Jude Law,Steven Spielberg,34.035114,29-06-2001,6.8
536,Trading Places,Comedy,A snobbish investor and a wily street con-artist find their positions reversed as part of a bet by two callous millionaires.,Eddie Murphy Dan Aykroyd Jamie Lee Curtis Jim Belushi Denholm Elliott,John Landis,34.022209,07-06-1983,7.1
4010,Identity Thief,Comedy Crime,"When a mild-mannered businessman learns his identity has been stolen, he hits the road in an attempt to foil the thief -- a trip that puts him in the path of a deceptively harmless-looking woman.",Jason Bateman Melissa McCarthy Jon Favreau Amanda Peet T.I.,Seth Gordon,34.005726,07-02-2013,5.6
416,Gremlins 2: The New Batch,Comedy Horror Fantasy,"Young sweethearts Billy and Kate move to the Big Apple, land jobs in a high-tech office park and soon reunite with the friendly and lovable Gizmo. But a series of accidents creates a whole new generation of Gremlins. The situation worsens when the devilish green creatures invade a top-secret laboratory and develop genetically altered powers, making them even harder to destroy!",Zach Galligan Phoebe Cates John Glover Robert Prosky Robert Picardo,Joe Dante,33.98637,15-06-1990,6.2
4381,The Best of Me,Drama Romance,A pair of former high school sweethearts reunite after many years when they return to visit their small hometown.,Michelle Monaghan James Marsden Liana Liberato Luke Bracey Gerald McRaney,Michael Hoffman,33.93914,16-10-2014,7.2
2805,Hot Tub Time Machine,Science Fiction Comedy Adventure,"A malfunctioning time machine at a ski resort takes a man back to 1986 with his two friends and nephew, where they must relive a fateful night and not change anything to make sure the nephew is born.",John Cusack Lizzy Caplan Rob Corddry Craig Robinson Clark Duke,Steve Pink,33.926473,26-03-2010,6.0
1053,The Reader,Drama Romance,"The story of Michael Berg, a German lawyer who, as a teenager in the late 1950s, had an affair with an older woman, Hanna, who then disappeared only to resurface years later as one of the defendants in a war crimes trial stemming from her actions as a concentration camp guard late in the war. He alone realizes that Hanna is illiterate and may be concealing that fact at the expense of her freedom.",Kate Winslet Ralph Fiennes David Kross Jeanette Hain Bruno Ganz,Stephen Daldry,33.923786,10-12-2008,7.2
4009,Evil Dead,Horror,"Evil Dead, the fourth installment of the Evil Dead franchise, serving as both a reboot and as a loose continuation of the series, features Mia, a young woman struggling with sobriety, heads to a remote cabin with a group of friends where the discovery of a Book of the Dead unwittingly summon up dormant demons which possess the youngsters one by one.",Jane Levy Shiloh Fernandez Lou Taylor Pucci Jessica Lucas Elizabeth Blackmore,Fede Alvarez,33.912116,05-04-2013,6.4
1326,The Bone Collector,Drama Mystery Thriller Crime,"Rookie cop, Amelia Donaghy reluctantly teams with Lincoln Rhyme – formerly the department's top homicide detective but now paralyzed as a result of a spinal injury – to catch a grisly serial killer dubbed 'The Bone Collector'. The murderer's special signature is to leave tantalizing clues based on the grim remains of his crimes.",Denzel Washington Angelina Jolie Queen Latifah Michael Rooker Michael McGlone,Phillip Noyce,33.884459,04-11-1999,6.5
1433,Bad Boys,Action Comedy Crime Thriller,"Marcus Burnett is a hen-pecked family man. Mike Lowry is a foot-loose and fancy free ladies' man. Both are Miami policemen, and both have 72 hours to reclaim a consignment of drugs stolen from under their station's nose. To complicate matters, in order to get the assistance of the sole witness to a murder, they have to pretend to be each other.",Will Smith Martin Lawrence T\u00e9a Leoni Tch\u00e9ky Karyo Joe Pantoliano,Michael Bay,33.872182,07-04-1995,6.5
581,The Devil's Advocate,Drama Horror Mystery Thriller,A hotshot lawyer gets more than he bargained for when he learns his new boss is Lucifer himself.,Keanu Reeves Al Pacino Charlize Theron Jeffrey Jones Judith Ivey,Taylor Hackford,33.8473,17-10-1997,7.2
3645,Colombiana,Action Thriller Crime Drama,"Zoe Saldana plays a young woman who, after witnessing her parents’ murder as a child in Bogota, grows up to be a stone-cold assassin. She works for her uncle as a hitman by day, but her personal time is spent engaging in vigilante murders that she hopes will lead her to her ultimate target: the mobster responsible for her parents' death.",Zoe Saldana Cliff Curtis Callum Blue Michael Vartan Lennie James,Olivier Megaton,33.785969,27-07-2011,6.5
1605,The Last Airbender,Action Adventure Family Fantasy,"The story follows the adventures of Aang, a young successor to a long line of Avatars, who must put his childhood ways aside and stop the Fire Nation from enslaving the Water, Earth and Air nations.",Noah Ringer Nicola Peltz Jackson Rathbone Dev Patel Shaun Toub,M. Night Shyamalan,33.769336,30-06-2010,4.7
340,Army of Darkness,Fantasy Horror Comedy,"A man is accidentally transported to 1300 A.D., where he must battle an army of the dead and retrieve the Necronomicon so he can return home.",Bruce Campbell Embeth Davidtz Marcus Gilbert Ian Abercrombie Richard Grove,Sam Raimi,33.758281,09-10-1992,7.3
2959,The Bounty Hunter,Action,"Milo Boyd is a bounty hunter whose latest gig is rather satisfying, as he finds out that the bail-skipper he must chase down is his own ex-wife, Nicole -- but she has no intention of getting nabbed without a fight. Complicating matters, Nicole's wannabe-boyfriend, Stewart, joins the chase.",Gerard Butler Jennifer Aniston Gio Perez Siobhan Fallon Joel Garland,Andy Tennant,33.747825,16-03-2010,5.5
2799,Up in the Air,Drama Romance,"George Clooney plays the dry cynical character of Ryan Bingham, an executive who specializes in ""downsizing"". Ryan lives out of his suitcase, traveling the country for the sole purpose terminating unwanted employees day after day. Just as Ryan is about to reach his life-long goal of the ten million mile frequent flyer mark some major changes come his way. Changes that threaten to crack the cold heartless exterior that is Ryan Bingham.",George Clooney Vera Farmiga Anna Kendrick Jason Bateman Melanie Lynskey,Jason Reitman,33.704181,05-09-2009,6.7
1923,Public Enemies,History Crime Drama,"Depression-era bank robber John Dillinger's charm and audacity endear him to much of America's downtrodden public, but he's also a thorn in the side of J. Edgar Hoover and the fledgling FBI. Desperate to capture the elusive outlaw, Hoover makes Dillinger his first Public Enemy Number One and assigns his top agent, Melvin Purvis, the task of bringing him in dead or alive.",Christian Bale Johnny Depp Giovanni Ribisi Billy Crudup Marion Cotillard,Michael Mann,33.691694,01-07-2009,6.5
3463,Tinker Tailor Soldier Spy,Drama Thriller Mystery,"Recently-retired MI6 agent, George Smiley is doing his best to adjust to a life outside the secret service until a disgraced agent reappears with information concerning a mole at the heart of the service. Smiley is drawn back into the murky field of espionage, tasked with investigating which of his trusted former colleagues has chosen to betray him and their country. Smiley narrows his search to four suspects – all experienced, skilled and successful agents – but past histories, rivalries and friendships make it far from easy to pinpoint the man who is eating away at the heart of the British establishment.",John Hurt Gary Oldman Kathy Burke Benedict Cumberbatch Colin Firth,Tomas Alfredson,33.649652,16-09-2011,6.6
402,Hook,Adventure Fantasy Comedy Family,"The boy who wasn't supposed to grow up—Peter Pan—did just that, becoming a soulless corporate lawyer whose workaholism could cost him his wife and kids. But a trip to see Granny Wendy in London, where the vengeful Capt. Hook kidnaps Peter's kids and forces Peter to return to Neverland, could lead to a chance at redemption, in this family-oriented fantasy from director Steven Spielberg.",Robin Williams Dustin Hoffman Julia Roberts Bob Hoskins Maggie Smith,Steven Spielberg,33.648404,11-12-1991,6.6
4701,Survivor,Thriller,"A Foreign Service Officer in London tries to prevent a terrorist attack set to hit New York, but is forced to go on the run when she is framed for crimes she did not commit.",Pierce Brosnan Milla Jovovich Dylan McDermott Angela Bassett Robert Forster,James McTeigue,33.625477,21-05-2015,5.4
1322,Charlie's Angels: Full Throttle,Action Adventure Comedy,"The Angels are charged with finding a pair of missing rings that are encoded with the personal information of members of the Witness Protection Program. As informants are killed, the ladies target a rogue agent who might be responsible.",Cameron Diaz Drew Barrymore Lucy Liu Bernie Mac Robert Patrick,McG,33.616115,27-06-2003,5.2
1494,Wrong Turn,Horror Thriller,"Chris crashes into a carload of other young people, and the group of stranded motorists is soon lost in the woods of West Virginia, where they're hunted by three cannibalistic mountain men who are grossly disfigured by generations of inbreeding.",Desmond Harrington Eliza Dushku Emmanuelle Chriqui Jeremy Sisto Kevin Zegers,Rob Schmidt,33.555764,30-05-2003,6.0
4462,Point Break,Action Crime Thriller,"A young undercover FBI agent infiltrates a gang of thieves who share a common interest in extreme sports. A remake of the 1991 film, ""Point Break"".",Edgar Ram\u00edrez Luke Bracey Teresa Palmer Delroy Lindo Ray Winstone,Ericson Core,33.507289,03-12-2015,5.5
4323,Left Behind,Thriller Action Science Fiction,A small group of survivors are left behind after millions of people suddenly vanish during the rapture and the world is plunged into chaos and destruction.,Nicolas Cage Chad Michael Murray Lea Thompson Nicky Whelan Martin Klebba,Vic Armstrong,33.452469,03-10-2014,3.7
4268,Annie,Comedy Drama Family,"Ever since her parents left her as a baby, little Annie has led a hard-knock life with her calculating foster mother, Miss Hannigan. However, all that changes when hard-nosed billionaire and mayoral candidate Will Stacks takes her in on the recommendation of his advisers. Stacks believes that he's Annie's guardian angel, but the plucky youngster's confidence and sunny outlook may mean that Annie will save Will instead.",Quvenzhan\u00e9 Wallis Jamie Foxx Rose Byrne Cameron Diaz Bobby Cannavale,Will Gluck,33.439187,19-12-2014,6.0
1090,Superbad,Comedy,"High school best buddies are facing separation anxiety as they prepare to go off to college. While attempting to score alcohol for a party with help from a fake ID-toting friend, the guys' evening takes a turn into chaotic territory.",Jonah Hill Michael Cera Christopher Mintz-Plasse Bill Hader Seth Rogen,Greg Mottola,33.436092,17-08-2007,7.0
856,30 Days of Night,Horror Thriller,"This is the story of an isolated Alaskan town that is plunged into darkness for a month each year when the sun sinks below the horizon. As the last rays of light fade, the town is attacked by a bloodthirsty gang of vampires bent on an uninterrupted orgy of destruction. Only the small town's husband-and-wife Sheriff team stand between the survivors and certain destruction.",Josh Hartnett Melissa George Ben Foster Danny Huston Mark Boone Junior,David Slade,33.394082,17-10-2007,6.2
1703,Bride Wars,Comedy,Two best friends become rivals when their respective weddings are accidentally booked for the same day.,Anne Hathaway Kate Hudson Bryan Greenberg Chris Pratt Steve Howey,Gary Winick,33.385429,09-01-2009,5.9
3262,50/50,Comedy Drama,"Inspired by a true story, a comedy centered on a 27-year-old guy who learns of his cancer diagnosis, and his subsequent struggle to beat the disease.",Joseph Gordon-Levitt Seth Rogen Anna Kendrick Bryce Dallas Howard Anjelica Huston,Jonathan Levine,33.372828,30-09-2011,7.0
844,Atonement,Drama Romance,"As a 13-year-old, fledgling writer Briony Tallis irrevocably changes the course of several lives when she accuses her older sister's lover of a crime he did not commit.",Keira Knightley James McAvoy Romola Garai Saoirse Ronan Brenda Blethyn,Joe Wright,33.369305,29-08-2007,7.4
4109,Don Jon,Romance Comedy Drama,"A New Jersey guy dedicated to his family, friends, and church, develops unrealistic expectations from watching porn and works to find happiness and intimacy with his potential true love.",Joseph Gordon-Levitt Scarlett Johansson Julianne Moore Tony Danza Glenne Headly,Joseph Gordon-Levitt,33.296684,26-07-2013,5.9
1625,A Walk to Remember,Drama Romance,"When the popular, restless Landon Carter is forced to participate in the school drama production he falls in love with Jamie Sullivan, the daughter of the town's minister. Jamie has a ""to-do"" list for her life and also a very big secret she must keep from Landon.",Mandy Moore Shane West Peter Coyote Daryl Hannah Lauren German,Adam Shankman,33.283554,25-01-2002,7.5
525,What's Eating Gilbert Grape,Romance Drama,"Gilbert has to care for his brother Arnie and his obese mother, which gets in the way when love walks into his life.",Johnny Depp Leonardo DiCaprio Juliette Lewis Darlene Cates Mary Steenburgen,Lasse Hallstr\u00f6m,33.282794,17-12-1993,7.5
939,Along Came Polly,Comedy Romance,"Reuben Feffer is a guy who's spent his entire life playing it safe. Polly Prince is irresistible as a free-spirit who lives for the thrill of the moment. When these two comically mismatched souls collide, Reuben's world is turned upside down, as he makes an uproarious attempt to change his life from middle-of-the-road to totally-out-there.",Ben Stiller Jennifer Aniston Philip Seymour Hoffman Debra Messing Alec Baldwin,John Hamburg,33.238296,16-01-2004,5.8
1397,Mad Max,Adventure Action Thriller Science Fiction,"In a dystopian future Australia, a vicious biker gang murders a cop's family, and makes his fight with them personal.",Mel Gibson Joanne Samuel Hugh Keays-Byrne Steve Bisley Tim Burns,George Miller,33.142185,12-04-1979,6.6
100,Saw III,Horror Thriller Crime,"Jigsaw has disappeared. Along with his new apprentice Amanda, the puppet-master behind the cruel, intricate games that have terrified a community and baffled police has once again eluded capture and vanished. While city detective scramble to locate him, Doctor Lynn Denlon and Jeff Reinhart are unaware that they are about to become the latest pawns on his vicious chessboard.",Tobin Bell Shawnee Smith Angus Macfadyen Bahar Soomekh Dina Meyer,Darren Lynn Bousman,33.124871,27-10-2006,6.1
3956,Rush,Drama Action,A biographical drama centered on the rivalry between Formula 1 drivers James Hunt and Niki Lauda during the 1976 Formula One motor-racing season.,Daniel Br\u00fchl Chris Hemsworth Olivia Wilde Alexandra Maria Lara Natalie Dormer,Ron Howard,33.003828,02-09-2013,7.7
2058,Saw V,Horror Thriller Crime,"Detective Hoffman is seemingly the last person alive to carry on the Jigsaw legacy. But when his secret is threatened, he must go on the hunt to eliminate all the loose ends.",Tobin Bell Costas Mandylor Scott Patterson Betsy Russell Mark Rolston,David Hackl,32.943848,23-10-2008,5.9
4351,Project Almanac,Science Fiction Thriller,"A group of teens discover secret plans of a time machine, and construct one. However, things start to get out of control.",Jonny Weston Virginia Gardner Sofia Black-D'Elia Sam Lerner Allen Evangelista,Dean Israelite,32.940597,30-01-2015,6.4
249,Silent Hill,Horror Mystery,"The eerie and deserted ghost town of Silent Hill draws a young mother desperate to find a cure for her only child's illness. Unable to accept the doctor's diagnosis that her daughter should be permanently institutionalized for psychiatric care, Rose flees with her child, heading for the abandoned town in search of answers – and ignoring the protests of her husband. It's soon clear this place is unlike anywhere she's ever been. It's smothered by fog, inhabited by a variety of strange beings and periodically overcome by a living 'darkness' that literally transforms everything it touches. As Rose searches for her little girl, she begins to learn the history of the strange town and realizes that her daughter is just a pawn in a larger game.",Radha Mitchell Sean Bean Laurie Holden Deborah Kara Unger Kim Coates,Christophe Gans,32.927994,21-04-2006,6.3
524,Secret Window,Thriller Mystery,"Mort Rainey, a writer just emerging from a painful divorce with his ex-wife, is stalked at his remote lake house by a psychotic stranger and would-be scribe who claims Rainey swiped his best story idea. But as Rainey endeavors to prove his innocence, he begins to question his own sanity.",Johnny Depp John Turturro Timothy Hutton Charles S. Dutton Len Cariou,David Koepp,32.908414,12-03-2004,6.4
336,Fantasia,Animation Family Music,"Walt Disney's timeless masterpiece is an extravaganza of sight and sound! See the music come to life, hear the pictures burst into song and experience the excitement that is Fantasia over and over again.",Deems Taylor Walt Disney Julietta Novis Leopold Stokowski,David Hand,32.875469,13-11-1940,7.2
4522,Legend,Crime Thriller,"Suave, charming and volatile, Reggie Kray and his unstable twin brother Ronnie start to leave their mark on the London underworld in the 1960s. Using violence to get what they want, the siblings orchestrate robberies and murders while running nightclubs and protection rackets. With police Detective Leonard ""Nipper"" Read hot on their heels, the brothers continue their rapid rise to power and achieve tabloid notoriety.",Tom Hardy Emily Browning Christopher Eccleston David Thewlis Taron Egerton,Brian Helgeland,32.854557,09-09-2015,6.7
2414,G.I. Joe: The Rise of Cobra,Adventure Action Thriller Science Fiction,"From the Egyptian desert to deep below the polar ice caps, the elite G.I. JOE team uses the latest in next-generation spy and military equipment to fight the corrupt arms dealer Destro and the growing threat of the mysterious Cobra organization to prevent them from plunging the world into chaos.",Dennis Quaid Channing Tatum Marlon Wayans Sienna Miller Joseph Gordon-Levitt,Stephen Sommers,32.852443,04-08-2009,5.6
2918,Buried,Drama Thriller Mystery,Paul is a U.S. truck driver working in Iraq. After an attack by a group of Iraqis he wakes to find he is buried alive inside a coffin. With only a lighter and a cell phone it's a race against time to escape this claustrophobic death trap.,Ryan Reynolds Jos\u00e9 Luis Garc\u00eda P\u00e9rez Robert Paterson Stephen Tobolowsky Samantha Mathis,Rodrigo Cort\u00e9s,32.841229,24-09-2010,6.6
3584,Mr. Popper's Penguins,Comedy Family,"Jim Carrey stars as Tom Popper, a successful businessman who’s clueless when it comes to the really important things in life...until he inherits six “adorable” penguins, each with its own unique personality. Soon Tom’s rambunctious roommates turn his swank New York apartment into a snowy winter wonderland — and the rest of his world upside-down.",Jim Carrey Carla Gugino Madeline Carroll Angela Lansbury Ophelia Lovibond,Mark Waters,32.835777,17-06-2011,5.7
313,Meet the Fockers,Comedy Romance,"Hard-to-crack ex-CIA man, Jack Byrnes and his wife, Dina head for the warmer climes of Florida to meet son-in-law-to-be, Greg Focker's parents. Unlike their happily matched offspring, the future in-laws find themselves in a situation of opposites that definitely do not attract.",Ben Stiller Teri Polo Robert De Niro Dustin Hoffman Barbra Streisand,Jay Roach,32.829538,22-12-2004,6.1
4241,A Million Ways to Die in the West,Comedy Western,"As a cowardly farmer begins to fall for the mysterious new woman in town, he must put his new-found courage to the test when her husband, a notorious gun-slinger, announces his arrival.",Seth MacFarlane Charlize Theron Liam Neeson Amanda Seyfried Neil Patrick Harris,Seth MacFarlane,32.808675,22-05-2014,5.8
21,8 Mile,Drama,"The setting is Detroit in 1995. The city is divided by 8 Mile, a road that splits the town in half along racial lines. A young white rapper, Jimmy ""B-Rabbit"" Smith Jr. summons strength within himself to cross over these arbitrary boundaries to fulfill his dream of success in hip hop. With his pal Future and the three one third in place, all he has to do is not choke.",Eminem Mekhi Phifer Brittany Murphy Kim Basinger Michael Shannon,Curtis Hanson,32.798571,08-11-2002,6.8
898,Vicky Cristina Barcelona,Drama Romance,"Two girlfriends on a summer holiday in Spain become enamored with the same painter, unaware that his ex-wife, with whom he has a tempestuous relationship, is about to re-enter the picture.",Scarlett Johansson Rebecca Hall Javier Bardem Pen\u00e9lope Cruz Christopher Evan Welch,Woody Allen,32.758254,15-08-2008,6.7
4030,Pitch Perfect,Comedy Music Romance,"College student Beca knows she does not want to be part of a clique, but that's exactly where she finds herself after arriving at her new school. Thrust in among mean gals, nice gals and just plain weird gals, Beca finds that the only thing they have in common is how well they sing together. She takes the women of the group out of their comfort zone of traditional arrangements and into a world of amazing harmonic combinations in a fight to the top of college music competitions.",Anna Kendrick Skylar Astin Brittany Snow Anna Camp Rebel Wilson,Jason Moore,32.746486,28-09-2012,7.3
4413,Midnight Special,Adventure Drama Science Fiction,A father and son go on the run after the dad learns his child possesses special powers.,Michael Shannon Jaeden Lieberher Joel Edgerton Kirsten Dunst Adam Driver,Jeff Nichols,32.717853,18-02-2016,6.2
2278,Knowing,Action Adventure Drama Mystery Science Fiction,A teacher opens a time capsule that has been dug up at his son's elementary school; in it are some chilling predictions -- some that have already occurred and others that are about to -- that lead him to believe his family plays a role in the events that are about to unfold.,Nicolas Cage Rose Byrne Chandler Canterbury Ben Mendelsohn Nadia Townsend,Alex Proyas,32.693093,19-03-2009,5.9
909,Kiss Kiss Bang Bang,Action Comedy Crime Mystery,A petty thief posing as an actor is brought to Los Angeles for an unlikely audition and finds himself in the middle of a murder investigation along with his high school dream girl and a detective who's been training him for his upcoming role...,Robert Downey Jr. Val Kilmer Michelle Monaghan Corbin Bernsen Dash Mihok,Shane Black,32.690038,05-09-2005,7.2
1064,Ronin,Action Thriller Crime Adventure,"A briefcase with undisclosed contents – sought by Irish terrorists and the Russian mob – makes its way into criminals' hands. An Irish liaison assembles a squad of mercenaries, or 'ronin', and gives them the thorny task of recovering the case.",Robert De Niro Jean Reno Natascha McElhone Stellan Skarsg\u00e5rd Sean Bean,John Frankenheimer,32.657488,25-09-1998,6.7
495,Miss Congeniality,Comedy Crime Action,"When the local FBI office receives a letter from a terrorist known only as 'The Citizen', it's quickly determined that he's planning his next act at the Miss America beauty pageant. Because tough-as-nails Gracie Hart is the only female Agent at the office, she's chosen to go undercover as the contestant from New Jersey.",Sandra Bullock Benjamin Bratt Michael Caine Candice Bergen William Shatner,Donald Petrie,32.624355,14-12-2000,6.1
1120,The Exorcism of Emily Rose,Crime Drama Horror Thriller,"When a younger girl called Emily Rose (Carpenter) dies, everyone puts blame on the exorcism which was performed on her by Father Moore (Wilkinson) prior to her death. The priest is arrested on suspicion of murder. The trail begins with lawyer Erin Bruner (Linney) representing Moore, but it is not going to be easy, as no one wants to believe what Father Moore says is true.",Laura Linney Tom Wilkinson Campbell Scott Jennifer Carpenter Kenneth Welsh,Scott Derrickson,32.602868,09-09-2005,6.3
1275,Tremors,Action Horror,"Hick handymen Val McKee and Earl Bassett can barely eke out a living in the Nevada hamlet of Perfection, so they decide to leave town -- despite an admonition from a shapely seismology coed who's picking up odd readings on her equipment. Before long, Val and Earl discover what's responsible for those readings: 30-foot-long carnivorous worms with a proclivity for sucking their prey underground.",Kevin Bacon Fred Ward Finn Carter Michael Gross Reba McEntire,Ron Underwood,32.579697,19-01-1990,6.6
841,Scary Movie 4,Comedy,"Cindy finds out the house she lives in is haunted by a little boy and goes on a quest to find out who killed him and why. Also, Alien ""Tr-iPods"" are invading the world and she has to uncover the secret in order to stop them.",Anna Faris Regina Hall Craig Bierko Bill Pullman Anthony Anderson,David Zucker,32.549282,13-04-2006,5.3
4220,The Great Beauty,Comedy Drama,"Jep Gambardella has seduced his way through the lavish nightlife of Rome for decades, but after his 65th birthday and a shock from the past, Jep looks past the nightclubs and parties to find a timeless landscape of absurd, exquisite beauty.",Toni Servillo Carlo Verdone Sabrina Ferilli Carlo Buccirosso Iaia Forte,Paolo Sorrentino,32.523573,21-05-2013,7.3
2687,The Final Destination,Horror Mystery,"After a young man's premonition of a deadly race-car crash helps saves the lives of his peers, Death sets out to collect those who evaded their end.",Bobby Campo Shantel VanSanten Nick Zano Haley Webb Krista Allen,David R. Ellis,32.478077,26-08-2009,5.4
430,Irreversible,Drama Thriller Crime Mystery,"Events over the course of one traumatic night in Paris unfold in reverse-chronological order as the beautiful Alex is brutally raped and beaten by a stranger in the underpass. Her boyfriend and ex-lover take matters into their own hands by hiring two criminals to help them find the rapist so that they can exact revenge. A simultaneously beautiful and terrible examination of the destructive nature of cause and effect, and how time destroys everything.",Monica Bellucci Vincent Cassel Albert Dupontel Jo Prestia Philippe Nahon,Gaspar No\u00e9,32.476098,22-05-2002,7.1
3815,The Smurfs 2,Fantasy Family Comedy Animation,"The evil wizard Gargamel creates a couple of mischievous Smurf-like creatures called the Naughties that he hopes will let him harness the all-powerful, magical Smurf-essence. But when he discovers that only a real Smurf can give him what he wants, and only a secret spell that Smurfette knows can turn the Naughties into real Smurfs, Gargamel kidnaps Smurfette and brings her to Paris, where he has been winning the adoration of millions as the world¹s greatest sorcerer. It's up to Papa, Clumsy, Grouchy, and Vanity to return to our world, reunite with their human friends Patrick and Grace Winslow, and rescue her! Will Smurfette, who has always felt different from the other Smurfs, find a new connection with the Naughties Vexy and Hackus or will the Smurfs convince her that their love for her is True Blue?",Hank Azaria Neil Patrick Harris Brendan Gleeson Jayma Mays Jonathan Winters,Raja Gosnell,32.473628,30-07-2013,5.5
268,Downfall,Drama History War,"In April of 1945, Germany stands at the brink of defeat with the Russian Army closing in from the east and the Allied Expeditionary Force attacking from the west. In Berlin, capital of the Third Reich, Adolf Hitler proclaims that Germany will still achieve victory and orders his generals and advisers to fight to the last man. When the end finally does come, and Hitler lies dead by his own hand, what is left of his military must find a way to end the killing that is the Battle of Berlin, and lay down their arms in surrender.",Bruno Ganz Alexandra Maria Lara Corinna Harfouch Ulrich Matthes Juliane K\u00f6hler,Oliver Hirschbiegel,32.445895,08-09-2004,7.7
3231,Little Fockers,Comedy Romance,"It has taken 10 years, two little Fockers with wife Pam and countless hurdles for Greg to finally get in with his tightly wound father-in-law, Jack. After the cash-strapped dad takes a job moonlighting for a drug company, Jack's suspicions about his favorite male nurse come roaring back. When Greg and Pam's entire clan descends for the twins' birthday party, Greg must prove to the skeptical Jack that he's fully capable as the man of the house.",Robert De Niro Ben Stiller Owen Wilson Dustin Hoffman Barbra Streisand,Paul Weitz,32.389353,21-12-2010,5.4
2712,The Book of Eli,Action Thriller Science Fiction,"A post-apocalyptic tale, in which a lone man fights his way across America in order to protect a sacred book that holds the secrets to saving humankind.",Denzel Washington Gary Oldman Mila Kunis Ray Stevenson Jennifer Beals,Albert Hughes,32.363538,14-01-2010,6.6
8,Metropolis,Drama Science Fiction,"In a futuristic city sharply divided between the working class and the city planners, the son of the city's mastermind falls in love with a working class prophet who predicts the coming of a savior to mediate their differences.",Brigitte Helm Alfred Abel Gustav Fr\u00f6hlich Rudolf Klein-Rogge Fritz Rasp,Fritz Lang,32.351527,10-01-1927,8.0
3362,Hugo,Adventure Drama Family,"Hugo is an orphan boy living in the walls of a train station in 1930s Paris. He learned to fix clocks and other gadgets from his father and uncle which he puts to use keeping the train station clocks running. The only thing that he has left that connects him to his dead father is an automaton (mechanical man) that doesn't work without a special key which Hugo needs to find to unlock the secret he believes it contains. On his adventures, he meets with a shopkeeper, George Melies, who works in the train station and his adventure-seeking god-daughter. Hugo finds that they have a surprising connection to his father and the automaton, and he discovers it unlocks some memories the old man has buried inside regarding his past.",Ben Kingsley Sacha Baron Cohen Asa Butterfield Chlo\u00eb Grace Moretz Ray Winstone,Martin Scorsese,32.319043,22-11-2011,7.0
693,16 Blocks,Action Adventure Crime Thriller,"An aging cop is assigned the ordinary task of escorting a fast-talking witness from police custody to a courthouse, but they find themselves running the gauntlet as other forces try to prevent them from getting there.",Bruce Willis Yasiin Bey David Morse Jenna Stern David Zayas,Richard Donner,32.31022,01-03-2006,6.2
3908,Seven Psychopaths,Comedy Crime,A struggling screenwriter inadvertently becomes entangled in the Los Angeles criminal underworld after his oddball friends kidnap a gangster's beloved Shih Tzu.,Colin Farrell Sam Rockwell Woody Harrelson Christopher Walken Tom Waits,Martin McDonagh,32.306455,07-09-2012,6.7
144,Catwoman,Action Crime,"Liquidated after discovering a corporate conspiracy, mild-mannered graphic artist Patience Phillips washes up on an island, where she's resurrected and endowed with the prowess of a cat -- and she's eager to use her new skills ... as a vigilante. Before you can say ""cat and mouse,"" handsome gumshoe Tom Lone is on her tail.",Halle Berry Benjamin Bratt Sharon Stone Lambert Wilson Frances Conroy,Pitof,32.271938,22-07-2004,4.2
457,Stranger Than Fiction,Comedy Drama Fantasy Romance,"Everybody knows that your life is a story. But what if a story was your life? Harold Crick is your average IRS agent: monotonous, boring, and repetitive. But one day this all changes when Harold begins to hear an author inside his head narrating his life. But when the narration reveals he is going to die, Harold must find the author and convince them to change the ending.",Will Ferrell Maggie Gyllenhaal Dustin Hoffman Emma Thompson Queen Latifah,Marc Forster,32.26789,09-09-2006,7.1
2691,Jennifer's Body,Comedy Horror,A newly possessed cheerleader turns into a killer who specializes in offing her male classmates. Can her best friend put an end to the horror?,Megan Fox Amanda Seyfried Johnny Simmons Adam Brody J.K. Simmons,Karyn Kusama,32.257414,18-09-2009,5.3
200,21 Grams,Drama Crime Thriller,"This is the story of three gentle persons: Paul Rivers an ailing mathematician lovelessly married to an English émigré, Christina Peck, an upper-middle-class suburban housewife, happily married and mother of two little girls, and Jack Jordan, an ex-convict who has found in his Christian faith the strength to raise a family. They will be brought together by a terrible accident that will change their lives. By the final frame, none of them will be the same as they will learn harsh truths about love, faith, courage, desire and guilt, and how chance can change our worlds irretrievably, forever.",Sean Penn Naomi Watts Benicio del Toro Danny Huston Carly Nahon,Alejandro Gonz\u00e1lez I\u00f1\u00e1rritu,32.243357,06-09-2003,7.2
1644,The Ring Two,Drama Horror Thriller,Rachel Keller must prevent evil Samara from taking possession of her son's soul.,Naomi Watts Simon Baker Elizabeth Perkins David Dorfman Gary Cole,Hideo Nakata,32.233713,17-03-2005,5.4
12,Jarhead,Drama War,"Jarhead is a film about a US Marine Anthony Swofford’s experience in the Gulf War. After putting up with an arduous boot camp, Swafford and his unit are sent to the Persian Gulf where they are earger to fight but are forced to stay back from the action. Meanwhile Swofford gets news of his girlfriend is cheating on him. Desperately he wants to kill someone and finally put his training to use.",Jamie Foxx Jake Gyllenhaal Scott MacDonald Lucas Black Peter Sarsgaard,Sam Mendes,32.227223,04-11-2005,6.6
516,Chicago,Action Comedy Crime Drama Music,Murderesses Velma Kelly and Roxie Hart find themselves on death row together and fight for the fame that will keep them from the gallows in 1920s Chicago.,Catherine Zeta-Jones Ren\u00e9e Zellweger Queen Latifah Richard Gere Christine Baranski,Rob Marshall,32.217425,26-12-2002,6.9
4137,The Way Way Back,Comedy Drama,"Over the course of his summer break, a teenager comes into his own thanks in part to the friendship he strikes up with one of the park's managers.",Liam James Steve Carell Toni Collette AnnaSophia Robb Sam Rockwell,Nat Faxon,32.14444,06-06-2013,7.1
4085,The Butler,Drama,"A look at the life of Cecil Gaines who served eight presidents as the White House's head butler from 1952 to 1986, and had a unique front-row seat as political and racial history was made.",Forest Whitaker David Banner Michael Rainey Jr. LaJessie Smith Mariah Carey,Lee Daniels,32.105328,16-08-2013,7.2
293,Twister,Action Adventure Drama,"TV weatherman Bill Harding is trying to get his tornado-hunter wife, Jo, to sign divorce papers so he can marry his girlfriend Melissa. But Mother Nature, in the form of a series of intense storms sweeping across Oklahoma, has other plans. Soon the three have joined the team of stormchasers as they attempt to insert a revolutionary measuring device into the very heart of several extremely violent tornados.",Helen Hunt Bill Paxton Cary Elwes Jami Gertz Philip Seymour Hoffman,Jan de Bont,32.079995,10-05-1996,6.1
1256,Flightplan,Thriller Drama Mystery,"A claustrophobic, Hitchcockian thriller. A bereaved woman and her daughter are flying home from Berlin to America. At 30,000 feet the child vanishes and nobody admits she was ever on that plane.",Jodie Foster Peter Sarsgaard Sean Bean Kate Beahan Michael Irby,Robert Schwentke,32.05145,22-09-2005,6.1
1369,Last Action Hero,Adventure Fantasy Action Comedy Family,"Danny is obsessed with a fictional movie character action hero Jack Slater. When a magical ticket transports him into Jack's latest adventure, Danny finds himself in a world where movie magic and reality collide. Now it's up to Danny to save the life of his hero and new friend.",Arnold Schwarzenegger F. Murray Abraham Art Carney Charles Dance Frank McRae,John McTiernan,32.044191,18-06-1993,6.1
3465,The Change-Up,Comedy,"Dave is a married man with two kids and a loving wife , and Mitch is a single man who is at the prime of his sexual life. One fateful night while Mitch and Dave are peeing in a fountain when lightning strikes, they switch bodies.",Olivia Wilde Ryan Reynolds Jason Bateman Leslie Mann Mircea Monroe,David Dobkin,32.015477,05-08-2011,5.9
4584,Pete's Dragon,Adventure Family Fantasy,"Pete is a mysterious 10-year-old with no family and no home who claims to live in the woods with a giant, green dragon named Elliott. With the help of Natalie, an 11-year-old girl whose father Jack owns the local lumber mill, forest ranger Grace sets out to determine where Pete came from, where he belongs, and the truth about this dragon.",Bryce Dallas Howard Oakes Fegley Wes Bentley Karl Urban Oona Laurence,David Lowery,31.974359,10-08-2016,6.2
4118,Saving Mr. Banks,Comedy Drama History,Author P.L. Travers travels from London to Hollywood as Walt Disney Pictures adapts her novel Mary Poppins for the big screen.,Emma Thompson Tom Hanks Paul Giamatti Colin Farrell Ruth Wilson,John Lee Hancock,31.957947,16-11-2013,7.3
885,Burn After Reading,Comedy Drama,"When a disc containing memoirs of a former CIA analyst falls into the hands of Linda Litzke and Chad Feldheimer, the two gym employees see a chance to make enough money for her to have life-changing cosmetic surgery. Predictably, events whirl out of control for the duo doofuses and those in their orbit.",George Clooney Frances McDormand Brad Pitt John Malkovich Tilda Swinton,Joel Coen,31.941347,05-09-2008,6.5
3744,Safe,Action Crime Thriller,"After a former elite agent rescues a 12-year-old Chinese girl who's been abducted, they find themselves in the middle of a standoff between Triads, the Russian Mafia and high-level corrupt New York City politicians and police.",Jason Statham Chris Sarandon James Hong Catherine Chan Robert John Burke,Boaz Yakin,31.92695,16-04-2012,6.3
2786,Saw VI,Horror Mystery,"Special Agent Strahm is dead, and Detective Hoffman has emerged as the unchallenged successor to Jigsaw's legacy. However, when the FBI draws closer to Hoffman, he is forced to set a game into motion, and Jigsaw's grand scheme is finally understood.",Tobin Bell Costas Mandylor Betsy Russell Mark Rolston Peter Outerbridge,Kevin Greutert,31.900899,22-10-2009,6.0
4092,Pain & Gain,Thriller Crime Action,"Daniel Lugo, manager of the Sun Gym in 1990s Miami, decides that there is only one way to achieve his version of the American dream: extortion. To achieve his goal, he recruits musclemen Paul and Adrian as accomplices. After several failed attempts, they abduct rich businessman Victor Kershaw and convince him to sign over all his assets to them. But when Kershaw makes it out alive, authorities are reluctant to believe his story.",Mark Wahlberg Dwayne Johnson Anthony Mackie Tony Shalhoub Ed Harris,Michael Bay,31.893932,18-04-2013,6.1
2277,RockNRolla,Action Crime Thriller,"When a Russian mobster sets up a real estate scam that generates millions of pounds, various members of London's criminal underworld pursue their share of the fortune. Various shady characters, including Mr One-Two, Stella the accountant, and Johnny Quid, a druggie rock-star, try to claim their slice.",Mark Strong Tom Wilkinson Toby Kebbell Gerard Butler Tom Hardy,Guy Ritchie,31.887978,04-09-2008,6.9
3857,Savages,Crime Drama Thriller,Pot growers Ben and Chon face off against the Mexican drug cartel who kidnapped their shared girlfriend.,Blake Lively Taylor Kitsch Aaron Taylor-Johnson Benicio del Toro Salma Hayek,Oliver Stone,31.856589,06-07-2012,6.2
128,Amadeus,Drama History Music,"The incredible story of genius musician Wolfgang Amadeus Mozart, told in flashback by his peer and secret rival Antonio Salieri – now confined to an insane asylum.",F. Murray Abraham Tom Hulce Elizabeth Berridge Roy Dotrice Simon Callow,Milo\u0161 Forman,31.82675,26-10-1984,7.8
1284,Conan the Barbarian,Adventure Fantasy Action,"A film adaptation of the classic sword and sorcery hero, Conan the Barbarian. A horde of rampaging warriors massacre the parents of young Conan and enslave the young child for years on The Wheel of Pain. As the sole survivor of the childhood massacre, Conan is released from slavery and taught the ancient arts of fighting. Transforming himself into a killing machine, Conan travels into the wilderness to seek vengeance on Thulsa Doom, the man responsible for killing his family. In the wilderness, Conan takes up with the thieves Valeria and Subotai. The group comes upon King Osric, who wants the trio of warriors to help rescue his daughter who has joined Doom in the hills.",Arnold Schwarzenegger James Earl Jones Max von Sydow Sandahl Bergman Cassandra Gava,John Milius,31.802807,02-04-1982,6.6
619,Shakespeare in Love,Romance History,"Young Shakespeare is forced to stage his latest comedy, ""Romeo and Ethel, the Pirate's Daughter,"" before it's even written. When a lovely noblewoman auditions for a role, they fall into forbidden love -- and his play finds a new life (and title). As their relationship progresses, Shakespeare's comedy soon transforms into tragedy.",Joseph Fiennes Gwyneth Paltrow Geoffrey Rush Tom Wilkinson Judi Dench,John Madden,31.792964,11-12-1998,6.8
1144,DragonHeart,Fantasy,"In an ancient time when majestic fire-breathers soared through the skies, a knight named Bowen comes face to face and heart to heart with the last dragon on Earth, Draco. Taking up arms to suppress a tyrant king, Bowen soon realizes his task will be harder than he'd imagined: If he kills the king, Draco will die as well.",Dennis Quaid David Thewlis Pete Postlethwaite Dina Meyer Julie Christie,Rob Cohen,31.791979,31-05-1996,6.4
1009,Chicken Run,Animation Comedy Family,"Having been hopelessly repressed and facing eventual certain death at the British chicken farm where they are held, Rocky the american rooster and Ginger the chicken decide to rebel against the evil Mr. and Mrs. Tweedy, the farm's owners. Rocky and Ginger lead their fellow chickens in a great escape from the murderous farmers and their farm of doom.",Mel Gibson Miranda Richardson Timothy Spall Imelda Staunton Jane Horrocks,Nick Park,31.789029,21-06-2000,6.5
3842,LOL,Drama Comedy Romance,"In a world connected by YouTube, iTunes, and Facebook, Lola and her friends navigate the peer pressures of high school romance and friendship while dodging their sometimes overbearing and confused parents. When Lola's mom, Anne, ""accidentally"" reads her teenage daughter's racy journal, she realizes just how wide their communication gap has grown.",Miley Cyrus Demi Moore Douglas Booth Ashley Greene Ashley Hinshaw,Lisa Azuelos,31.763201,10-02-2012,5.9
1896,Wild Hogs,Action Adventure Comedy,"Restless and ready for adventure, four suburban bikers leave the safety of their subdivision and head out on the open road. But complications ensue when they cross paths with an intimidating band of New Mexico bikers known as the Del Fuegos.",Tim Allen John Travolta Martin Lawrence William H. Macy Ray Liotta,Walt Becker,31.719463,02-03-2007,5.6
3261,The Green Hornet,Action Crime Comedy,"Britt Reid (Seth Rogen), the heir to the largest newspaper fortune in Los Angeles, is a spoiled playboy who has been, thus far, happy to lead an aimless life. After his father (Tom Wilkinson) dies, Britt meets Kato (Jay Chou), a resourceful company employee. Realizing that they have the talent and resources to make something of their lives, Britt and Kato join forces as costumed crime-fighters to bring down the city's most-powerful criminal, Chudnofsky (Christoph Waltz).",Seth Rogen Jay Chou Christoph Waltz Cameron Diaz Edward Furlong,Michel Gondry,31.703608,12-01-2011,5.5
1082,[REC],Horror Mystery,A television reporter and cameraman follow emergency workers into a dark apartment building and are quickly locked inside with something terrifying.,Manuela Velasco Ferran Terraza Martha Carbonell David Vert Carlos Lasarte,Jaume Balaguer\u00f3,31.691617,10-04-2007,7.1
1072,Disturbia,Thriller Drama Mystery,"Kale is a 17-year-old placed under house arrest after punching his teacher. He is confined to his house, and decides to use his free time spying on his neighbors. Things start to get weird when guests enter the Turner's house and don't come back out. Kale and his friends, Ronnie and Ashley, start to grow more and more interested in what is actually happening within the house of Robert Turner.",Shia LaBeouf Sarah Roemer Carrie-Anne Moss David Morse Aaron Yoo,D.J. Caruso,31.690456,12-04-2007,6.6
1240,Final Destination 3,Horror Mystery,"A student's premonition of a deadly rollercoaster ride saves her life and a lucky few, but not from death itself – which seeks out those who escaped their fate.",Mary Elizabeth Winstead Ryan Merriman Kris Lemche Alexz Johnson Sam Easton,James Wong,31.64341,10-02-2006,5.8
434,Mulholland Drive,Thriller Drama Mystery,"After a car wreck on the winding Mulholland Drive renders a woman amnesic, she and a perky Hollywood-hopeful search for clues and answers across Los Angeles in a twisting venture beyond dreams and reality.",Naomi Watts Laura Harring Ann Miller Dan Hedaya Justin Theroux,David Lynch,31.60985,16-05-2001,7.6
2518,Where the Wild Things Are,Family Fantasy,"Max imagines running away from his mom and sailing to a far-off land where large talking beasts -- Ira, Carol, Douglas, the Bull, Judith and Alexander -- crown him as their king, play rumpus, build forts and discover secret hideaways.",Max Records Catherine Keener Lauren Ambrose James Gandolfini Catherine O'Hara,Spike Jonze,31.586215,16-10-2009,6.4
4557,Krampus,Horror Comedy Fantasy,A horror comedy based on the ancient legend about a pagan creature who punishes children on Christmas.,Adam Scott Toni Collette Allison Tolman David Koechner Emjay Anthony,Michael Dougherty,31.565117,26-11-2015,5.9
4683,The Secret Life of Pets,Animation Family,"The quiet life of a terrier named Max is upended when his owner takes in Duke, a stray whom Max instantly dislikes.",Louis C.K. Eric Stonestreet Kevin Hart Jenny Slate Lake Bell,Chris Renaud,31.482872,18-06-2016,5.9
1389,Scooby-Doo,Mystery Adventure Comedy,"The Mystery Inc. gang have gone their separate ways and have been apart for two years, until they each receive an invitation to Spooky Island. Not knowing that the others have also been invited, they show up and discover an amusement park that affects young visitors in very strange ways.",Freddie Prinze Jr. Sarah Michelle Gellar Matthew Lillard Linda Cardellini Rowan Atkinson,Raja Gosnell,31.435539,14-06-2002,5.4
821,What Women Want,Comedy Romance,"Advertising executive Nick Marshall is as cocky as they come, but what happens to a chauvinistic guy when he can suddenly hear what women are thinking? Nick gets passed over for a promotion, but after an accident enables him to hear women's thoughts, he puts his newfound talent to work against Darcy, his new boss, who seems to be infatuated with him.",Helen Hunt Mel Gibson Marisa Tomei Lauren Holly Mark Feuerstein,Nancy Meyers,31.39165,15-12-2000,6.1
448,The Talented Mr. Ripley,Thriller Crime Drama,"Tom Ripley is a calculating young man who believes it's better to be a fake somebody than a real nobody. Opportunity knocks in the form of a wealthy U.S. shipbuilder who hires Tom to travel to Italy to bring back his playboy son, Dickie. Ripley worms his way into the idyllic lives of Dickie and his girlfriend, plunging into a daring scheme of duplicity, lies and murder.",Matt Damon Gwyneth Paltrow Jude Law Cate Blanchett Philip Seymour Hoffman,Anthony Minghella,31.385257,25-12-1999,7.0
3810,Contraband,Thriller Action Drama Crime,"When his brother-in-law runs afoul of a drug lord, family man Chris Farraday turns to a skill he abandoned long ago – smuggling – to repay the debt. But the job goes wrong, and Farraday finds himself wanted by cops, crooks and killers alike.",Mark Wahlberg Kate Beckinsale Ben Foster Giovanni Ribisi J.K. Simmons,Baltasar Korm\u00e1kur,31.364901,12-01-2012,6.1
3794,The Dictator,Comedy,The heroic story of a dictator who risks his life to ensure that democracy would never come to the country he so lovingly oppressed.,Sacha Baron Cohen Sayed Badreya Aasif Mandvi Megan Fox Anna Faris,Larry Charles,31.349143,15-05-2012,5.9
2222,The Man from Earth,Science Fiction Drama,"An impromptu goodbye party for Professor John Oldman becomes a mysterious interrogation after the retiring scholar reveals to his colleagues he never ages and has walked the earth for 14,000 years.",David Lee Smith Tony Todd John Billingsley Ellen Crawford Annika Peterson,Richard Schenkman,31.339015,10-06-2007,7.7
3973,"I, Frankenstein",Horror Thriller,"200 years after his shocking creation, Dr. Frankenstein's creature, Adam, still walks the earth. But when he finds himself in the middle of a war over the fate of humanity, Adam discovers he holds the key that could destroy humankind.",Aaron Eckhart Yvonne Strahovski Bill Nighy Jai Courtney Miranda Otto,Stuart Beattie,31.324734,22-01-2014,5.0
1007,The Bucket List,Drama Comedy,"Corporate billionaire Edward Cole and working class mechanic Carter Chambers are worlds apart. At a crossroads in their lives, they share a hospital room and discover they have two things in common: a desire to spend the time they have left doing everything they ever wanted to do and an unrealized need to come to terms with who they are. Together they embark on the road trip of a lifetime, becoming friends along the way and learning to live life to the fullest, with insight and humor.",Jack Nicholson Morgan Freeman Sean Hayes Beverly Todd Alfonso Freeman,Rob Reiner,31.305336,25-12-2007,7.0
470,Rambo III,Action Adventure Thriller War,"Combat has taken its toll on Rambo, but he's finally begun to find inner peace in a monastery. When Rambo's friend and mentor Col. Trautman asks for his help on a top secret mission to Afghanistan, Rambo declines but must reconsider when Trautman is captured.",Sylvester Stallone Richard Crenna Kurtwood Smith Spiros Foc\u00e1s Sasson Gabai,Peter MacDonald,31.294717,24-05-1988,5.7
2382,Paul Blart: Mall Cop,Action Adventure Comedy Family,"Mild-mannered Paul Blart (Kevin James) has always had huge dreams of becoming a State Trooper. Until then, he patrols the local mall as a security guard. With his closely cropped moustache, personal transporter and gung-ho attitude, only Blart seems to take his job seriously. All that changes when a team of thugs raids the mall and takes hostages. Untrained, unarmed and a super-size target, Blart has to become a real cop to save the day.",Kevin James Keir O'Donnell Jayma Mays Raini Rodriguez Shirley Knight,Steve Carr,31.250383,15-01-2009,5.2
148,Mystic River,Thriller Crime Drama Mystery,"A story about friendship and loyalty, guilt and vengeance, and the fateful affect the past has on the present.",Sean Penn Tim Robbins Kevin Bacon Laurence Fishburne Marcia Gay Harden,Clint Eastwood,31.242999,07-10-2003,7.6
3489,Hanna,Action Thriller Adventure,"A 16-year-old girl raised by her father to be the perfect assassin is dispatched on a mission across Europe. Tracked by a ruthless operatives, she faces startling revelations about her existence and questions about her humanity.",Saoirse Ronan Eric Bana Vicky Krieps Cate Blanchett Tom Hollander,Joe Wright,31.191975,07-04-2011,6.5
4421,If I Stay,Drama,"Based on Gayle Forman's novel of the same name. ""If I Stay"" is the story of the gifted classical musician Mia and her boyfriend, Adam, an up and coming indie-rock star. Torn between two paths in life, her art or her relationship, Mia is forced to make an even starker choice between life and death when she is caught in a fatal car accident with her family one snowy morning in Oregon.",Chlo\u00eb Grace Moretz Jamie Blackley Liana Liberato Mireille Enos Stacy Keach,R.J. Cutler,31.162838,21-08-2014,7.3
774,Hairspray,Family Comedy Music Romance,"Pleasantly plump teenager, Tracy Turnblad and her best friend, Penny Pingleton audition to be on The Corny Collins Show – and Tracy wins. But when scheming Amber Von Tussle and her mother plot to destroy Tracy, it turns to chaos.",John Travolta Michelle Pfeiffer Christopher Walken James Marsden Queen Latifah,Adam Shankman,31.160542,13-07-2007,6.5
1264,The Mask of Zorro,Action Adventure,"It has been twenty years since Don Diego de la Vega fought Spanish oppression in Alta California as the legendary romantic hero, Zorro. Having escaped from prison he transforms troubled bandit Alejandro into his successor, in order to foil the plans of the tyrannical Don Rafael Montero who robbed him of his freedom, his wife and his precious daughter.",Antonio Banderas Anthony Hopkins Catherine Zeta-Jones Stuart Wilson Diego Sieres,Martin Campbell,31.086791,16-07-1998,6.3
3659,Extremely Loud & Incredibly Close,Drama,"A year after his father's death, Oskar, a troubled young boy, discovers a mysterious key he believes was left for him by his father and embarks on a scavenger hunt to find the matching lock.",Thomas Horn Tom Hanks Sandra Bullock Max von Sydow John Goodman,Stephen Daldry,31.066874,24-12-2011,6.9
549,The Legend of Zorro,Action Adventure,"Having spent the last 10 years fighting injustice and cruelty, Alejandro de la Vega is now facing his greatest challenge: his loving wife Elena has thrown him out of the house!  Elena has filed for divorce and found comfort in the arms of Count Armand, a dashing French aristocrat.  But Alejandro knows something she doesn't: Armand is the evil mastermind behind a terrorist plot to destroy the United States.  And so, with his marriage and the county's future at stake, it's up to Zorro to save two unions before it's too late.",Antonio Banderas Catherine Zeta-Jones Adri\u00e1n Alonso Barona Julio Oscar Mechoso Nick Chinlund,Martin Campbell,31.054334,24-10-2005,5.9
291,Thunderball,Adventure Action Thriller,A criminal organization has obtained two nuclear bombs and are asking for a 100 million pound ransom in the form of diamonds in seven days or they will use the weapons. The secret service sends James Bond to the Bahamas to once again save the world.,Sean Connery Claudine Auger Adolfo Celi Luciana Paluzzi Rik Van Nutter,Terence Young,31.036,16-12-1965,6.5
2654,The Boat That Rocked,Drama Comedy,"The Boat that Rocked is an ensemble comedy, where the romance is between the young people of the 60s, and pop music. It's about a band of DJs that captivate Britain, playing the music that defines a generation and standing up to a government that  wanted control of popular culture via the British Broadcasting Corporation. Loosely based on the events in Britain in the 60's when the Labour government of Harold Wilson, wanted to bring the pirate stations under control, enough to see the passage of the Marine Broadcasting Offences Act on 15 August 1967",Tom Sturridge Philip Seymour Hoffman Rhys Ifans Bill Nighy Emma Thompson,Richard Curtis,31.02233,01-04-2009,7.2
3383,The Fighter,Drama,"The Fighter, is a drama about boxer ""Irish"" Micky Ward's unlikely road to the world light welterweight title. His Rocky-like rise was shepherded by half-brother Dicky, a boxer-turned-trainer who rebounded in life after nearly being KO'd by drugs and crime.",Mark Wahlberg Christian Bale Amy Adams Melissa Leo Mickey O'Keefe,David O. Russell,31.019381,17-12-2010,7.2
155,Magnolia,Drama,"An epic mosaic of many interrelated characters in search of happiness, forgiveness, and meaning in the San Fernando Valley.",Julianne Moore William H. Macy John C. Reilly Tom Cruise Philip Baker Hall,Paul Thomas Anderson,30.993736,08-12-1999,7.5
3300,Never Let Me Go,Drama Romance Science Fiction,"As children, Kathy, Ruth, and Tommy spend their childhood at an idyllic and secluded English boarding school. As they grow into adults, they must come to terms with the complexity and strength of their love for one another while also preparing for the haunting reality awaiting them.",Carey Mulligan Andrew Garfield Keira Knightley Domhnall Gleeson Andrea Riseborough,Mark Romanek,30.983397,15-09-2010,6.8
2794,Legion,Horror,"When God loses faith in humankind, he sends his legion of angels to bring on the Apocalypse. Humanity's only hope for survival lies in a group of strangers trapped in an out-of-the-way, desert diner with the Archangel Michael.",Paul Bettany Dennis Quaid Kevin Durand Kate Walsh Doug Jones,Scott Stewart,30.981604,21-01-2010,5.2
3598,Attack the Block,Action Comedy Science Fiction,A teen gang in a grim South London housing estate must team up with the other residents to protect their neighbourhood from a terrifying alien invasion.,Nick Frost Jodie Whittaker John Boyega Luke Treadaway Flaminia Cinque,Joe Cornish,30.952377,12-05-2011,6.3
2352,Marley & Me,Comedy Family,"A newly married couple who, in the process of starting a family, learn many of life's important lessons from their trouble-loving retriever, Marley. Packed with plenty of laughs to lighten the load, the film explores the highs and lows of marriage, maturity and confronting one's own mortality, as seen through the lens of family life with a dog.",Owen Wilson Jennifer Aniston Eric Dane Kathleen Turner Alan Arkin,David Frankel,30.951203,25-12-2008,6.9
3340,Devil,Horror Mystery Thriller,A group of people trapped in a elevator realizes that the devil is among them.,Chris Messina Jacob Vargas Bojana Novakovi\u0107 Logan Marshall-Green Bokeem Woodbine,John Erick Dowdle,30.934688,13-01-2010,5.8
75,K-PAX,Drama Science Fiction,"Prot is a patient at a mental hospital who claims to be from a far away Planet. His psychiatrist tries to help him, only to begin to doubt his own explanations.",Jeff Bridges Kevin Spacey Mary McCormack Alfre Woodard Ajay Naidu,Iain Softley,30.920075,22-10-2001,7.1
1581,Milk,History Drama,"The story of California's first openly gay elected official, Harvey Milk, who  became an outspoken agent for change, seeking equal rights and opportunities for all. His great love for the city and its people brought him backing from young and old, straight and gay, alike – at a time when prejudice and violence against gays was openly accepted as the norm.",Sean Penn Emile Hirsch James Franco Josh Brolin Diego Luna,Gus Van Sant,30.909699,26-11-2008,7.1
352,Mrs. Doubtfire,Comedy Drama Family,"Loving but irresponsible dad Daniel Hillard, estranged from his exasperated spouse, is crushed by a court order allowing only weekly visits with his kids. When Daniel learns his ex needs a housekeeper, he gets the job -- disguised as an English nanny. Soon he becomes not only his children's best pal but the kind of parent he should have been from the start.",Robin Williams Sally Field Pierce Brosnan Harvey Fierstein Polly Holliday,Chris Columbus,30.884535,24-11-1993,7.0
726,Eragon,Fantasy Action Adventure Family,"In his homeland of Alagaesia, a farm boy happens upon a dragon's egg -- a discovery that leads him on a predestined journey where he realized he's the one person who can defend his home against an evil king.",Ed Speleers Jeremy Irons Sienna Guillory Robert Carlyle Djimon Hounsou,Stefen Fangmeier,30.863434,14-12-2006,4.9
3922,Seeking a Friend for the End of the World,Comedy Drama Romance Science Fiction,"As an asteroid nears Earth, a man finds himself alone after his wife leaves in a panic. He decides to take a road trip to reunite with his high school sweetheart. Accompanying him is a neighbor who inadvertently puts a wrench in his plan.",Steve Carell Keira Knightley Connie Britton Adam Brody Rob Corddry,Lorene Scafaria,30.863082,22-06-2012,6.3
414,Galaxy Quest,Comedy Family Science Fiction,"The stars of a 1970s sci-fi show - now scraping a living through re-runs and sci-fi conventions - are beamed aboard an alien spacecraft. Believing the cast's heroic on-screen dramas are historical documents of real-life adventures, the band of aliens turn to the ailing celebrities for help in their quest to overcome the oppressive regime in their solar system.",Tim Allen Sigourney Weaver Alan Rickman Tony Shalhoub Sam Rockwell,Dean Parisot,30.816341,23-12-1999,6.9
2004,Mamma Mia!,Comedy Romance,"Set on an idyllic Greek island, the plot serves as a background for a wealth of ABBA hit songs. Donna, an independent, single mother who owns a small hotel on the island is about to let go of Sophie, the spirited young daughter she's raised alone. But Sophie has secretly invited three of her mother's ex-lovers in the hopes of finding her father.",Meryl Streep Pierce Brosnan Amanda Seyfried Colin Firth Stellan Skarsg\u00e5rd,Phyllida Lloyd,30.780599,03-07-2008,6.4
972,27 Dresses,Comedy Romance,Altruistic Jane finds herself facing her worst nightmare as her younger sister announces her engagement to the man Jane secretly adores.,Katherine Heigl James Marsden Malin \u00c5kerman Judy Greer Edward Burns,Anne Fletcher,30.695228,10-01-2008,6.1
52,Match Point,Drama Thriller Crime Romance,"Match Point is Woody Allen’s satire of the British High Society and the ambition of a young tennis instructor to enter into it. Yet when he must decide between two women - one assuring him his place in high society, and the other that would bring him far from it - palms start to sweat and a dark psychological match in his head begins.",Jonathan Rhys Meyers Scarlett Johansson Emily Mortimer Brian Cox Penelope Wilton,Woody Allen,30.669913,26-10-2005,7.3
4197,The Boxtrolls,Animation Comedy Family Fantasy,"An orphaned boy raised by underground creatures called Boxtrolls comes up from the sewers and out of his box to save his family and the town from the evil exterminator, Archibald Snatcher.",Ben Kingsley Isaac Hempstead-Wright Elle Fanning Dee Bradley Baker Toni Collette,Anthony Stacchi,30.656345,10-09-2014,6.6
175,Garden State,Comedy Drama Romance,"Andrew returns to his hometown for the funeral of his mother, a journey that reconnects him with past friends. The trip coincides with his decision to stop taking his powerful antidepressants. A chance meeting with Sam - a girl also suffering from various maladies - opens up the possibility of rekindling emotional attachments, confronting his psychologist father, and perhaps beginning a new life.",Zach Braff Natalie Portman Ian Holm Peter Sarsgaard Jean Smart,Zach Braff,30.583959,28-07-2004,7.1
4093,Snitch,Thriller Drama,"Construction company owner John Matthews learns that his estranged son, Jason, has been arrested for drug trafficking. Facing an unjust prison sentence for a first time offender courtesy of mandatory minimum sentence laws, Jason has nothing to offer for leniency in good conscience. Desperately, John convinces the DEA and the opportunistic DA Joanne Keeghan to let him go undercover to help make arrests big enough to free his son in return. With the unwitting help of an ex-con employee, John enters the narcotics underworld where every move could be his last in an operation that will demand all his resources, wits and courage to survive.",Dwayne Johnson Barry Pepper Jon Bernthal Susan Sarandon Michael Kenneth Williams,Ric Roman Waugh,30.556135,21-02-2013,5.8
2068,Tombstone,Action Adventure Drama History Western,"Legendary marshal Wyatt Earp, now a weary gunfighter, joins his brothers Morgan and Virgil to pursue their collective fortune in the thriving mining town of Tombstone. But Earp is forced to don a badge again and get help from his notorious pal Doc Holliday when a gang of renegade brigands and rustlers begins terrorizing the town.",Kurt Russell Val Kilmer Sam Elliott Bill Paxton Powers Boothe,George P. Cosmatos,30.537845,25-12-1993,7.4
1112,Superman II,Action Adventure Fantasy Science Fiction,"Three escaped criminals from the planet Krypton test the Man of Steel's mettle. Led by Gen. Zod, the Kryptonians take control of the White House and partner with Lex Luthor to destroy Superman and rule the world. But Superman, who attempts to make himself human in order to get closer to Lois, realizes he has a responsibility to save the planet.",Gene Hackman Christopher Reeve Ned Beatty Jackie Cooper Sarah Douglas,Richard Lester,30.515175,04-12-1980,6.5
4590,Burnt,Drama,"Adam Jones is a Chef who destroyed his career with drugs and diva behavior. He cleans up and returns to London, determined to redeem himself by spearheading a top restaurant that can gain three Michelin stars.",Bradley Cooper Sienna Miller Lily James Alicia Vikander Uma Thurman,John Wells,30.477114,02-10-2015,6.3
1579,Stuart Little,Animation Fantasy Family Comedy,"The adventures of a heroic and debonair stalwart mouse named Stuart Little with human qualities, who faces some comic misadventures while searching for his lost bird friend and living with a human family as their child.",Michael J. Fox Geena Davis Hugh Laurie Jonathan Lipnicki Nathan Lane,Rob Minkoff,30.475297,17-12-1999,5.8
119,Live and Let Die,Adventure Action Thriller,James Bond must investigate a mysterious murder case of a British agent in New Orleans. Soon he finds himself up against a gangster boss named Mr. Big.,Roger Moore Yaphet Kotto Jane Seymour Clifton James Julius Harris,Guy Hamilton,30.465138,05-07-1973,6.4
450,Rocky Balboa,Drama,"When he loses a highly publicized virtual boxing match to ex-champ Rocky Balboa, reigning heavyweight titleholder, Mason Dixon retaliates by challenging Rocky to a nationally televised, 10-round exhibition bout. To the surprise of his son and friends, Rocky agrees to come out of retirement and face an opponent who's faster, stronger and thirty years his junior.",Sylvester Stallone Burt Young Milo Ventimiglia Geraldine Hughes James Francis Kelly III,Sylvester Stallone,30.445257,20-12-2006,6.5
982,Outbreak,Action Drama Science Fiction Thriller,"A deadly airborne virus finds its way into the USA and starts killing off people at an epidemic rate. Col Sam Daniels' job is to stop the virus spreading from a small town, which must be quarantined, and to prevent an over reaction by the White House.",Dustin Hoffman Rene Russo Morgan Freeman Kevin Spacey Cuba Gooding Jr.,Wolfgang Petersen,30.397496,10-03-1995,6.3
1149,The Bank Job,Thriller Crime Drama,"Terry is a small-time car dealer trying to leave his shady past behind and start a family. Martine is a beautiful model from Terry's old neighbourhood who knows that Terry is no angel. When Martine proposes a foolproof plan to rob a bank, Terry recognises the danger but realises this may be the opportunity of a lifetime. As the resourceful band of thieves burrows its way into a safe-deposit vault at a Lloyds Bank, they quickly realise that, besides millions in riches, the boxes also contain secrets that implicate everyone from London's most notorious underworld gangsters to powerful government figures, and even the Royal Family. Although the heist makes headlines throughout Britain for several days, a government gag order eventually brings all reporting of the case to an immediate halt.",Jason Statham Saffron Burrows Stephen Campbell Moore Daniel Mays James Faulkner,Roger Donaldson,30.387754,28-02-2008,6.6
3418,Drive Angry,Fantasy Thriller Action Crime,"Milton is a hardened felon who has broken out of Hell, intent on finding the vicious cult who brutally murdered his daughter and kidnapped her baby. He joins forces with Piper, a sexy, tough-as-nails waitress with a 69 Charger, who's also seeking redemption of her own. Caught in a deadly race against time, Milton has three days to avoid capture, avenge his daughter's death, and save her baby before she's mercilessly sacrificed by the cult.",Nicolas Cage Amber Heard William Fichtner Billy Burke David Morse,Patrick Lussier,30.387148,24-02-2011,5.3
220,The Curse of the Were-Rabbit,Adventure Animation Comedy Family,"Cheese-loving eccentric Wallace and his cunning canine pal, Gromit, investigate a mystery in Nick Park's animated adventure, in which the lovable inventor and his intrepid pup run a business ridding the town of garden pests. Using only humane methods that turn their home into a halfway house for evicted vermin, the pair stumble upon a mystery involving a voracious vegetarian monster that threatens to ruin the annual veggie-growing contest.",Peter Sallis Helena Bonham Carter Ralph Fiennes Nicholas Smith Liz Smith,Nick Park,30.380747,04-09-2005,6.8
274,The Ninth Gate,Horror Mystery Thriller,"An all-expenses-paid international search for a rare copy of the book, 'The Nine Gates of the Shadow Kingdom' brings an unscrupulous book dealer deep into a world of murder, double-dealing and satanic worship.",Johnny Depp Frank Langella Lena Olin Emmanuelle Seigner Barbara Jefford,Roman Polanski,30.359164,24-08-1999,6.3
197,Erin Brockovich,Drama,"A twice-divorced mother of three who sees an injustice, takes on the bad guy and wins -- with a little help from her push-up bra. Erin goes to work for an attorney and comes across medical records describing illnesses clustered in one nearby town. She starts investigating and soon exposes a monumental cover-up.",Julia Roberts Albert Finney Aaron Eckhart Marg Helgenberger Cherry Jones,Steven Soderbergh,30.347332,17-03-2000,7.1
421,Halloween,Horror Thriller,"In John Carpenter's horror classic, a psychotic murderer, institutionalized since childhood for the murder of his sister, escapes and stalks a bookish teenage girl and her friends while his doctor chases him through the streets.",Donald Pleasence Jamie Lee Curtis P.J. Soles Nancy Kyes Nick Castle,John Carpenter,30.301307,25-10-1978,7.4
627,The Elephant Man,Drama History,"A Victorian surgeon rescues a heavily disfigured man being mistreated by his ""owner"" as a side-show freak. Behind his monstrous façade, there is revealed a person of great intelligence and sensitivity. Based on the true story of Joseph Merrick (called John Merrick in the film), a severely deformed man in 19th century London.",Anthony Hopkins John Hurt Anne Bancroft John Gielgud Wendy Hiller,David Lynch,30.271066,02-10-1980,7.9
2804,Green Zone,War Action Adventure Drama Thriller,"During the U.S.-led occupation of Baghdad in 2003, Chief Warrant Officer Roy Miller and his team of Army inspectors were dispatched to find weapons of mass destruction believed to be stockpiled in the Iraqi desert. Rocketing from one booby-trapped and treacherous site to the next, the men search for deadly chemical agents but stumble instead upon an elaborate cover-up that threatens to invert the purpose of their mission.",Matt Damon Greg Kinnear Brendan Gleeson Amy Ryan Jason Isaacs,Paul Greengrass,30.254021,11-03-2010,6.4
307,The Man with the Golden Gun,Adventure Action Thriller,A golden bullet has 007 engraved on it as it smashes into the secret service headquarters. The bullet came from the professional killer Scaramanga who has yet to miss a target and James Bond begins a mission to try and stop him.,Roger Moore Christopher Lee Britt Ekland Maud Adams Herv\u00e9 Villechaize,Guy Hamilton,30.214716,01-12-1974,6.3
1556,The Amityville Horror,Horror Thriller Drama,A family is terrorized by demonic forces after moving into a home that was the site of a grisly mass-murder.,Ryan Reynolds Melissa George Jesse James Chlo\u00eb Grace Moretz Jimmy Bennett,Andrew Douglas,30.205943,15-04-2005,6.0
486,25th Hour,Crime Drama,"The filmed adaptation from David Benioff's novel of the same name. Set in New York, a convicted drug dealer named Monty has one day left of freedom before he is sent to prison. Anger, blame, frustration, betrayal, guilt and loneliness are themes on this last day of friends, family, parties, saying goodbye, and setting things straight. A Spike Lee joint.",Edward Norton Philip Seymour Hoffman Barry Pepper Rosario Dawson Anna Paquin,Spike Lee,30.196039,16-12-2002,7.2
395,The Running Man,Action Science Fiction,"By 2017, the global economy has collapsed and American society has become a totalitarian police state, censoring all cultural activity. The government pacifies the populace by broadcasting a number of game shows in which convicted criminals fight for their lives, including the gladiator-style The Running Man, hosted by the ruthless Damon Killian, where “runners” attempt to evade “stalkers” and certain death for a chance to be pardoned and set free.",Arnold Schwarzenegger Richard Dawson Mar\u00eda Conchita Alonso Yaphet Kotto Jim Brown,Paul Michael Glaser,30.131498,13-11-1987,6.4
4130,Delivery Man,Comedy,An affable underachiever finds out he's fathered 533 children through anonymous donations to a fertility clinic 20 years ago. Now he must decide whether or not to come forward when 142 of them file a lawsuit to reveal his identity.,Vince Vaughn Cobie Smulders Chris Pratt Britt Robertson Jack Reynor,Ken Scott,30.114383,10-10-2013,6.2
4146,The Best Offer,Drama Romance Crime Mystery,"Virgil Oldman is a world renowned antiques expert and auctioneer. An eccentric genius, he leads a solitary life, going to extreme lengths to keep his distance from the messiness of human relationships. When appointed by the beautiful but emotionally damaged Claire to oversee the valuation and sale of her family’s priceless art collection, Virgil allows himself to form an attachment to her – and soon he is engulfed by a passion which will rock his bland existence to the core.",Geoffrey Rush Jim Sturgess Sylvia Hoeks Donald Sutherland Maximilian Dirr,Giuseppe Tornatore,30.058263,01-01-2013,7.7
1879,The Princess Diaries 2: Royal Engagement,Comedy Drama Family Romance,"Mia Thermopolis is now a college graduate and on her way to Genovia to take up her duties as princess. Her best friend Lilly also joins her for the summer. Mia continues her 'princess lessons'- riding horses side-saddle, archery, and other royal. But her complicated life is turned upside down once again when she not only learns that she is to take the crown as queen earlier than expected...",Anne Hathaway Julie Andrews H\u00e9ctor Elizondo John Rhys-Davies Heather Matarazzo,Garry Marshall,30.002907,06-08-2004,6.0
4641,Green Room,Horror Crime Thriller,A young punk rock band find themselves trapped in a secluded venue after stumbling upon a horrific act of violence.,Anton Yelchin Imogen Poots Alia Shawkat Joe Cole Callum Turner,Jeremy Saulnier,30.001024,15-04-2016,6.7
530,Meet the Parents,Comedy Romance,"Greg Focker is ready to marry his girlfriend, Pam, but before he pops the question, he must win over her formidable father, humorless former CIA agent Jack Byrnes, at the wedding of Pam's sister. As Greg bends over backward to make a good impression, his visit to the Byrnes home turns into a hilarious series of disasters, and everything that can go wrong does, all under Jack's critical, hawklike gaze.",Ben Stiller Robert De Niro Teri Polo Blythe Danner Owen Wilson,Jay Roach,29.97224,06-10-2000,6.6
1067,Æon Flux,Action Science Fiction,"400 years into the future, disease has wiped out the majority of the world's population, except one walled city, Bregna, ruled by a congress of scientists. When Æon Flux, the top operative in the underground 'Monican' rebellion, is sent on a mission to kill a government leader, she uncovers a world of secrets.",Charlize Theron Marton Csokas Jonny Lee Miller Sophie Okonedo Frances McDormand,Karyn Kusama,29.954302,30-11-2005,5.4
3770,The Artist,Drama Comedy Romance,"Hollywood, 1927: As silent movie star George Valentin wonders if the arrival of talking pictures will cause him to fade into oblivion, he sparks with Peppy Miller, a young dancer set for a big break.",Jean Dujardin B\u00e9r\u00e9nice Bejo John Goodman James Cromwell Penelope Ann Miller,Michel Hazanavicius,29.943316,15-05-2011,7.3
3368,Rango,Animation Comedy Family Western Adventure,"When Rango, a lost family pet, accidentally winds up in the gritty, gun-slinging town of Dirt, the less-than-courageous lizard suddenly finds he stands out. Welcomed as the last hope the town has been waiting for, new Sheriff Rango is forced to play his new role to the hilt.",Johnny Depp Isla Fisher Ned Beatty Bill Nighy Alfred Molina,Gore Verbinski,29.91353,02-03-2011,6.6
315,Moonraker,Action Adventure Thriller Science Fiction,During the transportation of a Space Shuttle a Boeing 747 crashes in the Atlantic Ocean yet when they go to look for the destroyed shuttle it is not there. James Bond investigates the missing mission space shuttle and soon learns that the shuttles owner Hugo Drax wants to kill all of mankind.,Roger Moore Lois Chiles Michael Lonsdale Corinne Cl\u00e9ry Richard Kiel,Lewis Gilbert,29.887404,26-06-1979,5.9
656,The Lake House,Romance Drama Mystery,"A lonely doctor who once occupied an unusual lakeside home begins exchanging love letters with its former resident, a frustrated architect. They must try to unravel the mystery behind their extraordinary romance before it's too late.",Keanu Reeves Sandra Bullock Shohreh Aghdashloo Christopher Plummer Ebon Moss-Bachrach,Alejandro Agresti,29.88736,16-06-2006,6.5
518,Resident Evil: Apocalypse,Horror Action Science Fiction,"As the city is locked down under quarantine, Alice joins a small band of elite soldiers, enlisted to rescue the missing daughter of the creator of the mutating T-virus. It's a heart-pounding race against time as the group faces off against hordes of blood- thirsty zombies, stealthy Lickers, mutant canines and the most sinister foe yet.",Milla Jovovich Sienna Guillory Oded Fehr Thomas Kretschmann Sophie Vavasseur,Alexander Witt,29.880122,10-09-2004,6.1
4519,Joy,Drama Comedy,A story based on the life of a struggling Long Island single mom who became one of the country's most successful entrepreneurs.,Jennifer Lawrence Bradley Cooper Robert De Niro Dascha Polanco Edgar Ram\u00edrez,David O. Russell,29.876507,24-12-2015,6.4
1486,Shallow Hal,Comedy Romance,"A shallow man falls in love with a 300 pound woman because of her ""inner beauty"".",Gwyneth Paltrow Jack Black Jason Alexander Joe Viterelli Bruce McGill,Bobby Farrelly,29.854773,01-11-2001,5.7
1083,They Live,Action Horror Science Fiction Thriller,"Nada, a down-on-his-luck construction worker, discovers a pair of special sunglasses. Wearing them, he is able to see the world as it really is: people being bombarded by media and government with messages like ""Stay Asleep"", ""No Imagination"", ""Submit to Authority"". Even scarier is that he is able to see that some usually normal-looking people are in fact ugly aliens in charge of the massive campaign to keep humans subdued.",Roddy Piper Keith David Meg Foster George Buck Flower Peter Jason,John Carpenter,29.852608,23-11-1988,7.1
39,Beverly Hills Cop,Action Comedy Crime,"Tough-talking Detroit cop Axel Foley heads to the rarified world of Beverly Hills in his beat-up Chevy Nova to investigate a friend's murder. But soon, he realizes he's stumbled onto something much more complicated. Bungling rookie detective Billy Rosewood joins the fish-out-of-water Axel and shows him the West Los Angeles ropes.",Eddie Murphy Judge Reinhold John Ashton Ronny Cox Paul Reiser,Martin Brest,29.843818,29-11-1984,6.8
326,Four Weddings and a Funeral,Comedy Drama Romance,Four Weddings And A Funeral is a British comedy about a British Man named Charles and an American Woman named Carrie who go through numerous weddings before they determine if they are right for one another.,Hugh Grant Andie MacDowell James Fleet Simon Callow John Hannah,Mike Newell,29.834065,09-03-1994,6.6
991,Big Trouble in Little China,Action Adventure Comedy Fantasy,"When trucker, Jack Burton agreed to take his friend, Wang Chi to pick up his fiancee at the airport, he never expected to get involved in a supernatural battle between good and evil. Wang's fiancee has emerald green eyes, which make her a perfect target for immortal sorcerer, Lo Pan and his three invincible cronies. Lo Pan must marry a girl with green eyes so he can regain his physical form.",Kurt Russell Kim Cattrall Dennis Dun James Hong Victor Wong,John Carpenter,29.796394,30-05-1986,7.1
1098,Event Horizon,Horror Science Fiction Mystery,"In the year 2047 a group of astronauts are sent to investigate and salvage the long lost starship ""Event Horizon"". The ship disappeared mysteriously 7 years before on its maiden voyage and with its return comes even more mystery as the crew of the ""Lewis and Clark"" discover the real truth behind its disappearance and something even more terrifying.",Laurence Fishburne Sam Neill Kathleen Quinlan Joely Richardson Richard T. Jones,Paul W.S. Anderson,29.787135,15-08-1997,6.5
3960,Under the Skin,Thriller Science Fiction Drama,"Jonathan Glazer's atmospheric, visually arresting abstraction stars Scarlett Johansson as a seductive alien who prowls the streets of Glasgow in search of prey: unsuspecting men who fall under her spell, only to be consumed by a strange liquid pool.",Scarlett Johansson Kry\u0161tof H\u00e1dek Paul Brannigan Michael Moreland Scott Dymond,Jonathan Glazer,29.782161,14-03-2014,6.0
3898,Step Up Revolution,Music Drama Romance,"Emily arrives in Miami with aspirations to become a professional dancer. She sparks with Sean, the leader of a dance crew whose neighborhood is threatened by Emily's father's development plans.",Kathryn McCormick Ryan Guzman Stephen Boss Megan Boone Jessica Guadix,Scott Speer,29.775441,26-07-2012,6.7
4628,Dope,Crime Drama Comedy,"Malcolm is carefully surviving life in a tough neighborhood in Los Angeles while juggling college applications, academic interviews, and the SAT. A chance invitation to an underground party leads him into an adventure that could allow him to go from being a geek, to being dope, to ultimately being himself.",Shameik Moore Kiersey Clemons Tony Revolori Zo\u00eb Kravitz Chanel Iman,Rick Famuyiwa,29.761163,19-06-2015,7.2
4485,Magic Mike XXL,Comedy Drama Music,"Three years after Mike bowed out of the stripper life at the top of his game, he and the remaining Kings of Tampa hit the road to Myrtle Beach to put on one last blow-out performance.",Channing Tatum Matt Bomer Joe Manganiello Kevin Nash Adam Rodr\u00edguez,Gregory Jacobs,29.660993,01-07-2015,6.3
4333,Aloha,Drama Comedy Romance,A celebrated military contractor returns to the site of his greatest career triumphs and re-connects with a long-ago love while unexpectedly falling for the hard-charging Air Force watchdog assigned to him.,Bradley Cooper Emma Stone Rachel McAdams Bill Murray John Krasinski,Cameron Crowe,29.652536,27-05-2015,5.2
3981,Dead Man Down,Thriller Action Crime Drama,"In New York City, a crime lord's right-hand man is seduced by a woman seeking retribution.",Colin Farrell Noomi Rapace Terrence Howard Dominic Cooper Isabelle Huppert,Niels Arden Oplev,29.647844,08-03-2013,5.9
4509,Ben-Hur,Drama,A falsely accused nobleman survives years of slavery to take vengeance on his best friend who betrayed him.,Jack Huston Toby Kebbell Rodrigo Santoro Nazanin Boniadi Ayelet Zurer,Timur Bekmambetov,29.608322,17-08-2016,5.3
1506,Robots,Animation Comedy Family Science Fiction,"Rodney Copperbottom is a young robot inventor who dreams of making the world a better place, until the evil Ratchet takes over Big Weld Industries. Now, Rodney's dreams – and those of his friends – are in danger of becoming obsolete.",Robin Williams Ewan McGregor Halle Berry Mel Brooks Paula Abdul,Chris Wedge,29.558157,10-03-2005,6.0
797,Barry Lyndon,Drama Romance War,"In the Eighteenth Century, in a small village in Ireland, Redmond Barry is a young farm boy in love with his cousin Nora Brady. When Nora engages to the British Captain John Quin, Barry challenges him for a duel of pistols. He wins and escapes to Dublin, but is robbed on the road. Without any other alternative, Barry joins the British Army to fight in the Seven Years War.",Ryan O'Neal Marisa Berenson Hardy Kr\u00fcger Diana K\u00f6rner Frank Middlemass,Stanley Kubrick,29.543331,18-12-1975,7.7
900,August Rush,Drama,"A drama with fairy tale elements, where an orphaned musical prodigy uses his gift as a clue to finding his birth parents.",Freddie Highmore Keri Russell Jonathan Rhys Meyers Terrence Howard Robin Williams,Kirsten Sheridan,29.533437,21-11-2007,7.1
3572,War Horse,Drama War,"Follows a young man named Albert and his horse, Joey, and how their bond is broken when Joey is sold to the cavalry and sent to the trenches of World War One. Despite being too young to enlist, Albert heads to France to save his friend.",Tom Hiddleston Benedict Cumberbatch Toby Kebbell Emily Watson Jeremy Irvine,Steven Spielberg,29.505574,25-12-2011,7.0
3451,Killer Elite,Action Adventure Thriller,"Based on a shocking true story, Killer Elite pits two of the world’s most elite operatives—Danny, an ex-special ops agent and Hunter, his longtime mentor—against the cunning leader of a secret military society. Covering the globe from Australia to Paris, London and the Middle East, Danny and Hunter are plunged into a highly dangerous game of cat and mouse—where the predators become the prey.",Jason Statham Clive Owen Robert De Niro Dominic Purcell Yvonne Strahovski,Gary McKendry,29.501489,23-09-2011,6.1
1279,Death Becomes Her,Fantasy Comedy,"Madeline is married to Ernest, who was once arch-rival Helen's fiance. After recovering from a mental breakdown, Helen vows to kill Madeline and steal back Ernest. Unfortunately for everyone, the introduction of a magic potion causes things to be a great deal more complicated than a mere murder plot.",Meryl Streep Bruce Willis Goldie Hawn Isabella Rossellini Ian Ogilvy,Robert Zemeckis,29.498304,30-07-1992,6.3
3964,Broken City,Thriller Crime Drama,"In a broken city rife with injustice, ex-cop Billy Taggart seeks redemption and revenge after being double-crossed and then framed by its most powerful figure, the mayor. Billy's relentless pursuit of justice, matched only by his streetwise toughness, makes him an unstoppable force - and the mayor's worst nightmare.",Mark Wahlberg Russell Crowe Catherine Zeta-Jones Jeffrey Wright Barry Pepper,Allen Hughes,29.490057,18-01-2013,5.7
945,P.S. I Love You,Drama Romance,A young widow discovers that her late husband has left her 10 messages intended to help ease her pain and start a new life.,Hilary Swank Gerard Butler Lisa Kudrow Harry Connick Jr. Gina Gershon,Richard LaGravenese,29.489274,15-11-2007,6.9
206,Borat: Cultural Learnings of America for Make Benefit Glorious Nation of Kazakhstan,Comedy,"Kazakh journalist Borat Sagdiyev travels to America to make a documentary. As he zigzags across the nation, Borat meets real people in real situations with hysterical consequences. His backwards behavior generates strong reactions around him exposing prejudices and hypocrisies in American culture.",Sacha Baron Cohen Ken Davitian Luenell Pamela Anderson Bob Barr,Larry Charles,29.487784,01-11-2006,6.5
1475,The Prince of Egypt,Adventure Animation Drama Family Music,"This is the extraordinary tale of two brothers named Moses and Ramses, one born of royal blood, and one an orphan with a secret past. Growing up the best of friends, they share a strong bond of free-spirited youth and good-natured rivalry. But the truth will ultimately set them at odds, as one becomes the ruler of the most powerful empire on earth, and the other the chosen leader of his people! Their final confrontation will forever change their lives and the world.",Val Kilmer Ralph Fiennes Patrick Stewart Michelle Pfeiffer Sandra Bullock,Simon Wells,29.464852,15-12-1998,6.8
1345,Analyze This,Comedy Crime,"Countless wiseguy films are spoofed in this film that centers on the neuroses and angst of a powerful Mafia racketeer who suffers from panic attacks. When Paul Vitti needs help dealing with his role in the ""family,"" unlucky shrink Dr. Ben Sobel is given just days to resolve Vitti's emotional crisis and turn him into a happy, well-adjusted gangster.",Robert De Niro Billy Crystal Lisa Kudrow Chazz Palminteri Joe Viterelli,Harold Ramis,29.415229,05-03-1999,6.4
2814,Alvin and the Chipmunks: The Squeakquel,Comedy Family Animation Fantasy Music,"Pop sensations Alvin, Simon and Theodore end up in the care of Dave Seville's twenty-something nephew Toby. The boys must put aside music super stardom to return to school, and are tasked with saving the school's music program by winning the $25,000 prize in a battle of the bands. But the Chipmunks unexpectedly meet their match in three singing chipmunks known as The Chipettes - Brittany, Eleanor and Jeanette. Romantic and musical sparks are ignited when the Chipmunks and Chipettes square off.",Zachary Levi David Cross Jason Lee Justin Long Matthew Gray Gubler,Betty Thomas,29.412262,21-12-2009,5.4
179,The English Patient,Drama Romance War,"Beginning in the 1930s, ""The English Patient"" tells the story of Count Almásy who is a Hungarian map maker employed by the Royal Geographical Society to chart the vast expanses of the Sahara Desert along with several other prominent explorers. As World War II unfolds, Almásy enters into a world of love, betrayal, and politics that is later revealed in a series of flashbacks while Almásy is on his death bed after being horribly burned in a plane crash.",Ralph Fiennes Juliette Binoche Willem Dafoe Kristin Scott Thomas Naveen Andrews,Anthony Minghella,29.381878,14-11-1996,7.0
4124,Triple 9,Action Thriller,A gang of criminals and corrupt cops plan the murder of a police officer in order to pull off their biggest heist yet across town.,Casey Affleck Chiwetel Ejiofor Woody Harrelson Kate Winslet Anthony Mackie,John Hillcoat,29.371987,19-02-2016,5.6
4654,Eddie the Eagle,Comedy Drama History,"Inspired by true events, Eddie the Eagle is a feel-good story about Michael ""Eddie"" Edwards (Taron Egerton), an unlikely but courageous British ski-jumper who never stopped believing in himself - even as an entire nation was counting him out. With the help of a rebellious and charismatic coach (played by Hugh Jackman), Eddie takes on the establishment and wins the hearts of sports fans around the world by making an improbable and historic showing at the 1988 Calgary Winter Olympics.",Taron Egerton Hugh Jackman Christopher Walken Ania Sowinski Mads Sj\u00f8g\u00e5rd Pettersen,Dexter Fletcher,29.365851,26-02-2016,7.2
4234,Deliver Us from Evil,Thriller Crime Horror,"When a frightening wave of violence sweeps through New York City, troubled cop Sarchie fails to find a rational explanation for the bizarre crimes. However, his eyes are opened to a frightening alternate reality when renegade Jesuit priest, Mendoza convinces him that demonic possession may be to blame for the gruesome murders. Together, they wage a valiant supernatural struggle to rid the city of an otherworldly evil.",Eric Bana Edgar Ram\u00edrez Olivia Munn Joel McHale Sean Harris,Scott Derrickson,29.359201,01-07-2014,5.9
1131,Anchorman: The Legend of Ron Burgundy,Comedy,"It's the 1970s, and San Diego super-sexist anchorman Ron Burgundy is the top dog in local TV, but that's all about to change when ambitious reporter Veronica Corningstone arrives as a new employee at his station.",Will Ferrell Christina Applegate Paul Rudd David Koechner Steve Carell,Adam McKay,29.342744,09-07-2004,6.7
921,Bee Movie,Family Animation Adventure Comedy,"Barry B. Benson, a bee who has just graduated from college, is disillusioned at his lone career choice: making honey. On a special trip outside the hive, Barry's life is saved by Vanessa, a florist in New York City. As their relationship blossoms, he discovers humans actually eat honey, and subsequently decides to sue us.",Jerry Seinfeld Ren\u00e9e Zellweger Jim Cummings Matthew Broderick Patrick Warburton,Steve Hickner,29.332905,28-10-2007,5.7
2737,Orphan,Horror Thriller Mystery,"A married couple with a rocky past adopt 9-year old, Esther to fill the void created by a recently-stillborn baby. However, Esther is not quite who she seems.",Vera Farmiga Peter Sarsgaard Isabelle Fuhrman CCH Pounder Jimmy Bennett,Jaume Collet-Serra,29.295801,24-07-2009,6.7
3024,The Texas Chain Saw Massacre,Horror,Five friends visiting their grandfather's house in the country are hunted and terrorized by a chain-saw wielding killer and his family of grave-robbing cannibals.,Marilyn Burns Allen Danziger Paul A. Partain William Vail Teri McMinn,Tobe Hooper,29.262427,01-10-1974,7.2
1136,Doom,Adventure Action Horror,"A team of space marines known as the Rapid Response Tactical Squad, led by Sarge, is sent to a science facility on Mars after somebody reports a security breach. There, they learn that the alert came after a test subject, a mass murderer purposefully injected with alien DNA, broke free and began killing people. Dr. Grimm, who is related to team member Reaper, informs them all that the chromosome can mutate humans into monsters -- and is highly infectious.",Dwayne Johnson Karl Urban Rosamund Pike Ben Daniels Deobia Oparei,Andrzej Bartkowiak,29.261348,20-10-2005,5.0
1044,The Lovely Bones,Fantasy Drama,"After being brutally murdered, 14-year-old Susie Salmon watches from heaven over her grief-stricken family -- and her killer. As she observes their daily lives, she must balance her thirst for revenge with her desire for her family to heal.",Rachel Weisz Mark Wahlberg Susan Sarandon Saoirse Ronan Stanley Tucci,Peter Jackson,29.257137,26-12-2009,6.6
1046,Highlander,Adventure Action Fantasy,He fought his first battle on the Scottish Highlands in 1536. He will fight his greatest battle on the streets of New York City in 1986. His name is Connor MacLeod. He is immortal.,Christopher Lambert Roxanne Hart Clancy Brown Sean Connery Beatie Edney,Russell Mulcahy,29.253833,07-03-1986,6.8
292,Saw IV,Horror Thriller Crime,"Jigsaw and his apprentice Amanda are dead. Now, upon the news of Detective Kerry's murder, two seasoned FBI profilers, Agent Strahm and Agent Perez, arrive in the terrified community to assist the veteran Detective Hoffman in sifting through Jigsaw's latest grisly remains and piecing together the puzzle. However, when SWAT Commander Rigg is abducted and thrust into a game, the last officer untouched by Jigsaw has but ninety minutes to overcome a series of demented traps and save an old friend...or face the deadly consequences.",Tobin Bell Scott Patterson Costas Mandylor Betsy Russell Lyriq Bent,Darren Lynn Bousman,29.244768,25-10-2007,5.9
4184,Out of the Furnace,Thriller Drama Crime,"Two brothers live in the economically-depressed Rust Belt, when a cruel twist of fate lands one in prison. His brother is then lured into one of the most violent crime rings in the Northeast.",Christian Bale Zoe Saldana Woody Harrelson Sam Shepard Willem Dafoe,Scott Cooper,29.230298,06-12-2013,6.5
4078,Nebraska,Drama Adventure,"An aging, booze-addled father takes a trip from Montana to Nebraska with his estranged son in order to claim what he believes to be a million-dollar sweepstakes prize.",Bruce Dern Will Forte Bob Odenkirk June Squibb Stacy Keach,Alexander Payne,29.223881,21-09-2013,7.4
860,Enchanted,Comedy Family Fantasy Romance,"The beautiful princess Giselle is banished by an evil queen from her magical, musical animated land and finds herself in the gritty reality of the streets of modern-day Manhattan. Shocked by this strange new environment that doesn't operate on a ""happily ever after"" basis, Giselle is now adrift in a chaotic world badly in need of enchantment. But when Giselle begins to fall in love with a charmingly flawed divorce lawyer who has come to her aid - even though she is already promised to a perfect fairy tale prince back home - she has to wonder: Can a storybook view of romance survive in the real world?",Amy Adams Patrick Dempsey James Marsden Timothy Spall Rachel Covey,Kevin Lima,29.21998,20-11-2007,6.6
1263,The Core,Action Thriller Adventure Science Fiction,"Geophysicist Dr. Josh Keyes discovers that an unknown force has caused the earth's inner core to stop rotating. With the planet's magnetic field rapidly deteriorating, our atmosphere literally starts to come apart at the seams with catastrophic consequences. To resolve the crisis, Keyes, along with a team of the world's most gifted scientists, travel into the earth's core. Their mission: detonate a device that will reactivate the core.",Aaron Eckhart Hilary Swank Delroy Lindo Stanley Tucci Tch\u00e9ky Karyo,,29.211255,28-03-2003,5.4
1095,"Definitely, Maybe",Comedy Romance,"When Will decides to tell his daughter the story of how he met her mother, he discovers that a second look at the past might also give him a second chance at the future.",Ryan Reynolds Abigail Breslin Elizabeth Banks Isla Fisher Rachel Weisz,Adam Brooks,29.173266,08-02-2008,6.7
3749,Paranormal Activity 3,Horror,"In 1988, evil begins to terrorize young sisters Katie and Kristi for the first time when an invisible entity resides in their home.",Katie Featherston Sprague Grayden Lauren Bittner Christopher Nicholas Smith Chloe Csengery,Henry Joost,29.15813,19-10-2011,5.9
1499,The Skeleton Key,Drama Horror Mystery Thriller,A hospice nurse working at a spooky New Orleans plantation home finds herself entangled in a mystery involving the house's dark past.,Kate Hudson Gena Rowlands Peter Sarsgaard John Hurt Joy Bryant,Iain Softley,29.105407,29-07-2005,6.4
3996,Machete Kills,Action Crime Thriller,Ex-Federale agent Machete is recruited by the President of the United States for a mission which would be impossible for any mortal man – he must take down a madman revolutionary and an eccentric billionaire arms dealer who has hatched a plan to spread war and anarchy across the planet.,Danny Trejo Mel Gibson Amber Heard Michelle Rodriguez Sof\u00eda Vergara,Robert Rodriguez,29.072964,12-09-2013,5.3
969,The Orphanage,Horror Drama Thriller,"A woman brings her family back to her childhood home, which used to be an orphanage, intent on reopening it. Before long, her son starts to communicate with a new invisible friend.",Bel\u00e9n Rueda Fernando Cayo Roger Pr\u00edncep Mabel Rivera Montserrat Carulla,Juan Antonio Bayona,29.071955,27-08-2007,7.1
3865,Gangster Squad,Crime Drama Action Thriller,"Los Angeles, 1949. Ruthless, Brooklyn-born mob king Mickey Cohen runs the show in this town, reaping the ill-gotten gains from the drugs, the guns, the prostitutes and — if he has his way — every wire bet placed west of Chicago. And he does it all with the protection of not only his own paid goons, but also the police and the politicians who are under his control. It’s enough to intimidate even the bravest, street-hardened cop… except, perhaps, for the small, secret crew of LAPD outsiders led by Sgt. John O’Mara and Jerry Wooters who come together to try to tear Cohen’s world apart.",Josh Brolin Ryan Gosling Nick Nolte Emma Stone Sean Penn,Ruben Fleischer,29.041198,10-01-2013,6.2
267,Munich,Drama Action History Thriller,"During the 1972 Olympic Games in Munich, eleven Israeli athletes are taken hostage and murdered by a Palestinian terrorist group known as Black September. In retaliation, the Israeli government recruits a group of Mossad agents to track down and execute those responsible for the attack.",Eric Bana Daniel Craig Ciar\u00e1n Hinds Mathieu Kassovitz Hanns Zischler,Steven Spielberg,29.035222,22-12-2005,6.9
4516,Selma,History Drama,"""Selma,"" as in Alabama, the place where segregation in the South was at its worst, leading to a march that ended in violence, forcing a famous statement by President Lyndon B. Johnson that ultimately led to the signing of the Civil Rights Act.",David Oyelowo Tom Wilkinson Carmen Ejogo Andr\u00e9 Holland Omar J. Dorsey,Ava DuVernay,29.023184,25-12-2014,7.4
4287,Philomena,Drama,"A woman searches for her adult son, who was taken away from her decades ago when she was forced to live in a convent.",Judi Dench Steve Coogan Sophie Kennedy Clark Mare Winningham Barbara Jefford,Stephen Frears,29.019504,01-11-2013,7.4
1382,Paycheck,Action Adventure Mystery Science Fiction Thriller,"Michael Jennings is a genius who's hired – and paid handsomely – by high-tech firms to work on highly sensitive projects, after which his short-term memory is erased so he's incapable of breaching security. But at the end of a three-year job, he's told he isn't getting a paycheck and instead receives a mysterious envelope. In it are clues he must piece together to find out why he wasn't paid – and why he's now in hot water.",Ben Affleck Aaron Eckhart Uma Thurman Paul Giamatti Colm Feore,John Woo,29.018826,25-12-2003,5.9
1285,Thank You for Smoking,Comedy Drama,"The chief spokesperson and lobbyist Nick Naylor is the Vice-President of the Academy of Tobacco Studies. He is talented in speaking and spins argument to defend the cigarette industry in the most difficult situations. His best friends are Polly Bailey that works in the Moderation Council in alcohol business, and Bobby Jay Bliss of the gun business own advisory group SAFETY. They frequently meet each other in a bar and they self-entitle the Mod Squad a.k.a. Merchants of Death, disputing which industry has killed more people. Nick's greatest enemy is Vermont's Senator Ortolan Finistirre, who defends in the Senate the use a skull and crossed bones in the cigarette packs. Nick's son Joey Naylor lives with his mother, and has the chance to know his father in a business trip. When the ambitious reporter Heather Holloway betrays Nick disclosing confidences he had in bed with her, his life turns upside-down. But Nick is good in what he does for the mortgage.",Aaron Eckhart Maria Bello Cameron Bright Adam Brody Sam Elliott,Jason Reitman,29.01153,05-09-2005,7.1
1255,The Man in the Iron Mask,Action Adventure Drama,"Years have passed since the Three Musketeers, Aramis, Athos and Porthos, have fought together with their friend, D'Artagnan. But with the tyrannical King Louis using his power to wreak havoc in the kingdom while his twin brother, Philippe, remains imprisoned, the Musketeers reunite to abduct Louis and replace him with Philippe.",Leonardo DiCaprio Jeremy Irons G\u00e9rard Depardieu Gabriel Byrne John Malkovich,Randall Wallace,28.98027,12-03-1998,6.3
1081,Step Up 2: The Streets,Music Drama Romance,"When rebellious street dancer Andie lands at the elite Maryland School of the Arts, she finds herself fighting to fit in while also trying to hold onto her old life. When she joins forces with the schools hottest dancer, Chase, to form a crew of classmate outcasts to compete in Baltimore s underground dance battle The Streets.",Briana Evigan Robert Hoffman Will Kemp Cassie Ventura Adam G. Sevani,Jon M. Chu,28.973074,14-02-2008,6.5
213,Notting Hill,Romance Comedy Drama,The British comedy from director Roger Michell tells the love story between a famous actress and a simple book seller from London. A look into the attempt for famous people to have a personal and private life and the ramifications that follow. Nominated for three Golden Globes in 2000.,Julia Roberts Hugh Grant Gina McKee Tim McInnerny Rhys Ifans,Roger Michell,28.969151,13-05-1999,7.0
405,The Flintstones,Fantasy Comedy Family,Modern Stone Age family the Flintstones hit the big screen in this live-action version of the classic cartoon. Fred helps Barney adopt a child. Barney sees an opportunity to repay him when Slate Mining tests its employees to find a new executive. But no good deed goes unpunished.,John Goodman Elizabeth Perkins Rick Moranis Rosie O'Donnell Kyle MacLachlan,Brian Levant,28.964162,26-05-1994,5.0
3003,The Crazies,Mystery Horror Action,Four friends find themselves trapped in their small hometown after they discover their friends and neighbors going quickly and horrifically insane.,Timothy Olyphant Radha Mitchell Joe Anderson Danielle Panabaker Christie Lynn Smith,Breck Eisner,28.867568,26-02-2010,6.2
3213,Dogtooth,Drama,"Three teenagers are confined to an isolated country estate that could very well be on another planet. The trio spend their days listening to endless homemade tapes that teach them a whole new vocabulary. Any word that comes from beyond their family abode is instantly assigned a new meaning. Hence 'the sea' refers to a large armchair and 'zombies' are little yellow flowers. Having invented a brother whom they claim to have ostracized for his disobedience, the uber-controlling parents terrorize their offspring into submission.",Hristos Passalis Angeliki Papoulia Mary Tsoni Christos Stergioglou Michele Valley,Yorgos Lanthimos,28.858238,01-06-2009,6.9
1283,Starsky & Hutch,Comedy Crime,"Join uptight David Starsky and laid-back Ken ""Hutch"" Hutchinson as they're paired for the first time as undercover cops. The new partners must overcome their differences to solve an important case with help from street informant Huggy Bear and persuasive criminal Reese Feldman.",Ben Stiller Owen Wilson Snoop Dogg Fred Williamson Vince Vaughn,Todd Phillips,28.848842,05-03-2004,5.6
751,Signs,Drama Thriller Science Fiction Mystery,A family living on a farm finds mysterious crop circles in their fields which suggests something more frightening to come.,Mel Gibson Joaquin Phoenix Rory Culkin Abigail Breslin Cherry Jones,M. Night Shyamalan,28.848187,02-08-2002,6.4
988,Australia,Drama,"Set in northern Australia before World War II, an English aristocrat who inherits a sprawling ranch reluctantly pacts with a stock-man in order to protect her new property from a takeover plot. As the pair drive 2,000 head of cattle over unforgiving landscape, they experience the bombing of Darwin, Australia, by Japanese forces firsthand.",Nicole Kidman Hugh Jackman Essie Davis David Wenham Bryan Brown,Baz Luhrmann,28.840997,18-11-2008,6.3
4612,We Are Your Friends,Drama Music Romance,"Young Cole Carter dreams of hitting the big time as a Hollywood disc jockey, spending his days and nights hanging with buddies and working on the one track that will set the world on fire. Opportunity comes knocking when he meets James Reed, a charismatic DJ who takes the 23-year-old under his wing. Soon, his seemingly clear path to success gets complicated when he starts falling for his mentor's girlfriend, jeopardizing his new friendship and the future he seems destined to fulfill.",Zac Efron Emily Ratajkowski Wes Bentley Nick Rotteveel Alessandro Lindblad,Max Joseph,28.819424,26-08-2015,6.3
1458,Bridget Jones: The Edge of Reason,Comedy Romance,"Bridget Jones is becoming uncomfortable in her relationship with Mark Darcy. Apart from discovering that he's a conservative voter, she has to deal with a new boss, a strange contractor and the worst vacation of her life.",Ren\u00e9e Zellweger Hugh Grant Colin Firth Jim Broadbent Gemma Jones,Beeban Kidron,28.803802,10-11-2004,6.1
1091,Robin Hood: Prince of Thieves,Adventure,"When the dastardly Sheriff of Nottingham murders Robin's father, the legendary archer vows vengeance. To accomplish his mission, Robin joins forces with a band of exiled villagers (and comely Maid Marian), and together they battle to end the evil sheriff's reign of terror.",Kevin Costner Morgan Freeman Christian Slater Mary Elizabeth Mastrantonio Alan Rickman,Kevin Reynolds,28.803729,14-06-1991,6.6
3187,Eat Pray Love,Drama,"Liz Gilbert had everything a modern woman is supposed to dream of having – a husband, a house and a successful career – yet like so many others, she found herself lost, confused and searching for what she really wanted in life. Newly divorced and at a crossroads, Gilbert steps out of her comfort zone, risking everything to change her life, embarking on a journey around the world that becomes a quest for self-discovery. In her travels, she discovers the true pleasure of nourishment by eating in Italy, the power of prayer in India and, finally and unexpectedly, the inner peace and balance of true love in Bali.",Julia Roberts James Franco Javier Bardem Billy Crudup Richard Jenkins,Ryan Murphy,28.800112,12-08-2010,5.8
170,Chocolat,Comedy Drama Romance,"A fable of emotional liberation and chocolate. A mother and daughter move to a small French town where they open a chocolate shop. The town, religious and morally strict, is against them as they represent free-thinking and indulgence. When a group of Boat Gypsies float down the river the prejudices of the Mayor leads to a crisis.",Juliette Binoche Alfred Molina Johnny Depp Judi Dench Leslie Caron,Lasse Hallstr\u00f6m,28.727731,14-12-2000,6.8
1388,The Negotiator,Action Adventure Crime Drama Mystery,"The police try to arrest expert hostage negotiator Danny Roman, who insists he's being framed for his partner's murder in what he believes is an elaborate conspiracy. Thinking there's evidence in the Internal Affairs offices that might clear him, he takes everyone in the office hostage and demands that another well-known negotiator be brought in to handle the situation and secretly investigate the conspiracy.",Samuel L. Jackson Kevin Spacey David Morse Ron Rifkin John Spencer,F. Gary Gray,28.725621,29-07-1998,6.8
2099,White Chicks,Comedy,"Two FBI agent brothers, Marcus and Kevin Copeland, accidentally foil a drug bust. As punishment, they are forced to escort a pair of socialites to the Hamptons, where they're going to be used as bait for a kidnapper. But when the girls realize the FBI's plan, they refuse to go. Left without options, Marcus and Kevin decide to pose as the sisters, transforming themselves from African-American men into a pair of blonde, white women.",Shawn Wayans Marlon Wayans Jaime King Frankie Faison Maitland Ward,Keenen Ivory Wayans,28.703007,23-06-2004,6.3
295,You Only Live Twice,Action Thriller Adventure,A mysterious space craft kidnaps a Russian and American space capsule and brings the world on the verge of another World War. James Bond investigates the case in Japan and meets with his archenemy Blofeld. The fifth film from the legendary James Bond series starring Sean Connery as the British super agent.,Sean Connery Akiko Wakabayashi Karin Dor Mie Hama Tetsur\u014d Tamba,Lewis Gilbert,28.675891,12-06-1967,6.5
4048,Parker,Action Crime,"A thief with a unique code of professional ethics is double-crossed by his crew and left for dead. Assuming a new disguise and forming an unlikely alliance with a woman on the inside, he looks to hijack the score of the crew's latest heist.",Jason Statham Jennifer Lopez Nick Nolte Michael Chiklis Clifton Collins Jr,Taylor Hackford,28.670477,23-01-2013,5.7
2096,The Land Before Time,Animation Adventure Family,"An orphaned brontosaurus named Littlefoot sets off in search of the legendary Great Valley. A land of lush vegetation where the dinosaurs can thrive and live in peace. Along the way he meets four other young dinosaurs, each one a different species, and they encounter several obstacles as they learn to work together in order to survive.",Gabriel Damon Candace Hutson Judith Barsi Will Ryan Pat Hingle,Don Bluth,28.670193,18-11-1988,7.0
3128,The Naked Gun 33⅓: The Final Insult,Comedy Crime,"Frank Drebin is persuaded out of retirement to go undercover in a state prison. There he is to find out what top terrorist, Rocco, has planned for when he escapes. Frank's wife, Jane, is desperate for a baby.. this adds to Frank's problems. A host of celebrities at the Academy awards ceremony are humiliated by Frank as he blunders his way trying to foil Rocco.",Leslie Nielsen Priscilla Presley George Kennedy O.J. Simpson Fred Ward,Peter Segal,28.624038,18-03-1994,6.3
1513,Elektra,Action Fantasy,"Elektra the warrior survives a near-death experience, becomes an assassin-for-hire, and tries to protect her two latest targets, a single father and his young daughter, from a group of supernatural assassins.",Jennifer Garner Goran Visnjic Will Yun Lee Cary-Hiroyuki Tagawa Terence Stamp,Rob Bowman,28.613892,13-01-2005,4.8
98,Hotel Rwanda,Drama History War,"Inspired by true events, this film takes place in Rwanda in the 1990s when more than a million Tutsis were killed in a genocide that went mostly unnoticed by the rest of the world. Hotel owner Paul Rusesabagina houses over a thousand refuges in his hotel in attempt to save their lives.",Don Cheadle Sophie Okonedo Nick Nolte Fana Mokoena Joaquin Phoenix,Terry George,28.60542,11-09-2004,7.5
3909,Big Eyes,Drama,"The story of the awakening of the painter, Margaret Keane, her phenomenal success in the 1950s, and the subsequent legal difficulties she had with her husband, who claimed credit for her works in the 1960s.",Amy Adams Christoph Waltz Krysten Ritter Danny Huston Jason Schwartzman,Tim Burton,28.570174,24-12-2014,6.8
4147,All Is Lost,Action Adventure Drama,"Deep into a solo voyage in the Indian Ocean, an unnamed man (Redford) wakes to find his 39-foot yacht taking on water after a collision with a shipping container left floating on the high seas. With his navigation equipment and radio disabled, the man sails unknowingly into the path of a violent storm. Despite his success in patching the breached hull, his mariner's intuition and a strength that belies his age, the man barely survives the tempest. Using only a sextant and nautical maps to chart his progress, he is forced to rely on ocean currents to carry him into a shipping lane in hopes of hailing a passing vessel. But with the sun unrelenting, sharks circling and his meager supplies dwindling, the ever-resourceful sailor soon finds himself staring his mortality in the face.",Robert Redford,J.C. Chandor,28.540614,18-10-2013,6.6
1330,You've Got Mail,Comedy Romance,"Book superstore magnate, Joe Fox and independent book shop owner, Kathleen Kelly fall in love in the anonymity of the Internet – both blissfully unaware that he's putting her out of business.",Tom Hanks Meg Ryan Katie Sagona Greg Kinnear Parker Posey,Nora Ephron,28.540267,17-12-1998,6.3
3194,Transformers: Dark of the Moon,Action Science Fiction Adventure,"Sam Witwicky takes his first tenuous steps into adulthood while remaining a reluctant human ally of Autobot-leader Optimus Prime. The film centers around the space race between the USSR and the USA, suggesting there was a hidden Transformers role in it all that remains one of the planet's most dangerous secrets.",Shia LaBeouf John Malkovich Ken Jeong Frances McDormand Josh Duhamel,Michael Bay,28.529607,28-06-2011,6.1
1235,The Sting,Comedy Crime Drama,Set in the 1930's this intricate caper deals with an ambitious small-time crook and a veteran con man who seek revenge on a vicious crime lord who murdered one of their gang.,Paul Newman Robert Redford Robert Shaw Charles Durning Ray Walston,George Roy Hill,28.500913,25-12-1973,7.9
3522,Bad Teacher,Comedy,"A lazy, incompetent middle school teacher who hates her job and her students is forced to return to her job to make enough money for a boob job after her rich fiancé dumps her.",Cameron Diaz Jason Segel Justin Timberlake Lucy Punch Phyllis Smith,Jake Kasdan,28.497242,16-05-2011,5.4
4192,Ride Along,Action Comedy,"For the past two years, high-school security guard Ben has been trying to show decorated APD detective James that he's more than just a video-game junkie who's unworthy of James' sister, Angela. When Ben finally gets accepted into the academy, he thinks he's earned the seasoned policeman's respect and asks for his blessing to marry Angela. Knowing that a ride along will demonstrate if Ben has what it takes to take care of his sister, James invites him on a shift designed to scare the hell out of the trainee. But when the wild night leads them to the most notorious criminal in the city, James will find that his new partner's rapid-fire mouth is just as dangerous as the bullets speeding at it.",Ice Cube Kevin Hart John Leguizamo Bruce McGill Tika Sumpter,Tim Story,28.468,07-01-2014,6.1
598,The Karate Kid,Drama,"Hassled by the school bullies, Daniel LaRusso has his share of adolescent woes. Luckily, his apartment building houses a resident martial arts master: Kesuke Miyagi, who agrees to train Daniel ... and ends up teaching him much more than self-defense. Armed with newfound confidence, skill and wisdom, Daniel ultimately faces off against his tormentors in this hugely popular classic underdog tale.",Ralph Macchio Pat Morita William Zabka Martin Kove Chad McQueen,John G. Avildsen,28.456572,22-06-1984,6.9
3587,Pride and Prejudice and Zombies,Romance Horror Comedy Thriller,"A zombie outbreak has fallen upon the land in this reimagining of Jane Austen’s classic tale of the tangled relationships between lovers from different social classes in 19th century England. Feisty heroine Elizabeth Bennet (Lily James) is a master of martial arts and weaponry and the handsome Mr. Darcy (Sam Riley) is a fierce zombie killer, yet the epitome of upper class prejudice. As the zombie outbreak intensifies, they must swallow their pride and join forces on the blood-soaked battlefield in order to conquer the undead once and for all.",Lily James Sam Riley Jack Huston Bella Heathcote Douglas Booth,Burr Steers,28.397048,04-02-2016,5.5
2681,Pandorum,Action Horror Mystery Science Fiction Thriller,"Two crew members wake up on an abandoned spacecraft with no idea who they are, how long they've been asleep, or what their mission is. The two soon discover they're actually not alone – and the reality of their situation is more horrifying than they could have imagined.",Ben Foster Dennis Quaid Cam Gigandet Antje Traue Cung Le,Christian Alvart,28.353517,08-09-2009,6.5
3192,Priest,Action Science Fiction Fantasy Thriller Horror,"In an alternate world, humanity and vampires have warred for centuries. After the last Vampire War, the veteran Warrior Priest lives in obscurity with other humans inside one of the Church's walled cities. When the Priest's niece is kidnapped by vampires, the Priest breaks his vows to hunt them down. He is accompanied by the niece's boyfriend, who is a wasteland sheriff, and a former Warrior Priestess.",Paul Bettany Karl Urban Cam Gigandet Maggie Q Lily Collins,Scott Stewart,28.350927,05-05-2011,5.4
829,Blow,Crime Drama,"A boy named George Jung grows up in a struggling family in the 1950's. His mother nags at her husband as he is trying to make a living for the family. It is finally revealed that George's father cannot make a living and the family goes bankrupt. George does not want the same thing to happen to him, and his friend Tuna, in the 1960's, suggests that he deal marijuana. He is a big hit in California in the 1960's, yet he goes to jail, where he finds out about the wonders of cocaine. As a result, when released, he gets rich by bringing cocaine to America. However, he soon pays the price.",Johnny Depp Pen\u00e9lope Cruz Ethan Suplee Ray Liotta Franka Potente,Ted Demme,28.350529,04-04-2001,7.4
788,Modern Times,Drama Comedy,The Tramp struggles to live in modern industrial society with the help of a young homeless woman.,Charlie Chaplin Paulette Goddard Henry Bergman Tiny Sandford Chester Conklin,Charlie Chaplin,28.27648,05-02-1936,8.1
115,About a Boy,Drama Comedy Romance,"Will Freeman is a hip Londoner who one day realizes that his friends are all involved with the responsibilities of married life and that leaves him alone in the cold. Passing himself off as a single father, he starts to meet a string of single mums, confident in his ability to leave them behind when they start to ask for a commitment. But Will's hope of a continued bachelorhood is interrupted when he meets 12-year old Marcus, in many ways his complete opposite.",Hugh Grant Nicholas Hoult Toni Collette Rachel Weisz Sharon Small,Chris Weitz,28.227984,26-04-2002,6.6
4609,The Finest Hours,Action Drama History Thriller,The Coast Guard makes a daring rescue attempt off the coast of Cape Cod after a pair of oil tankers are destroyed during a blizzard in 1952.,Chris Pine Casey Affleck Ben Foster Eric Bana Holliday Grainger,Craig Gillespie,28.223664,25-01-2016,6.3
542,Crash,Drama,"Los Angeles citizens with vastly separate lives collide in interweaving stories of race, loss and redemption.",Sandra Bullock Don Cheadle Matt Dillon Michael Pe\u00f1a Jennifer Esposito,Paul Haggis,28.223163,13-01-2004,7.2
323,Licence to Kill,Adventure Action Thriller,James Bond and his American colleague Felix Leiter arrest the drug lord Sanchez who succeeds in escaping and takes revenge on Felix and his wife. Bond knows but just one thing: revenge.,Timothy Dalton Carey Lowell Robert Davi Talisa Soto Anthony Zerbe,John Glen,28.22119,07-07-1989,5.9
1282,Hollow Man,Action Science Fiction Thriller,"Cocky researcher, Sebastian Caine is working on a project to make living creatures invisible and he's so confident he's found the right formula that he tests it on himself and soon begins to vanish. The only problem is – no-one can determine how to make him visible again. Caine's predicament eventually drives him mad, with terrifying results.",Kevin Bacon Elisabeth Shue Josh Brolin Kim Dickens Rhona Mitra,Paul Verhoeven,28.200874,04-08-2000,5.6
3927,J. Edgar,Drama Crime History,"As the face of law enforcement in America for almost 50 years, J. Edgar Hoover was feared and admired, reviled and revered. But behind closed doors, he held secrets that would have destroyed his image, his career and his life.",Leonardo DiCaprio Josh Hamilton Geoff Pierson Armie Hammer Naomi Watts,Clint Eastwood,28.069419,09-11-2011,6.0
4275,The Frozen Ground,Thriller Crime,An Alaska State Trooper partners with a young woman who escaped the clutches of serial killer Robert Hansen to bring the murderer to justice. Based on actual events.,Nicolas Cage Vanessa Hudgens John Cusack Radha Mitchell Jodi Lyn O'Keefe,Scott Walker,28.060472,18-07-2013,6.1
4101,Last Vegas,Comedy,Three sixty-something friends take a break from their day-to-day lives to throw a bachelor party in Las Vegas for their last remaining single pal.,Robert De Niro Morgan Freeman Michael Douglas Kevin Kline Mary Steenburgen,Jon Turteltaub,28.043508,31-10-2013,6.4
1327,Johnny English,Adventure Action Comedy,Rowan plays the eponymous lead character in a spoof spy thriller. During the course of the story we follow our hero as he attempts to single-handedly save the country from falling into the hands of a despot.,Rowan Atkinson John Malkovich Natalie Imbruglia Tasha de Vasconcelos Ben Miller,Peter Howitt,28.029015,06-04-2003,6.0
2683,Daybreakers,Fantasy Horror Action Thriller Science Fiction,"In the year 2019, a plague has transformed almost every human into vampires. Faced with a dwindling blood supply, the fractured dominant race plots their survival; meanwhile, a researcher works with a covert band of vampires on a way to save humankind.",Ethan Hawke Sam Neill Willem Dafoe Claudia Karvan Isabel Lucas,Michael Spierig,28.019226,06-01-2009,6.0
1845,Stuart Little 2,Family Adventure Animation Comedy,"Stuart, an adorable white mouse, still lives happily with his adoptive family, the Littles, on the east side of Manhattan's Central Park. More crazy mouse adventures are in store as Stuart, his human brother, George, and their mischievous cat, Snowbell, set out to rescue a friend.",Michael J. Fox Geena Davis Hugh Laurie Jonathan Lipnicki Anna Hoelck,Rob Minkoff,27.990284,19-07-2002,5.4
1023,Idiocracy,Adventure Comedy Science Fiction,"To test its top-secret Human Hibernation Project, the Pentagon picks the most average Americans it can find - an Army private and a prostitute - and sends them to the year 2505 after a series of freak events. But when they arrive, they find a civilization so dumbed-down that they're the smartest people around.",Luke Wilson Maya Rudolph Dax Shepard Terry Crews Anthony 'Citric' Campos,Mike Judge,27.940093,01-09-2006,6.3
77,Predator 2,Science Fiction Action Thriller,"Ten years after a band of mercenaries first battled a vicious alien, the invisible creature from another world has returned to Earth -- and this time, it's drawn to the gang-ruled and ravaged city of Los Angeles. When it starts murdering drug dealers, detective-lieutenant Mike Harrigan and his police force set out to capture the creature, ignoring warnings from a mysterious government agent to stay away.",Kevin Peter Hall Danny Glover Gary Busey Rub\u00e9n Blades Mar\u00eda Conchita Alonso,Stephen Hopkins,27.934978,20-11-1990,5.9
2919,From Paris with Love,Action Crime Thriller,"James Reese has a good job as an ambassador's aid in France, but his real passion is a side gig, working in a minor role in the CIA. He would love to be a full-fledged agent and can't believe his luck when he lands an assignment with Charlie Wax. Trigger-happy Charlie soon has James crying for his desk job, but when he learns that the same guys they're trying to catch are after him, James realizes that Charlie may be his only hope of survival.",John Travolta Jonathan Rhys Meyers Kasia Smutniak Richard Durden Bing Yin,Pierre Morel,27.916284,05-02-2010,6.1
3636,Frankenweenie,Animation Comedy Family,"When a car hits young Victor's pet dog Sparky, Victor decides to bring him back to life the only way he knows how. But when the bolt-necked ""monster"" wreaks havoc and terror in the hearts of Victor's neighbors, he has to convince them that Sparky's still the good, loyal friend he was.",Charlie Tahan Catherine O'Hara Martin Short Martin Landau Atticus Shaffer,Tim Burton,27.908783,04-10-2012,6.6
4121,Sabotage,Action Drama Thriller Crime,"In ""Sabotage"", Arnold Schwarzenegger leads an elite DEA task force that takes on the world's deadliest drug cartels. When the team successfully executes a high-stakes raid on a cartel safe house, they think their work is done - until, one-by-one, the team members mysteriously start to be eliminated. As the body count rises, everyone is a suspect.",Arnold Schwarzenegger Sam Worthington Mireille Enos Joe Manganiello Harold Perrineau,David Ayer,27.903999,28-03-2014,5.5
4360,The Hundred-Foot Journey,Drama,A story centered around an Indian family who moves to France and opens a restaurant across the street from a Michelin-starred French restaurant.,Helen Mirren Manish Dayal Om Puri Charlotte Le Bon Rohan Chand,Lasse Hallstr\u00f6m,27.898438,06-08-2014,7.3
4615,Criminal,Action,"Bill Pope is a CIA agent on a mission in London tracking down a shadowy hacker nicknamed ""The Dutchman."" When he gets mysteriously ambushed and killed, an experimental procedure is used to transfer his memories into dangerous ex-convict Jericho Stewart. When he wakes up with the CIA agent's memories, his mission is to find The Dutchman and eliminate him before the hacker launches ICBM's and starts World War III. But complications soon arise and the mission turns personal.",Kevin Costner Gary Oldman Tommy Lee Jones Ryan Reynolds Jordi Moll\u00e0,Ariel Vromen,27.891012,14-04-2016,5.7
2042,The SpongeBob SquarePants Movie,Animation Comedy Family,"There's trouble brewing in Bikini Bottom. Someone has stolen King Neptune's crown, and it looks like Mr. Krab, SpongeBob's boss, is the culprit. Though he's just been passed over for the promotion of his dreams, SpongeBob stands by his boss, and along with his best pal Patrick, sets out on a treacherous mission to Shell City to reclaim the crown and save Mr. Krab's life.",Tom Kenny Clancy Brown Rodger Bumpass Bill Fagerbakke Carolyn Lawrence,Stephen Hillenburg,27.870755,14-11-2004,6.7
159,Eyes Wide Shut,Mystery Drama,"After Dr. Bill Hartford's wife, Alice, admits to having sexual fantasies about a man she met, Bill becomes obsessed with having a sexual encounter. He discovers an underground sexual group and attends one of their meetings -- and quickly discovers that he is in over his head.",Tom Cruise Nicole Kidman Madison Eginton Jackie Sawiris Sydney Pollack,Stanley Kubrick,27.870312,14-07-1999,7.1
4469,Alvin and the Chipmunks: The Road Chip,Adventure Animation Comedy Family,"Through a series of misunderstandings, Alvin, Simon and Theodore come to believe that Dave is going to propose to his new girlfriend in New York City - and dump them. They have three days to get to him and stop the proposal.",Jason Lee Justin Long Bella Thorne Matthew Gray Gubler Jesse McCartney,Walt Becker,27.867368,17-12-2015,5.8
764,The Chronicles of Riddick,Action Science Fiction,"After years of outrunning ruthless bounty hunters, escaped convict Riddick suddenly finds himself caught between opposing forces in a fight for the future of the human race. Now, waging incredible battles on fantastic and deadly worlds, this lone, reluctant hero will emerge as humanity's champion - and the last hope for a universe on the edge of annihilation.",Vin Diesel Thandie Newton Karl Urban Colm Feore Linus Roache,David Twohy,27.835436,11-06-2004,6.3
201,Pi,Mystery Drama Thriller,The debut film from Darren Aronofsky in which a mathematical genius Maximilian Cohen discovers a link in the connection between numbers and reality and thus believes he can predict the future.,Sean Gullette Mark Margolis Ben Shenkman Samia Shoaib Pamela Hart,Darren Aronofsky,27.788067,10-07-1998,7.1
1392,Ghost Ship,Horror Mystery Thriller,"After discovering a passenger ship missing since 1962 floating adrift on the Bering Sea, salvagers claim the vessel as their own. Once they begin towing the ghost ship towards harbor, a series of bizarre occurrences happen and the group becomes trapped inside the ship, which they soon learn is inhabited by a demonic creature.",Gabriel Byrne Julianna Margulies Desmond Harrington Ron Eldard Isaiah Washington,Steve Beck,27.724913,25-10-2002,5.3
531,Cape Fear,Crime Thriller,"Sam Bowden is a small-town corporate attorney. Max Cady is a tattooed, cigar-smoking, bible-quoting, psychotic rapist. What do they have in common? Fourteen years ago, Sam was a public defender assigned to Max Cady's rape trial, and he made a serious error: he hid a document from his illiterate client that could have gotten him acquitted. Now, the cagey, bibliophile Cady has been released, and he intends to teach Sam Bowden and his family a thing or two about loss.",Robert De Niro Nick Nolte Jessica Lange Juliette Lewis Joe Don Baker,Martin Scorsese,27.714043,15-11-1991,7.0
3739,The Five-Year Engagement,Comedy,"Exactly one year after Tom meets Violet, he surprises her with a wedding ring. By all accounts, Tom and Violet are destined for their happily ever after. However, this engaged couple just keep getting tripped up on the long walk down the aisle.",Jason Segel Emily Blunt Chris Pratt Alison Brie Rhys Ifans,Nicholas Stoller,27.71063,27-04-2012,5.7
1273,Anaconda,Adventure Horror Thriller,"A ""National Geographic"" film crew is taken hostage by an insane hunter, who takes them along on his quest to capture the world's largest - and deadliest - snake.",Jennifer Lopez Ice Cube Jon Voight Eric Stoltz Owen Wilson,Luis Llosa,27.684779,11-04-1997,4.7
460,Mr. Bean's Holiday,Family Comedy,"Mr. Bean wins a trip to Cannes where he unwittingly separates a young boy from his father and must help the two reunite. On the way he discovers France, bicycling and true love, among other things.",Rowan Atkinson Max Baldry Emma de Caunes Willem Dafoe Karel Roden,Steve Bendelack,27.683874,22-03-2007,6.1
4395,The Signal,Thriller Science Fiction,"Three college students on a road trip across the Southwest experience a detour – the tracking of a computer genius who has already hacked into MIT and exposed security faults. When the trio find themselves drawn to an eerily isolated area, suddenly everything goes dark. When one of the students regains consciousness, he finds himself in a waking nightmare.",Brenton Thwaites Olivia Cooke Beau Knapp Laurence Fishburne Robert Longstreet,William Eubank,27.662696,15-03-2014,5.8
454,The Host,Horror Drama Science Fiction,"Gang-du is a dim-witted man working at his father's tiny snack bar near the Han River. One day, Gang-du's one and only daughter Hyun-seo comes back from school irritated. She is angry at her uncle, Nam-il, who visited her school as her guardian shamelessly drunk. Ignoring her father's excuses for Nam-il, Hyun-seo is soon engrossed in her aunt Nam-joo's archery tournament on TV. Meanwhile, outside of the snack bar, people are fascinated by an unidentified object hanging onto a bridge. In an instant, the object reveals itself as a terrifying creature turning the riverbank into a gruesome sea of blood¡¦ Amid the chaos, Hyun-seo is helplessly snatched up by the creature right before Gang-du's eyes. These unforeseen circumstances render the government powerless to act. But receiving a call of help from Hyun-seo, the once-ordinary citizen Gang-du and his family are thrust into a battle with the monster to rescue their beloved Hyun-seo.",Song Kang-ho Park Hae-il Bae Doona Ko Ah-sung Byun Hee-bong,Bong Joon-ho,27.65527,27-07-2006,6.7
811,I Know What You Did Last Summer,Horror Thriller Mystery,"As they celebrate their high school graduation, four friends are involved in a hit-and-run accident when their car hits and apparently kills a pedestrian on an isolated roadway. They dispose of the body and vow to keep the incident a secret, a year later somebody starts sending them letters bearing the warning ""I Know What You Did Last Summer.""",Jennifer Love Hewitt Sarah Michelle Gellar Ryan Phillippe Freddie Prinze Jr. Bridgette Wilson,Jim Gillespie,27.654472,17-10-1997,5.6
2623,Gamer,Action Thriller Science Fiction,"Mind-control technology has taken society by a storm, a multiplayer on-line game called ""Slayers"" allows players to control human prisoners in mass-scale. Simon (Lerman) controls Kable (Butler), the online champion of the game. Kable's ultimate challenge becomes regaining his identity and independence by defeating the game's mastermind (Hall).",Gerard Butler Michael C. Hall Logan Lerman Amber Valletta Terry Crews,Brian Taylor,27.631262,03-09-2009,5.6
955,Reign of Fire,Adventure Action Fantasy,"In post-apocalyptic England, an American volunteer and a British survivor team up to fight off a brood of fire-breathing dragons seeking to return to global dominance after centuries of rest underground. The Brit -- leading a clan of survivors to hunt down the King of the Dragons -- has much at stake: His mother was killed by a dragon, but his love is still alive.",Christian Bale Matthew McConaughey Izabella Scorupco Gerard Butler Alexander Siddig,Rob Bowman,27.615108,12-07-2002,6.0
1725,Child's Play,Horror Thriller,"A single mother gives her son a beloved doll for his birthday, only to discover that it is possessed with the soul of a serial killer.",Catherine Hicks Chris Sarandon Alex Vincent Brad Dourif Dinah Manoff,Tom Holland,27.600843,08-11-1988,6.3
1281,Babylon A.D.,Action Adventure Science Fiction Thriller,"In Babylon A.D Vin Diesel stars as a veteran-turned-mercenary who is hired to deliver a package from the ravages of post-apocalyptic Eastern Europe to a destination in the teeming megalopolis of New York City. The ""package"" is a mysterious young woman with a secret.",Vin Diesel Michelle Yeoh M\u00e9lanie Thierry Lambert Wilson Charlotte Rampling,Mathieu Kassovitz,27.568194,20-08-2008,5.4
485,Once Upon a Time in Mexico,Action,"Hitman ""El Mariachi"" becomes involved in international espionage involving a psychotic CIA agent and a corrupt Mexican general.",Antonio Banderas Salma Hayek Johnny Depp Eva Mendes Mickey Rourke,Robert Rodriguez,27.555646,11-09-2003,6.2
205,Being John Malkovich,Fantasy Drama Comedy,"Spike Jonze’s debut feature film is a love story mix of comedy and fantasy. The story is about an unsuccessful puppeteer named Craig, who one day at work finds a portal into the head of actor John Malkovich. The portal soon becomes a passion for anybody who enters it’s mad and controlling world of overtaking another human body.",John Cusack Cameron Diaz Catherine Keener Charlie Sheen John Malkovich,Spike Jonze,27.546914,30-09-1999,7.3
807,Changeling,Crime Drama Mystery,"Christine Collins is overjoyed when her kidnapped son is brought back home. But when Christine suspects that the boy returned to her isn't her child, the police captain has her committed to an asylum.",Angelina Jolie Jeffrey Donovan John Malkovich Geoff Pierson Amy Ryan,Clint Eastwood,27.50916,30-01-2008,7.3
3273,The Switch,Comedy Romance Drama,"An unmarried 40-year-old woman turns to a turkey baster in order to become pregnant. Seven years later, she reunites with her best friend, who has been living with a secret: he replaced her preferred sperm sample with his own.",Jason Bateman Jennifer Aniston Jeff Goldblum Juliette Lewis Todd Louiso,Josh Gordon,27.494037,11-05-2010,5.9
981,The Village,Drama Mystery Thriller,"When a willful young man tries to venture beyond his sequestered Pennsylvania hamlet, his actions set off a chain of chilling incidents that will alter the community forever.",Bryce Dallas Howard Joaquin Phoenix Adrien Brody William Hurt Sigourney Weaver,M. Night Shyamalan,27.491891,30-07-2004,6.2
1108,John Q,Drama Thriller Crime,"John Quincy Archibald is a father and husband whose son is diagnosed with an enlarged heart and then finds out he cannot receive a transplant because HMO insurance will not cover it. Therefore, he decides to take a hospital full of patients hostage until the hospital puts his son's name on the donor's list.",Denzel Washington Robert Duvall Anne Heche Kimberly Elise Daniel E. Smith,Nick Cassavetes,27.465433,15-02-2002,7.0
3190,Zookeeper,Comedy Romance Family,"A comedy about a zookeeper who might be great with animals, but he doesn't know anything about the birds and the bees. The man can't find love, so he decides to quit his job at the zoo, but his animal friends try to stop him and teach him that Mother Nature knows best when it comes to love.",Kevin James Rosario Dawson Sylvester Stallone Nick Nolte Jon Favreau,Frank Coraci,27.46264,06-07-2011,5.3
45,Run Lola Run,Action Drama Thriller,"Lola receives a phone call from her boyfriend Manni. He lost 100,000 DM in a subway train that belongs to a very bad guy. She has 20 minutes to raise this amount and meet Manni. Otherwise, he will rob a store to get the money. Three different alternatives may happen depending on some minor event along Lola's run.",Franka Potente Moritz Bleibtreu Herbert Knaup Nina Petri Armin Rohde,Tom Tykwer,27.36562,20-08-1998,7.2
3150,The Naked Gun 2½: The Smell of Fear,Comedy Crime,"Bumbling cop Frank Drebin is out to foil the big boys in the energy industry, who intend to suppress technology that will put them out of business.",Leslie Nielsen Priscilla Presley George Kennedy O.J. Simpson Robert Goulet,David Zucker,27.33256,28-06-1991,6.6
1655,Zack and Miri Make a Porno,Comedy,"Lifelong platonic friends Zack and Miri look to solve their respective cash-flow problems by making an adult film together. As the cameras roll, however, the duo begin to sense that they may have more feelings for each other than they previously thought.",Seth Rogen Elizabeth Banks Jennifer Schwalbach Smith Jason Mewes Gerry Bednob,Kevin Smith,27.326466,18-09-2008,6.1
3904,Stoker,Drama Horror Thriller,"After India's father dies, her Uncle Charlie, who she never knew existed, comes to live with her and her unstable mother. She comes to suspect this mysterious, charming man has ulterior motives and becomes increasingly infatuated with him.",Mia Wasikowska Nicole Kidman Matthew Goode Dermot Mulroney Jacki Weaver,Park Chan-wook,27.322212,28-02-2013,6.5
894,Gothika,Horror Thriller,"After a car crash, a criminal psychologist (Halle Berry) comes to, only to find that she's a patient in the same mental institution that currently employs her. It seems she's been accused of murdering her husband -- but she has no memory of committing the crime. As she tries to regain her memory and convince her co-workers of her innocence, a vengeful spirit uses her as an earthly pawn, which further convinces everyone of her guilt.",Halle Berry Robert Downey Jr. Charles S. Dutton Pen\u00e9lope Cruz John Carroll Lynch,Mathieu Kassovitz,27.303608,21-11-2003,5.8
607,Vanilla Sky,Drama Mystery Romance Science Fiction Thriller,"David Aames (Tom Cruise) has it all: wealth, good looks and gorgeous women on his arm. But just as he begins falling for the warmhearted Sofia (Penelope Cruz), his face is horribly disfigured in a car accident. That's just the beginning of his troubles as the lines between illusion and reality, between life and death, are blurred.",Tom Cruise Pen\u00e9lope Cruz Cameron Diaz Kurt Russell Jason Lee,Cameron Crowe,27.299301,10-12-2001,6.5
4345,Endless Love,Drama Romance,A privileged girl and a charismatic boy's instant desire sparks a love affair made only more reckless by parents trying to keep them apart.,Alex Pettyfer Gabriella Wilde Robert Patrick Rhys Wakefield Emma Rigby,Shana Feste,27.256849,12-02-2014,6.7
4686,The Gift,Thriller Mystery,"A husband and wife try to reinvigorate their relationship but their lives are threatened by a ""friend"" from the husband's past who holds a horrifying secret about him, sending their world into a tailspin.",Jason Bateman Rebecca Hall Joel Edgerton Allison Tolman Tim Griffin,Joel Edgerton,27.247013,30-07-2015,6.7
321,A View to a Kill,Adventure Action Thriller,A newly developed microchip designed by Zorin Industries for the British Government that can survive the electromagnetic radiation caused by a nuclear explosion has landed in the hands of the KGB. James Bond must find out how and why. His suspicions soon lead him to big industry leader Max Zorin.,Roger Moore Christopher Walken Tanya Roberts Grace Jones Patrick Macnee,John Glen,27.230493,24-05-1985,6.0
611,The 13th Warrior,Adventure Fantasy Action,"In AD 922, Arab courtier, Ahmad Ibn Fadlan accompanies a party of Vikings to the barbaric North to combat a terror that slaughters Vikings and devours their flesh.",Antonio Banderas Vladimir Kulich Dennis Storh\u00f8i Daniel Southern Clive Russell,John McTiernan,27.220157,27-08-1999,6.4
4389,Regression,Horror Mystery Thriller,"Minnesota, 1990. Detective Bruce Kenner investigates the case of young Angela, who accuses her father, John Gray, of an unspeakable crime. When John unexpectedly and without recollection admits guilt, renowned psychologist Dr. Raines is brought in to help him relive his memories and what they discover unmasks a horrifying nationwide mystery.",Ethan Hawke Emma Watson David Thewlis Lothaire Bluteau Dale Dickey,Alejandro Amen\u00e1bar,27.215666,01-10-2015,5.3
1324,"South Park: Bigger, Longer & Uncut",Animation Comedy Music,"When the four boys see an R-rated movie featuring Canadians Terrance and Philip, they are pronounced ""corrupted"", and their parents pressure the United States to wage war against Canada.",Trey Parker Matt Stone Mary Kay Bergman Isaac Hayes George Clooney,Trey Parker,27.197799,30-06-1999,7.1
311,The Spy Who Loved Me,Adventure Action Thriller,Russian and British submarines with nuclear missiles on board both vanish from sight without a trace. England and Russia both blame each other as James Bond tries to solve the riddle of the disappearing ships. But the KGB also has an agent on the case.,Roger Moore Barbara Bach Curd J\u00fcrgens Richard Kiel Caroline Munro,Lewis Gilbert,27.17347,07-07-1977,6.6
501,Spy Game,Action Crime Thriller,"Veteran spy Nathan Muir is on the verge of retiring from the CIA when he learns that his one-time protégé and close friend, Tom Bishop, is a political prisoner sentenced to die in Beijing. Although their friendship has been marred by bad blood and resentment, Muir agrees to take on the most dangerous mission of his career and rescue Bishop.",Robert Redford Brad Pitt Catherine McCormack Stephen Dillane Larry Bryggman,Tony Scott,27.166757,18-11-2001,6.8
4302,Bad Grandpa,Comedy,"86-year-old Irving Zisman is on a journey across America with the most unlikely companion: his 8 year-old grandson, Billy.",Johnny Knoxville Jackson Nicoll Georgina Cates Spike Jonze Catherine Keener,Jeff Tremaine,27.165222,22-10-2013,6.0
3437,A Dangerous Method,Drama Thriller,"Seduced by the challenge of an impossible case, the driven Dr. Carl Jung takes the unbalanced yet beautiful Sabina Spielrein as his patient. Jung’s weapon is the method of his master, the renowned Sigmund Freud. Both men fall under Sabina’s spell.",Keira Knightley Viggo Mortensen Michael Fassbender Sarah Gadon Vincent Cassel,David Cronenberg,27.133277,30-09-2011,6.2
3445,Hall Pass,Comedy,"When best buds Rick and Fred begin to show signs of restlessness at home, their wives take a bold approach to revitalize their marriages: they grant the guys a ""hall pass"", one week of freedom to do whatever they want. At first, it seems like a dream come true, but they quickly discover that their expectations of the single life - and themselves - are completely and hilariously out of sync with reality.",Owen Wilson Jason Sudeikis Jenna Fischer Christina Applegate Nicky Whelan,Bobby Farrelly,27.11589,25-02-2011,5.4
1530,Arthur and the Invisibles,Adventure Fantasy Animation Family,"Arthur is a spirited ten-year old whose parents are away looking for work, whose eccentric grandfather has been missing for several years, and who lives with his grandmother in a country house that, in two days, will be repossessed, torn down, and turned into a block of flats unless Arthur's grandfather returns to sign some papers and pay off the family debt. Arthur discovers that the key to success lies in his own descent into the land of the Minimoys, creatures no larger than a tooth, whom his grandfather helped relocate to their garden. Somewhere among them is hidden a pile of rubies, too. Can Arthur be of stout heart and save the day? Romance beckons as well, and a villain lurks.",Freddie Highmore Mia Farrow Ron Crawford Penny Balfour Doug Rand,Luc Besson,27.097932,13-12-2006,6.0
753,Evan Almighty,Fantasy Comedy Family,God contacts Congressman Evan Baxter and tells him to build an ark in preparation for a great flood.,Steve Carell Lauren Graham John Goodman Jimmy Bennett John Michael Higgins,Tom Shadyac,27.082182,09-06-2007,5.3
1358,Tears of the Sun,Action Drama War,"Navy SEAL Lieutenant A.K. Waters and his elite squadron of tactical specialists are forced to choose between their duty and their humanity, between following orders by ignoring the conflict that surrounds them, or finding the courage to follow their conscience and protect a group of innocent refugees. When the democratic government of Nigeria collapses and the country is taken over by a ruthless military dictator, Waters, a fiercely loyal and hardened veteran is dispatched on a routine mission to retrieve a Doctors Without Borders physician.",Bruce Willis Monica Bellucci Cole Hauser Eamonn Walker Johnny Messner,Antoine Fuqua,27.055085,07-03-2003,6.4
1287,Jerry Maguire,Comedy Drama Romance,"Jerry Maguire used to be a typical sports agent: willing to do just about anything he could to get the biggest possible contracts for his clients, plus a nice commission for himself. Then, one day, he suddenly has second thoughts about what he's really doing. When he voices these doubts, he ends up losing his job and all of his clients, save Rod Tidwell, an egomaniacal football player.",Tom Cruise Cuba Gooding Jr. Ren\u00e9e Zellweger Kelly Preston Alison Armitage,Cameron Crowe,27.039636,06-12-1996,6.7
714,Inkheart,Adventure Family Fantasy,"The adventures of a father and his young daughter, in their search for a long lost book that will help reunite a missing, close relative.",Brendan Fraser Sienna Guillory Andy Serkis Eliza Bennett Paul Bettany,Iain Softley,27.018886,11-12-2008,6.0
3795,What to Expect When You're Expecting,Romance Comedy Drama,"Challenges of impending parenthood turn the lives of five couples upside down. Two celebrities are unprepared for the surprise demands of pregnancy; hormones wreak havoc on a baby-crazy author, while her husband tries not to be outdone by his father, who's expecting twins with his young trophy wife; a photographer's husband isn't sure about his wife's adoption plans; a one-time hook-up results in a surprise pregnancy for rival food-truck owners.",Cameron Diaz Jennifer Lopez Elizabeth Banks Anna Kendrick Brooklyn Decker,Kirk Jones,27.009723,17-05-2012,5.8
166,Das Boot,Action Drama History War Adventure,"A German submarine hunts allied ships during the Second World War, but it soon becomes the hunted. The crew tries to survive below the surface, while stretching both the boat and themselves to their limits.",J\u00fcrgen Prochnow Herbert Gr\u00f6nemeyer Klaus Wennemann Hubertus Bengsch Martin Semmelrogge,Wolfgang Petersen,26.967494,16-09-1981,7.9
853,Legends of the Fall,Adventure Drama Romance War,"An epic tale of three brothers and their father living in the remote wilderness of 1900s USA and how their lives are affected by nature, history, war, and love.",Brad Pitt Anthony Hopkins Aidan Quinn Julia Ormond Henry Thomas,Edward Zwick,26.952727,16-12-1994,7.2
4061,The Incredible Burt Wonderstone,Comedy,"After breaking up with his longtime stage partner, a famous but jaded Vegas magician fights for relevance when a new, ""hip"" street magician appears on the scene.",Steve Carell Jim Carrey Steve Buscemi Olivia Wilde James Gandolfini,Don Scardino,26.9385,14-03-2013,5.3
4489,The Gunman,Action Drama Crime,"Eight years after fleeing the Congo following his assassination of that country's minister of mining, former assassin Jim Terrier is back, suffering from PTSD and digging wells to atone for his violent past. After an attempt is made on his life, Terrier flies to London to find out who wants him dead -- and why. Terrier's search leads him to a reunion with Annie, a woman he once loved, who is now married to an oily businessman with dealings in Africa.",Sean Penn Jasmine Trinca Javier Bardem Ray Winstone Mark Rylance,Pierre Morel,26.935458,16-02-2015,5.5
3408,Blue Valentine,Drama Romance,"Dean and Cindy live a quiet life in a modest neighborhood. They appear to have the world at their feet at the outset of the relationship. However, his lack of ambition and her retreat into self-absorption cause potentially irreversible cracks in their marriage.",Ryan Gosling Michelle Williams Mike Vogel John Doman Faith Wladyka,Derek Cianfrance,26.881611,27-12-2010,6.9
372,JFK,Drama Thriller History,New Orleans District Attorney Jim Garrison discovers there's more to the Kennedy assassination than the official story.,Kevin Costner Tommy Lee Jones Gary Oldman Kevin Bacon Michael Rooker,Oliver Stone,26.82041,20-12-1991,7.5
3812,The Lucky One,Drama Romance,"U.S. Marine Sergeant Logan Thibault returns from his third tour of duty in Iraq, with the one thing he credits with keeping him alive-a photograph he found of a woman he doesn't even know. Learning her name is Beth and where she lives, he shows up at her door, and ends up taking a job at her family-run local kennel. Despite her initial mistrust and the complications in her life, a romance develops between them, giving Logan hope that Beth could be much more than his good luck charm.",Zac Efron Blythe Danner Taylor Schilling Jay R. Ferguson Riley Thomas Stewart,Scott Hicks,26.811541,19-04-2012,6.8
3919,Here Comes the Boom,Comedy,A high school biology teacher moonlights as a mixed-martial arts fighter in an effort to raise money to save the school's music program.,Salma Hayek Kevin James Henry Winkler Joe Rogan Reggie Lee,Frank Coraci,26.799913,11-10-2012,6.0
956,Coyote Ugly,Comedy,"Graced with a velvet voice, 21-year-old Violet Sanford heads to New York to pursue her dream of becoming a songwriter only to find her aspirations sidelined by the accolades and notoriety she receives at her ""day"" job as a barmaid at Coyote Ugly. The ""Coyotes"" as they are affectionately called tantalize customers and the media alike with their outrageous antics, making Coyote Ugly the watering hole for guys on the prowl.",Piper Perabo Adam Garcia John Goodman Izabella Miko Tyra Banks,David McNally,26.79781,30-07-2000,5.8
953,Dreamcatcher,Drama Horror Science Fiction Thriller,"Four boyhood pals perform a heroic act and are changed by the powers they gain in return. Years later, on a hunting trip in the Maine woods, they're overtaken by a vicious blizzard that harbors an ominous presence. Challenged to stop an alien force, the friends must first prevent the slaughter of innocent civilians by a military vigilante ... and then overcome a threat to the bond that unites the four of them.",Morgan Freeman Thomas Jane Jason Lee Damian Lewis Timothy Olyphant,Lawrence Kasdan,26.792794,21-03-2003,5.3
3748,The Vow,Drama Romance,"Happy young married couple Paige and Leo are, well, happy. Then a car accident puts Paige into a life-threatening coma. Upon awakening she has lost the previous five years of memories, including those of her beloved Leo, her wedding, a confusing relationship with her parents, or the ending of her relationship with her ex-fiance. Despite these complications, Leo endeavors to win her heart again and rebuild their marriage.",Rachel McAdams Channing Tatum Sam Neill Scott Speedman Jessica Lange,Michael Sucsy,26.780961,05-02-2012,7.0
537,Liar Liar,Comedy,"Fletcher Reede is a fast-talking attorney and habitual liar. When his son Max blows out the candles on his fifth birthday he has just one wish - that his dad will stop lying for 24 hours. When Max's wish comes true, Fletcher discovers that his mouth has suddenly become his biggest liability.",Jim Carrey Maura Tierney Cary Elwes Jennifer Tilly Swoosie Kurtz,Tom Shadyac,26.721386,21-03-1997,6.4
2673,G-Force,Fantasy Action Adventure Family Comedy,"A team of trained secret agent animals, guinea pigs Darwin, Juarez, Blaster, mole Speckles, and fly Mooch takes on a mission for the US government to stop evil Leonard Saber, who plans to destroy the world with household appliances. But the government shuts them down and they are sentenced to a pet shop. Can they escape to defeat the villain and save the world?",Sam Rockwell Pen\u00e9lope Cruz Tracy Morgan Jon Favreau Steve Buscemi,Hoyt Yeatman,26.710398,21-07-2009,5.1
4167,A Most Wanted Man,Thriller,"When a half-Chechen, half-Russian, tortured half-to-death immigrant turns up in Hamburg's Islamic community, laying claim to his father's ill gotten fortune, both German and US security agencies take a close interest: as the clock ticks down and the stakes rise, the race is on to establish this most wanted man's true identity - oppressed victim or destruction-bent extremist?",Philip Seymour Hoffman Rachel McAdams Robin Wright Daniel Br\u00fchl Willem Dafoe,Anton Corbijn,26.708193,25-07-2014,6.5
961,Freddy vs. Jason,Horror,"Evil dream-demon Freddy Krueger devises a plan to manipulate the unstoppable Jason Vorhees into hacking up the teenagers of Elm Street in an effort to make people remember the name Freddy Krueger, thus freeing him from limbo.",Robert Englund Ken Kirzinger Jason Ritter Monica Keena Lochlyn Munro,Ronny Yu,26.69592,15-08-2003,5.8
2682,Couples Retreat,Comedy Romance,"Four couples, all friends, descend on a tropical island resort. Though one husband and wife are there to work on their marriage, the others just want to enjoy some fun in the sun. They soon find, however, that paradise comes at a price: Participation in couples therapy sessions is mandatory. What started out as a cut-rate vacation turns into an examination of the common problems many face.",Vince Vaughn Malin \u00c5kerman Jason Bateman Kristen Bell Jon Favreau,Peter Billingsley,26.676487,19-09-2009,5.3
1017,Open Season,Adventure Animation Family,"Boog, a domesticated 900lb. Grizzly bear finds himself stranded in the woods 3 days before Open Season. Forced to rely on Elliot, a fast-talking mule deer, the two form an unlikely friendship and must quickly rally other forest animals if they are to form a rag-tag army against the hunters.",Martin Lawrence Ashton Kutcher Gary Sinise Debra Messing Billy Connolly,Jill Culton,26.61951,29-09-2006,6.1
3181,The Adjustment Bureau,Science Fiction Thriller Romance,"A man glimpses the future Fate has planned for him – and chooses to fight for his own destiny. Battling the powerful Adjustment Bureau across, under and through the streets of New York, he risks his destined greatness to be with the only woman he's ever loved.",Matt Damon Emily Blunt John Slattery Anthony Mackie Lauren Hodges,George Nolfi,26.60772,03-03-2011,6.5
1377,Happy Gilmore,Comedy,"Failed hockey player-turned-golf whiz Happy Gilmore -- whose unconventional approach and antics on the grass courts the ire of rival Shooter McGavin -- is determined to win a PGA tournament so he can save his granny's house with the prize money. Meanwhile, an attractive tour publicist tries to soften Happy's image.",Adam Sandler Ben Stiller Christopher McDonald Julie Bowen Frances Bay,Dennis Dugan,26.598884,16-02-1996,6.5
1935,The Count of Monte Cristo,Action Adventure Drama Thriller,"Edmond Dantés's life and plans to marry the beautiful Mercedes are shattered when his best friend, Fernand, deceives him. After spending 13 miserable years in prison, Dantés escapes with the help of a fellow inmate and plots his revenge, cleverly insinuating himself into the French nobility.",Jim Caviezel Guy Pearce Richard Harris James Frain Dagmara Domi\u0144czyk,Kevin Reynolds,26.595983,23-01-2002,7.3
1583,Bad Santa,Drama Comedy Crime,"A miserable conman and his partner pose as Santa and his Little Helper to rob department stores on Christmas Eve. But they run into problems when the conman befriends a troubled kid, and the security boss discovers the plot.",Billy Bob Thornton Tony Cox Brett Kelly Bernie Mac John Ritter,Terry Zwigoff,26.58873,26-11-2003,6.5
272,The Bodyguard,Thriller Action Drama Music Romance,"A former Secret Service agent grudgingly takes an assignment to protect a pop idol who's threatened by a crazed fan. At first, the safety-obsessed bodyguard and the self-indulgent diva totally clash. But before long, all that tension sparks fireworks of another sort, and the love-averse tough guy is torn between duty and romance.",Whitney Houston Kevin Costner Michele Lamar Richards Ralph Waite Gary Kemp,Mick Jackson,26.576385,25-11-1992,6.1
1721,Dinosaur,Animation Family,An orphaned dinosaur raised by lemurs joins an arduous trek to a sancturary after a meteorite shower destroys his family home.,D. B. Sweeney Alfre Woodard Ossie Davis Max Casella Hayden Panettiere,Ralph Zondag,26.548594,19-05-2000,6.2
1850,Cheaper by the Dozen,Comedy,"The Baker brood moves to Chicago after patriarch Tom gets a job coaching football at Northwestern University, forcing his writer wife, Mary, and the couple's 12 children to make a major adjustment. The transition works well until work demands pull the parents away from home, leaving the kids bored -- and increasingly mischievous.",Steve Martin Bonnie Hunt Piper Perabo Tom Welling Hilary Duff,Shawn Levy,26.516624,24-12-2003,6.0
4453,"As Above, So Below",Horror Thriller,"When a team of explorers ventures into the catacombs that lie beneath the streets of Paris, they uncover the dark secret that lies within this city of the dead.",Perdita Weeks Ben Feldman Edwin Hodge Fran\u00e7ois Civil Marion Lambert,John Erick Dowdle,26.510558,14-08-2014,6.1
822,Team America: World Police,Music Adventure Animation Action Comedy,"Team America World Police follows an international police force dedicated to maintaining global stability. Learning that dictator Kim Jong il is out to destroy the world, the team recruits Broadway star Gary Johnston to go undercover. With the help of Team America, Gary manages to uncover the plan to destroy the world. Will Team America be able to save it in time? It stars… Samuel L Jackson, Tim Robbins, Sean Penn, Michael Moore, Helen Hunt, Matt Damon, Susan Sarandon, George Clooney, Danny Glover, Ethan Hawke, Alec Baldwin… or does it?",Trey Parker Matt Stone Kristen Miller Masasa Moyo Daran Norris,Trey Parker,26.509175,10-10-2004,6.6
3796,Texas Chainsaw 3D,Horror Thriller,"A young woman learns that she has inherited a Texas estate from her deceased grandmother. After embarking on a road trip with friends to uncover her roots, she finds she is the sole owner of a lavish, isolated Victorian mansion. But her newfound wealth comes at a price as she stumbles upon a horror that awaits her in the mansion’s dank cellars.",Alexandra Daddario Dan Yeager Bill Moseley Marilyn Burns Tania Raymonde,John Luessenhop,26.497025,03-01-2013,5.3
758,Adaptation.,Comedy Crime Drama,A love-lorn script writer grows increasingly desperate in his quest to adapt the book 'The Orchid Thief'.,Nicolas Cage Meryl Streep Chris Cooper Tilda Swinton Cara Seymour,Spike Jonze,26.441669,06-12-2002,7.3
3333,Monsters,Drama Thriller Science Fiction,"Six years ago NASA discovered the possibility of alien life within our solar system. A probe was launched to collect samples, but crashed upon re-entry over Central America. Soon after, new life forms began to appear and half of Mexico was quarantined as an infected zone. Today, the American and Mexican military still struggle to contain ""the creatures,"" while a journalist agrees to escort a shaken tourist through the infected zone in Mexico to the safety of the U.S. border.",Whitney Able Scoot McNairy Annalee Jefferies Kevon Kane Fernando Lara,Gareth Edwards,26.406001,18-06-2010,6.2
2821,Machete,Action Comedy Thriller,"After being set-up and betrayed by the man who hired him to assassinate a Texas Senator, an ex-Federale launches a brutal rampage of revenge against his former boss.",Danny Trejo Michelle Rodriguez Jessica Alba Robert De Niro Lindsay Lohan,Robert Rodriguez,26.396191,01-09-2010,6.3
3957,Anna Karenina,Drama Romance,"Trapped in a loveless marriage, aristocrat Anna Karenina enters into a life-changing affair with the affluent Count Vronsky.",Keira Knightley Jude Law Aaron Taylor-Johnson Kelly Macdonald Matthew Macfadyen,Joe Wright,26.38704,06-09-2012,6.5
2982,Chloe,Drama Thriller Mystery,"A doctor hires an escort to seduce her husband, whom she suspects of cheating, though unforeseen events put the family in danger.",Julianne Moore Liam Neeson Amanda Seyfried Max Thieriot R. H. Thomson,Atom Egoyan,26.373864,25-03-2009,5.9
1777,Escape from Alcatraz,Crime Drama,"Escape from Alcatraz tells the story of the only three men ever to escape from the infamous maximum security prison at Alcatraz. In 29 years, the seemingly impenetrable federal penitentiary, which housed Al Capone and ""Birdman"" Robert Stroud, was only broken once - by three men never heard of again.",Clint Eastwood Patrick McGoohan Roberts Blossom Jack Thibeau Fred Ward,Don Siegel,26.356697,22-06-1979,7.2
3277,Faster,Crime Drama Action Thriller,"Driver (Dwayne Johnson) has spent the last 10 years in prison planning revenge for the murder of his brother. Now that Driver is free to carry out his deadly plan only two men stand in his way- Billy Bob Thornton plays a veteran cop and Oliver Jackson-Cohen, a crazy hitman. With those two close on his trail, Driver races to carry out his mission as the mystery surrounding his brothers murder deepens.",Dwayne Johnson Billy Bob Thornton Maggie Grace Carla Gugino Tom Berenger,"George Tillman, Jr.",26.324874,23-11-2010,6.1
500,The Last King of Scotland,Drama,"Young Scottish doctor, Nicholas Garrigan decides it's time for an adventure after he finishes his formal education, so he decides to try his luck in Uganda, and arrives during the downfall of President Obote. General Idi Amin comes to power and asks Garrigan to become his personal doctor.",Forest Whitaker James McAvoy Simon McBurney Gillian Anderson Kerry Washington,Kevin Macdonald,26.286954,01-09-2006,7.4
3336,I Spit on Your Grave,Thriller Crime Horror,"A remake of the 1979 controversial cult classic, I Spit on Your Grave retells the horrific tale of writer Jennifer Hills who takes a retreat from the city to a charming cabin in the woods to start on her next book. But Jennifer's presence in the small town attracts the attention of a few morally deprived locals led by Johnny, the town's service station owner, his two co-workers, Andy and Stanley, who along with their socially and mentally challenged friend Matthew, set out one night to teach this city girl a lesson.",Sarah Butler Daniel Franzese Chad Lindberg Jeff Branson Rodney Eastman,Steven R. Monroe,26.281839,17-06-2010,6.3
3307,Skyline,Science Fiction,"When strange lights descend on the city of Los Angeles, people are drawn outside like moths to a flame where an extraterrestrial force threatens to swallow the entire human population off the face of the Earth. Now the band of survivors must fight for their lives as the world unravels around them.",Eric Balfour Scottie Thompson David Zayas Donald Faison Brittany Daniel,Colin Strause,26.268209,11-11-2010,4.7
3502,Margin Call,Thriller Drama,A thriller that revolves around the key people at an investment bank over a 24-hour period during the early stages of the financial crisis.,Kevin Spacey Paul Bettany Jeremy Irons Zachary Quinto Ashley Williams,J.C. Chandor,26.259389,28-09-2011,6.7
3713,Haywire,Action Thriller,"Mallory Kane is a highly trained operative who works for a government security contractor in the dirtiest, most dangerous corners of the world. After successfully freeing a Chinese journalist held hostage, she is double crossed and left for dead by someone close to her in her own agency. Suddenly the target of skilled assassins who know her every move, Mallory must find the truth in order to stay alive.",Gina Carano Ewan McGregor Michael Fassbender Bill Paxton Channing Tatum,Steven Soderbergh,26.257951,06-11-2011,5.6
1595,He's Just Not That Into You,Comedy Romance Drama,"Remember that really cute guy who said he'd call – and didn't? Maybe he lost your number. Maybe he's in the hospital. Maybe he's awed by your beauty, brains or success. Or maybe... he's just not that into you.",Ben Affleck Jennifer Aniston Drew Barrymore Jennifer Connelly Kevin Connolly,Ken Kwapis,26.253357,06-02-2009,6.2
1442,The Break-Up,Romance Comedy,"Cohabitating couple Gary and Brooke find their once-blissful romance on the rocks when petty spats about lemons and dirty dishes mushroom into an all-out battle for custody of their upscale Chicago condo. An escalating argument ensues as Gary and Brooke continue to live under the same roof, all while cooking up schemes to drive each other off the premises.",Vince Vaughn Jennifer Aniston Joey Lauren Adams Cole Hauser Jon Favreau,Peyton Reed,26.251217,01-06-2006,5.6
2219,Harold & Kumar Escape from Guantanamo Bay,Comedy Adventure,"Having satisfied their urge for White Castle, Harold and Kumar jump on a plane to catch up with Harold's love interest, who's headed for the Netherlands. But the pair must change their plans when Kumar is accused of being a terrorist. Rob Corddry also stars in this wild comedy sequel that follows the hapless stoners' misadventures as they try to avoid being captured by the Department of Homeland Security.",John Cho Kal Penn Neil Patrick Harris Rob Corddry Jack Conley,Jon Hurwitz,26.219598,25-04-2008,6.2
491,The Virgin Suicides,Drama Romance,"A group of male friends become obsessed with five mysterious sisters who are sheltered by their strict, religious parents.",James Woods Kathleen Turner Kirsten Dunst Josh Hartnett Michael Par\u00e9,Sofia Coppola,26.218912,21-04-1999,7.1
1103,Never Back Down,Drama Action,"Rebellious Jake Tyler is lured into an ultimate underground fight Scene at his new high school, after receiving threats to the safety of his friends and family Jake decides to seek the mentoring of a veteran fighter who trains him for one final no-holds-barred elimination fight with his nemesis and local martial arts champion Ryan McCarthy.",Sean Faris Amber Heard Cam Gigandet Djimon Hounsou Evan Peters,Jeff Wadlow,26.21425,04-03-2008,6.4
1267,Cliffhanger,Action Adventure Thriller,"A year after losing his friend in a tragic 4,000-foot fall, former ranger Gabe Walker and his partner, Hal, are called to return to the same peak to rescue a group of stranded climbers, only to learn the climbers are actually thieving hijackers who are looking for boxes full of money.",Sylvester Stallone John Lithgow Michael Rooker Janine Turner Rex Linn,Renny Harlin,26.19909,28-05-1993,6.1
1360,Dazed and Confused,Comedy Drama,"The adventures of a group of Texas teens on their last day of school in 1976, centering on student Randall Floyd, who moves easily among stoners, jocks and geeks. Floyd is a star athlete, but he also likes smoking weed, which presents a conundrum when his football coach demands he sign a ""no drugs"" pledge.",Jason London Rory Cochrane Wiley Wiggins Sasha Jenson Michelle Burke,Richard Linklater,26.181753,24-09-1993,7.4
360,Rosemary's Baby,Horror Drama Mystery,A young couple moves into an infamous New York apartment building to start a family. Things become frightening as Rosemary begins to suspect her unborn baby isn't safe around their strange neighbors.,Mia Farrow John Cassavetes Ruth Gordon Sidney Blackmer Maurice Evans,Roman Polanski,26.180367,12-06-1968,7.5
1192,The Insider,Drama Thriller,"Tells the true story of a 60 Minutes television series exposé of the tobacco industry, as seen through the eyes of a real tobacco executive, Jeffrey Wigand",Al Pacino Russell Crowe Christopher Plummer Diane Venora Bruce McGill,Michael Mann,26.153669,28-10-1999,7.3
342,From Hell,Horror Mystery Thriller,Frederick Abberline is an opium-huffing inspector from Scotland Yard who falls for one of Jack the Ripper's prostitute targets in this Hughes brothers adaption of a graphic novel that posits the Ripper's true identity.,Johnny Depp Heather Graham Ian Holm Robbie Coltrane Ian Richardson,Albert Hughes,26.134678,19-10-2001,6.6
846,The Kingdom,Thriller Action Drama,A team of U.S. government agents is sent to investigate the bombing of an American facility in the Middle East.,Jamie Foxx Jennifer Garner Chris Cooper Jason Bateman Ali Suliman,Peter Berg,26.123705,22-08-2007,6.5
803,A Scanner Darkly,Animation Science Fiction Thriller,An undercover cop in a not-too-distant future becomes involved with a dangerous new drug and begins to lose his own identity as a result.,Keanu Reeves Winona Ryder Woody Harrelson Robert Downey Jr. Mitch Baker,Richard Linklater,26.093043,25-05-2006,6.8
316,For Your Eyes Only,Adventure Action Thriller,A British spy ship has sunk and on board was a hi-tech encryption device. James Bond is sent to find the device that holds British launching instructions before the enemy Soviets get to it first.,Roger Moore Carole Bouquet Chaim Topol Lynn-Holly Johnson Julian Glover,John Glen,26.090746,23-06-1981,6.3
4540,Sinister 2,Horror,A young mother and her twin sons move into a rural house that's marked for death.,Shannyn Sossamon James Ransone Robert Daniel Sloan Dartanian Sloan Lea Coco,Ciaran Foy,26.090495,19-08-2015,5.4
675,Final Fantasy: The Spirits Within,Adventure Action Animation Fantasy Science Fiction,"Led by a strange dream, scientist Aki Ross struggles to collect the eight spirits in the hope of creating a force powerful enough to protect the planet. With the aid of the Deep Eyes Squadron and her mentor, Dr. Sid, Aki must save the Earth from its darkest hate and unleash the spirits within.",Donald Sutherland Ming-Na Wen Alec Baldwin Ving Rhames Steve Buscemi,Hironobu Sakaguchi,26.074908,02-07-2001,5.9
3486,The Lincoln Lawyer,Crime Drama Thriller,A lawyer conducts business from the back of his Lincoln town car while representing a high-profile client in Beverly Hills.,Matthew McConaughey Marisa Tomei Ryan Phillippe William H. Macy Josh Lucas,Brad Furman,26.072228,17-03-2011,7.0
1832,I Am Sam,Drama,"Sam has the mental capacity of a 7-year-old. He has a daughter with a homeless woman who abandons them when they leave the hospital, leaving Sam to raise Lucy on his own. But as Lucy grows up, Sam's limitations start to become a problem and the authorities take her away. Sam shames high-priced lawyer Rita into taking his case pro bono and in turn teaches her the value of love and family.",Sean Penn Michelle Pfeiffer Dianne Wiest Dakota Fanning Richard Schiff,Jessie Nelson,26.071644,28-12-2001,7.2
1244,The Longest Yard,Comedy Drama,"Pro quarter-back, Paul Crewe and former college champion and coach, Nate Scarboro are doing time in the same prison. Asked to put together a team of inmates to take on the guards, Crewe enlists the help of Scarboro to coach the inmates to victory in a football game 'fixed' to turn out quite another way.",Adam Sandler Chris Rock Burt Reynolds Michael Irvin Nelly,Peter Segal,26.065735,19-05-2005,6.2
1541,Unleashed,Action Crime,"Raised as a slave, Danny is used to fighting for his survival. In fact, his ""master,"" Bart, thinks of him as a pet and goes as far as leashing him with a collar so they can make money in fight clubs, where Danny is the main contender. When Bart's crew is in a car accident, Danny escapes and meets a blind, kindhearted piano tuner who takes him in and uses music to free the fighter's long-buried heart.",Jet Li Morgan Freeman Bob Hoskins Vincent Regan Dylan Brown,Louis Leterrier,25.999888,02-02-2005,6.6
1743,Remember the Titans,Drama,"After leading his football team to 15 winning seasons, coach Bill Yoast is demoted and replaced by Herman Boone – tough, opinionated and as different from the beloved Yoast as he could be. The two men learn to overcome their differences and turn a group of hostile young men into true champions.",Denzel Washington Will Patton Ryan Hurst Wood Harris Hayden Panettiere,Boaz Yakin,25.996219,29-09-2000,7.4
682,The Time Machine,Science Fiction Adventure Action,"Hoping to alter the events of the past, a 19th century inventor instead travels 800,000 years into the future, where he finds humankind divided into two warring races.",Guy Pearce Mark Addy Phyllida Law Sienna Guillory Laura Kirk,Simon Wells,25.978555,04-03-2002,5.8
735,Born on the Fourth of July,Drama War,"The biography of Ron Kovic. Paralyzed in the Vietnam war, he becomes an anti-war and pro-human rights political activist after feeling betrayed by the country he fought for.",Tom Cruise Raymond J. Barry Caroline Kava Holly Marie Combs Kyra Sedgwick,Oliver Stone,25.949277,20-12-1989,6.7
355,The Omen,Horror Thriller,"Immediately after their miscarriage, the US diplomat Robert Thorn adopts the newborn Damien without the knowledge of his wife. Yet what he doesn’t know is that their new son is the son of the devil. A classic horror film with Gregory Peck from 1976.",Gregory Peck Lee Remick David Warner Billie Whitelaw Harvey Stephens,Richard Donner,25.939385,06-06-1976,7.2
546,Bill & Ted's Excellent Adventure,Adventure Comedy Science Fiction,"In the small town of San Dimas, a few miles away from Los Angeles, there are two nearly brain dead teenage boys going by the names of Bill S, Preston ESQ. and Ted Theodore Logan, they have a dream together of starting their own rock and roll band called the ""Wyld Stallyns"". Unfortunately, they are still in high school and on the verge of failing out of their school as well, and if they do not pass their upcoming history report, they will be separated as a result of Ted's father sending him to military school. But, what Bill and Ted do not know is that they must stay together to save the future. So, a man from the future named Rufus came to help them pass their report. So, both Bill and Ted decided to gather up historical figures which they need for their report. They are hoping that this will help them pass their report so they can stay together.",Keanu Reeves Alex Winter George Carlin Dan Shor Hal Landon Jr.,Stephen Herek,25.929893,17-02-1989,6.7
744,Hard Candy,Drama Thriller,"A mature 14-year old girl meets a charming 32-year old photographer on the Internet. Suspecting that he is a pedophile, she goes to his home in an attempt to expose him.",Patrick Wilson Ellen Page Sandra Oh Odessa Rae G.J. Echternkamp,David Slade,25.918007,14-01-2005,6.8
2183,Max Payne,Action,"Coming together to solve a series of murders in New York City are a DEA agent whose family was slain as part of a conspiracy and an assassin out to avenge her sister's death. The duo will be hunted by the police, the mob, and a ruthless corporation.",Mark Wahlberg Mila Kunis Beau Bridges Ludacris Chris O'Donnell,John Moore,25.903237,15-10-2008,5.2
2887,The Secret in Their Eyes,Crime Drama Mystery Romance,A retired legal counselor writes a novel hoping to find closure for one of his past unresolved homicide cases and for his unreciprocated love with his superior - both of which still haunt him decades later.,Ricardo Dar\u00edn Soledad Villamil Pablo Rago Javier Godino Guillermo Francella,Juan Jos\u00e9 Campanella,25.894065,13-08-2009,7.8
4119,"Batman: The Dark Knight Returns, Part 2",Action Animation,Batman has stopped the reign of terror that The Mutants had cast upon his city.  Now an old foe wants a reunion and the government wants The Man of Steel to put a stop to Batman.,Peter Weller Ariel Winter David Selby Michael Emerson Mark Valley,Jay Oliva,25.891466,18-01-2013,7.9
618,The Others,Horror Drama Mystery Thriller,"Grace is a religious woman who lives in an old house kept dark because her two children, Anne and Nicholas, have a rare sensitivity to light. When the family begins to suspect the house is haunted, Grace fights to protect her children at any cost in the face of strange events and disturbing visions.",Nicole Kidman Christopher Eccleston Alakina Mann James Bentley Eric Sykes,Alejandro Amen\u00e1bar,25.881355,02-08-2001,7.4
589,Entrapment,Romance Drama Mystery,"Two thieves, who travel in elegant circles, try to outsmart each other and, in the process, end up falling in love.",Sean Connery Catherine Zeta-Jones Will Patton Maury Chaykin Ving Rhames,Jon Amiel,25.877794,29-04-1999,6.0
380,Dune,Action Science Fiction Adventure,"In the year 10,191, the world is at war for control of the desert planet Dune – the only place where the time-travel substance 'Spice' can be found. But when one leader gives up control, it's only so he can stage a coup with some unsavory characters.",Kyle MacLachlan Francesca Annis Leonardo Cimino Brad Dourif Jos\u00e9 Ferrer,David Lynch,25.876582,14-12-1984,6.5
1268,EuroTrip,Comedy,"When Scott learns that his longtime cyber-buddy from Berlin is a gorgeous young woman, he and his friends embark on a trip across Europe.",Scott Mechlowicz Jacob Pitts Michelle Trachtenberg Travis Wester Vinnie Jones,Jeff Schaffer,25.848003,20-02-2004,6.5
2157,The House Bunny,Romance Comedy,"Shelley is living a carefree life until a rival gets her tossed out of the Playboy Mansion. With nowhere to go, fate delivers her to the sorority girls from Zeta Alpha Zeta. Unless they can sign a new pledge class, the seven socially clueless women will lose their house to the scheming girls of Phi Iota Mu. In order to accomplish their goal, they need Shelley to teach them the ways of makeup and men; at the same time, Shelley needs some of what the Zetas have - a sense of individuality. The combination leads all the girls to learn how to stop pretending and start being themselves.",Anna Faris Emma Stone Kat Dennings Katharine McPhee Rumer Willis,Fred Wolf,25.838073,22-08-2008,5.6
2826,Cop Out,Action Comedy Crime,"Detectives Jimmy and Paul, despite nine years as partners, can still sometimes seem like polar opposites – especially when Paul's unpredictable antics get them suspended without pay. Already strapped for cash and trying to pay for his daughter's wedding, Jimmy decides to sell a rare baseball card that's worth tens of thousands. Unfortunately, when the collector's shop is robbed and the card vanishes with the crook, Paul and Jimmy end up going rogue, tracking down the card and the drug ring behind its theft, all on their own time, and without any backup – except for each other.",Bruce Willis Tracy Morgan Juan Carlos Hern\u00e1ndez Seann William Scott Michelle Trachtenberg,Kevin Smith,25.825771,26-02-2010,5.3
3046,Repo Men,Action Science Fiction Thriller Crime,"In the future, medical technology has advanced to the point where people can buy artificial organs to extend their lives. But if they default on payments, an organization known as the Union sends agents to repossess the organs. Remy is one of the best agents in the business, but when he becomes the recipient of an artificial heart, he finds himself in the same dire straits as his many victims.",Jude Law Forest Whitaker Alice Braga Liev Schreiber Carice van Houten,Miguel Sapochnik,25.799697,18-03-2010,6.2
446,Babel,Drama,"Tragedy strikes a married couple on vacation in the Moroccan desert, touching off an interlocking story involving four different families.",Brad Pitt Cate Blanchett Gael Garc\u00eda Bernal Rinko Kikuchi Adriana Barraza,Alejandro Gonz\u00e1lez I\u00f1\u00e1rritu,25.785925,08-09-2006,6.9
2793,The Blind Side,Drama,"Oversized African-American, Michael Oher, the teen from across the tracks and a broken home, has nowhere to sleep at age 16. Taken in by an affluent Memphis couple, Michael embarks on a remarkable rise to play for the NFL.",Sandra Bullock Quinton Aaron Kathy Bates Tim McGraw Jae Head,John Lee Hancock,25.767395,20-11-2009,7.2
681,The Perfect Storm,Drama,"In October 1991, a confluence of weather conditions combined to form a killer storm in the North Atlantic. Caught in the storm was the sword-fishing boat Andrea Gail. Magnificent foreshadowing and anticipation fill this true-life drama while minute details of the fishing boats, their gear and the weather are juxtaposed with the sea adventure.",George Clooney Mark Wahlberg Diane Lane John C. Reilly William Fichtner,Wolfgang Petersen,25.752118,15-03-2000,6.2
4161,The Spectacular Now,Comedy Drama Romance,"A hard-partying high school senior's philosophy on life changes when he meets the not-so-typical ""nice girl.""",Miles Teller Shailene Woodley Brie Larson Dayo Okeniyi Masam Holden,James Ponsoldt,25.722747,02-08-2013,6.8
3694,The Master,Drama,"Freddie, a volatile, heavy-drinking veteran who suffers from post-traumatic stress disorder, finds some semblance of a family when he stumbles onto the ship of Lancaster Dodd, the charismatic leader of a new ""religion"" he forms after World War II.",Joaquin Phoenix Philip Seymour Hoffman Amy Adams Laura Dern Jesse Plemons,Paul Thomas Anderson,25.682509,07-09-2012,7.0
94,Star Trek: First Contact,Science Fiction Action Adventure Thriller,"The Borg, a relentless race of cyborgs, are on a direct course for Earth. Violating orders to stay away from the battle, Captain Picard and the crew of the newly-commissioned USS Enterprise E pursue the Borg back in time to prevent the invaders from changing Federation history and assimilating the galaxy.",Patrick Stewart Jonathan Frakes Brent Spiner LeVar Burton Michael Dorn,Jonathan Frakes,25.6713,21-11-1996,7.0
1648,Night of the Living Dead,Horror,"A group of people try to survive an attack of bloodthirsty zombies while trapped in a rural Pennsylvania farmhouse. Although not the first zombie film, Night of the Living Dead is the progenitor of the contemporary ""zombie apocalypse"" horror film, and it greatly influenced the modern pop-culture zombie archetype.",Duane Jones Judith O'Dea Karl Hardman Marilyn Eastman Keith Wayne,George A. Romero,25.666029,01-10-1968,7.5
317,Octopussy,Adventure Action Thriller,James Bond is sent to investigate after a fellow “00” agent is found dead with a priceless Farberge egg. James bond follows the mystery and uncovers a smuggling scandal and a Russian General who wants to provoke a new World War.,Roger Moore Maud Adams Louis Jourdan Kristina Wayborn Kabir Bedi,John Glen,25.633663,05-06-1983,6.2
3855,House at the End of the Street,Horror Thriller,"A mother and daughter move to a new town and find themselves living next door to a house where a young girl murdered her parents. When the daughter befriends the surviving son, she learns the story is far from over.",Jennifer Lawrence Max Thieriot Elisabeth Shue Gil Bellows Nolan Gerard Funk,Mark Tonderai,25.613197,21-09-2012,5.6
1069,8MM,Thriller Crime Mystery,"A small, seemingly innocuous plastic reel of film leads surveillance specialist Tom Welles down an increasingly dark and frightening path. With the help of the streetwise Max, he relentlessly follows a bizarre trail of evidence to determine the fate of a complete stranger. As his work turns into obsession, he drifts farther and farther away from his wife, family and simple life as a small-town PI.",Nicolas Cage Joaquin Phoenix James Gandolfini Chris Bauer Anthony Heald,Joel Schumacher,25.580272,26-02-1999,6.1
1742,Friday,Comedy,"Craig and Smokey are two guys in Los Angeles hanging out on their porch on a Friday afternoon, smoking and drinking, looking for something to do.",Ice Cube Chris Tucker Nia Long Tom Lister Jr. John Witherspoon,F. Gary Gray,25.5748,26-04-1995,7.0
4447,Brick Mansions,Action Crime Drama,"In a dystopian Detroit, grand houses that once housed the wealthy are now homes of the city's most-dangerous criminals. Surrounding the area is a giant wall to keep the rest of Detroit safe. For undercover cop Damien Collier, every day is a battle against corruption as he struggles to bring his father's killer, Tremaine, to justice. Meanwhile, Damien and an ex-con named Lino work together to save the city from a plot to destroy it.",Paul Walker David Belle RZA Robert Maillet Carlo Rota,Camille Delamarre,25.520976,22-04-2014,5.7
1055,Desperado,Thriller Action Crime,A gunslinger is embroiled in a war with a local drug runner.,Antonio Banderas Salma Hayek Joaquim de Almeida Cheech Marin Steve Buscemi,Robert Rodriguez,25.511217,25-08-1995,6.8
2922,Triangle,Horror,"The story revolves around the passengers of a yachting trip in the Atlantic Ocean who, when struck by mysterious weather conditions, jump to another ship only to experience greater havoc on the open seas.",Melissa George Liam Hemsworth Emma Lung Rachael Carpani Michael Dorman,Christopher Smith,25.496926,16-10-2009,6.9
592,Transformers,Adventure Science Fiction Action,"Young teenager, Sam Witwicky becomes involved in the ancient struggle between two extraterrestrial factions of transforming robots – the heroic Autobots and the evil Decepticons. Sam holds the clue to unimaginable power and the Decepticons will stop at nothing to retrieve it.",Shia LaBeouf Josh Duhamel Megan Fox Rachael Taylor Tyrese Gibson,Michael Bay,25.468493,27-06-2007,6.6
1141,The X Files: I Want to Believe,Drama Mystery Science Fiction Thriller,"Six years after the events of The X-Files series finale, former FBI agent Doctor Dana Scully is now a staff physician at Our Lady of Sorrows, a Catholic hospital, and treating a boy named Christian who has Sandhoff disease, a terminal brain condition. FBI agent Drummy arrives to ask Scully’s help in locating Fox Mulder, the fugitive former head of the X-Files division, and says they will call off its manhunt for him if he will help investigate the disappearances of several women, including young FBI agent Monica Banan.  Mulder and Scully are called back to duty by the FBI when a former priest claims to be receiving psychic visions pertaining to a kidnapped agent.",David Duchovny Gillian Anderson Amanda Peet Billy Connolly Xzibit,Chris Carter,25.454549,24-07-2008,5.5
2083,The Pink Panther,Action Comedy Crime Mystery Family,"When the coach of the France soccer team is killed by a poisoned dart in the stadium in the end of a game, and his expensive and huge ring with the diamond Pink Panther disappears, the ambitious Chief Inspector Dreyfus assigns the worst police inspector Jacques Clouseau to the case.",Steve Martin Kevin Kline Jean Reno Beyonc\u00e9 Knowles Emily Mortimer,Shawn Levy,25.450534,18-01-2006,5.6
1140,Legally Blonde,Comedy,"Elle Woods has it all. She's the president of her sorority, a Hawaiian Tropic girl, Miss June in her campus calendar, and, above all, a natural blonde. She dates the cutest fraternity boy on campus and wants nothing more than to be Mrs. Warner Huntington III. But, there's just one thing stopping Warner from popping the question: Elle is too blonde.",Reese Witherspoon Luke Wilson Selma Blair Matthew Davis Victor Garber,Robert Luketic,25.43954,13-07-2001,6.1
3062,Valentine's Day,Comedy Romance,"More than a dozen Angelenos navigate Valentine's Day from early morning until midnight. Three couples awake together, but each relationship will sputter; are any worth saving? A grade-school boy wants flowers for his first true love; two high school seniors plan first-time sex at noon; a TV sports reporter gets the assignment to find romance in LA; a star quarterback contemplates his future; two strangers meet on a plane; grandparents, together for years, face a crisis; and, an ""I Hate Valentine's Day"" dinner beckons the lonely and the lied to. Can Cupid finish his work by midnight?",Jessica Alba Jessica Biel Bradley Cooper Eric Dane Patrick Dempsey,Garry Marshall,25.41929,10-02-2010,5.7
1147,The Cell,Horror Science Fiction Thriller,A psychotherapist journeys inside a comatose serial killer in the hopes of saving his latest victim.,Jennifer Lopez Vincent D'Onofrio Vince Vaughn Marianne Jean-Baptiste Catherine Sutherland,Tarsem Singh,25.413955,17-08-2000,6.0
3545,Another Earth,Drama Science Fiction,"On the night of the discovery of a duplicate Earth in the Solar system, an ambitious young student and an accomplished composer cross paths in a tragic accident.",William Mapother Brit Marling Matthew-Lee Erlbach DJ Flava Meggan Lennon,Mike Cahill,25.402697,22-07-2011,6.8
1114,Shanghai Noon,Adventure Action Comedy Western,"Chon Wang, a clumsy imperial guard trails Princess Pei Pei when she is kidnapped from the Forbidden City and transported to America. Wang follows her captors to Nevada, where he teams up with an unlikely partner, outcast outlaw Roy O'Bannon, and tries to spring the princess from her imprisonment.",Jackie Chan Owen Wilson Lucy Liu Xander Berkeley Roger Yuan,Tom Dey,25.400935,26-05-2000,6.2
2519,"I Love You, Man",Comedy,"Peter Klaven is a successful real estate agent who, upon getting engaged to the woman of his dreams, Zooey, discovers, to his dismay and chagrin, that he has no male friend close enough to serve as his Best Man. Peter immediately sets out to rectify the situation, embarking on a series of bizarre and awkward ""man-dates.""",Paul Rudd Jason Segel Rashida Jones Andy Samberg J.K. Simmons,John Hamburg,25.391899,20-03-2009,6.5
4242,Blue Ruin,Crime Thriller,The quiet life of a beach bum is upended by dreadful news. He sets off for his childhood home to carry out an act of vengeance but proves an inept assassin and finds himself in a brutal fight to protect his estranged family.,Macon Blair Devin Ratray Amy Hargreaves Kevin Kolack Eve Plumb,Jeremy Saulnier,25.349758,25-04-2014,6.9
1079,In Bruges,Comedy Drama Crime,"Ray and Ken, two hit men, are in Bruges, Belgium, waiting for their next mission. While they are there they have time to think and discuss their previous assignment. When the mission is revealed to Ken, it is not what he expected.",Colin Farrell Brendan Gleeson Ralph Fiennes Cl\u00e9mence Po\u00e9sy Thekla Reuten,Martin McDonagh,25.329493,08-02-2008,7.4
1153,"Dude, Where’s My Car?",Comedy,"Jesse and Chester, two bumbling stoners, wake up one morning from a night of partying and cannot remember where they parked their car. They encounter a variety of people while looking for it, including their angry girlfriends, an angry street gang, a transexual stripper, a cult of alien seeking fanatics, and aliens in human form looking for a mystical device that could save or destroy the world.",Ashton Kutcher Seann William Scott Kristy Swanson Jennifer Garner Marla Sokoloff,Danny Leiner,25.316146,15-12-2000,5.2
4621,The Bélier Family,Comedy Drama Music,"The whole Bélier family is deaf, except for sixteen year old Paula who is the important translator in her parents' day to day life especially when it comes to matters concerning the family farm. When her music teacher discovers she has a fantastic singing voice and she gets an opportunity to enter a big Radio France contest the whole family's future is set up for big changes.",Louane Emera Karin Viard Fran\u00e7ois Damiens Eric Elmosnino Roxane Duran,Eric Lartigau,25.302978,17-12-2014,7.0
3818,The Awakening,Horror Thriller,1921 England is overwhelmed by the loss and grief of World War I. Hoax exposer Florence Cathcart (Hall) visits a boarding school to explain sightings of a child ghost.,Rebecca Hall Dominic West Imelda Staunton Isaac Hempstead-Wright Lucy Cohu,Nick Murphy ,25.30216,17-08-2011,6.3
2576,Year One,Comedy Adventure,"When a couple of lazy hunter-gatherers are banished from their primitive village, they set off on an epic journey through the ancient world.",Jack Black Michael Cera Olivia Wilde Oliver Platt David Cross,Harold Ramis,25.293538,18-06-2009,4.6
296,On Her Majesty's Secret Service,Adventure Action Thriller,"James Bond tracks archnemesis Ernst Blofeld to a mountaintop retreat where he's training an army of beautiful but lethal women. Along the way, Bond falls for Italian contessa Tracy Draco -- and marries her in order to get closer to Blofeld. Meanwhile, he locates Blofeld in the Alps and embarks on a classic ski chase.",George Lazenby Diana Rigg Telly Savalas Gabriele Ferzetti Ilse Steppat,Peter R. Hunt,25.289665,12-12-1969,6.5
41,Beverly Hills Cop II,Action Comedy Crime,"Detroit cop, Axel Foley heads for the land of sunshine and palm trees to find out who shot police Captain Andrew Bogomil. Thanks to a couple of old friends, Axel's investigation uncovers a series of robberies masterminded by a heartless weapons kingpin – and the chase is on.",Eddie Murphy Judge Reinhold John Ashton Ronny Cox Paul Reiser,Tony Scott,25.28436,18-05-1987,6.1
1907,A Cinderella Story,Comedy,"Sam Montgomery is a tomboyish, unpopular girl at school. She has been text messaging a somebody named Nomad for a few months and he asks her to meet him at the Halloween dance at 11:00 in the middle of the dance floor. The only problem is, she must get back to the diner, ran by her wicked Stepmom Fiona by 12 sharp because she is not supposed to be there. Before Nomad can found out who she is, she must leave with her best friend, Carter driving her back to the diner. After that night, everything in Sam's life goes wacko!",Hilary Duff Jennifer Coolidge Chad Michael Murray Dan Byrd Regina King,Mark Rosman,25.28132,10-07-2004,6.1
1031,The Wave,Drama Thriller,A school teacher discusses types of government with his class. His students find it too boring to repeatedly go over national socialism and believe that dictatorship cannot be established in modern Germany. He starts an experiment to show how easily the masses can become manipulated.,J\u00fcrgen Vogel Frederick Lau Max Riemelt Jennifer Ulrich Christiane Paul,Dennis Gansel,25.281197,11-03-2008,7.5
183,The Life Aquatic with Steve Zissou,Adventure Comedy Drama,Wes Anderson’s incisive quirky comedy build up stars complex characters like in ‘The Royal Tenenbaums’ with Bill Murray on in the leading role. An ocean adventure documentary film maker Zissou is put in all imaginable life situations and a tough life crisis as he attempts to make a new film about capturing the creature that caused him pain.,Bill Murray Anjelica Huston Cate Blanchett Willem Dafoe Owen Wilson,Wes Anderson,25.237969,10-12-2004,7.1
544,A Time to Kill,Crime Drama Thriller,"A young lawyer defends a black man accused of murdering two men who raped his 10-year-old daughter, sparking a rebirth of the KKK.",Matthew McConaughey Sandra Bullock Samuel L. Jackson Kevin Spacey Oliver Platt,Joel Schumacher,25.219805,24-07-1996,7.0
3892,Safety Not Guaranteed,Comedy Romance Science Fiction Drama,Three magazine employees head out on an assignment to interview a guy who placed a classified ad seeking a companion for time travel.,Aubrey Plaza Mark Duplass Jake Johnson Karan Soni Jenica Bergere,Colin Trevorrow,25.186002,08-06-2012,6.8
605,Traffic,Thriller Drama Crime,"An exploration of the United States of America's war on drugs from multiple perspectives. For the new head of the Office of National Drug Control Policy, the war becomes personal when he discovers his well-educated daughter is abusing cocaine within their comfortable suburban home. In Mexico, a flawed, but noble policeman agrees to testify against a powerful general in league with a cartel, and in San Diego, a drug kingpin's sheltered trophy wife must learn her husband's ruthless business after he is arrested, endangering her luxurious lifestyle.",Michael Douglas Benicio del Toro Jacob Vargas Tom\u00e1s Mili\u00e1n Russell G. Jones,Steven Soderbergh,25.170217,27-12-2000,6.9
1029,Fun with Dick and Jane,Comedy,"After Dick Harper loses his job at Globodyne in an Enron-esque collapse, he and his wife, Jane, turn to crime in order to handle the massive debt they now face. Two intelligent people, Dick and Jane actually get pretty good at robbing people and even enjoy it -- but they have second thoughts when they're reminded that crime can hurt innocent people. When the couple hears that Globodyne boss Jack McCallister actually swindled the company, they plot revenge.",Jim Carrey T\u00e9a Leoni Alec Baldwin Richard Jenkins Angie Harmon,Dean Parisot,25.159168,21-12-2005,5.9
4666,Ride Along 2,Action Comedy,"As his wedding day approaches, Ben heads to Miami with his soon-to-be brother-in-law James to bring down a drug dealer who's supplying the dealers of Atlanta with product.",Kevin Hart Ice Cube Olivia Munn Tika Sumpter Ken Jeong,Tim Story,25.136082,14-01-2016,6.1
4450,Escobar: Paradise Lost,Thriller Romance,"For Pablo Escobar family is everything. When young surfer Nick falls for Escobar's niece, Maria, he finds his life on the line when he's pulled into the dangerous world of the family business.",Benicio del Toro Josh Hutcherson Brady Corbet Claudia Traisac Carlos Bardem,Andrea Di Stefano,25.112567,11-10-2014,6.1
3275,Step Up 3D,Drama Romance,"A tight-knit group of New York City street dancers, including Luke and Natalie, team up with NYU freshman Moose, and find themselves pitted against the world's best hip hop dancers in a high-stakes showdown that will change their lives forever.",Rick Malambri Adam G. Sevani Joe Slaughter Sharni Vinson Alyson Stoner,Jon M. Chu,25.060342,04-08-2010,6.6
271,Wild Things,Crime Drama Mystery,"When teen-socialite Kelly Van Ryan (Richards) and troubled bad girl Suzie Toller (Campbell) accuse guidance counselor Sam Lombardo (Dillon) of rape, he's suspended by the school, rejected by the town, and fighting to get his life back. One cop (Bacon) suspects conspiracy, but nothing is what it seems...",Matt Dillon Kevin Bacon Denise Richards Neve Campbell Theresa Russell,John McNaughton,25.041992,20-03-1998,6.3
3633,30 Minutes or Less,Action Adventure Comedy,"Two fledgling criminals kidnap a pizza delivery guy, strap a bomb to his chest, and advise him that he has mere hours to rob a bank or else...",Jesse Eisenberg Danny McBride Aziz Ansari Bianca Kajlich Nick Swardson,Ruben Fleischer,25.039383,11-08-2011,5.6
577,Footloose,Drama Family Music Romance,"When teenager Ren and his family move from big-city Chicago to a small town in the West, he's in for a real case of culture shock.",Kevin Bacon John Lithgow Dianne Wiest Chris Penn Lori Singer,Herbert Ross,25.03414,17-02-1984,6.4
4243,The Legend of Hercules,Action Adventure,"In Ancient Greece 1200 B.C., a queen succumbs to the lust of Zeus to bear a son promised to overthrow the tyrannical rule of the king and restore peace to a land in hardship. But this prince, Hercules, knows nothing of his real identity or his destiny. He desires only one thing: the love of Hebe, Princess of Crete, who has been promised to his own brother. When Hercules learns of his greater purpose, he must choose: to flee with his true love or to fulfill his destiny and become the true hero of his time. The story behind one of the greatest myths is revealed in this action-packed epic - a tale of love, sacrifice and the strength of the human spirit.",Kellan Lutz Liam McIntyre Gaia Weiss Scott Adkins Roxanne McKee,Renny Harlin,25.020428,10-01-2014,4.4
4558,The Transporter Refueled,Thriller Action Crime,"The fast-paced action movie is again set in the criminal underworld in France, where Frank Martin is known as The Transporter, because he is the best driver and mercenary money can buy. In this installment, he meets Anna and they attempt to take down a group of ruthless Russian human traffickers who also have kidnapped Frank’s father.",Ed Skrein Ray Stevenson Loan Chabanol Gabriella Wright Tatjana Pajkovi\u0107,Camille Delamarre,25.002715,03-09-2015,5.2
836,Scream 3,Horror Mystery,"A murdering spree begins to happen again, this time its targeted toward the original Woodsboro survivors and those associated with the movie inside a movie, 'Stab 3'. Sydney must face the demons of her past to stop the killer.",David Arquette Neve Campbell Courteney Cox Patrick Dempsey Scott Foley,Wes Craven,24.992057,03-02-2000,5.7
757,The Abyss,Adventure Action Thriller Science Fiction,"A civilian oil rig crew is recruited to conduct a search and rescue effort when a nuclear submarine mysteriously sinks. One diver soon finds himself on a spectacular odyssey 25,000 feet below the ocean's surface where he confronts a mysterious force that has the power to change the world or destroy it.",Ed Harris Mary Elizabeth Mastrantonio Michael Biehn Leo Burmester Todd Graff,James Cameron,24.961625,09-08-1989,7.1
703,Bicentennial Man,Comedy Science Fiction,"Richard Martin buys a gift, a new NDR-114 robot. The product is named Andrew by the youngest of the family's children. ""Bicentennial Man"" follows the life and times of Andrew, a robot purchased as a household appliance programmed to perform menial tasks. As Andrew begins to experience emotions and creative thought, the Martin family soon discovers they don't have an ordinary robot.",Robin Williams Sam Neill Embeth Davidtz Oliver Platt Kiersten Warren,Chris Columbus,24.939295,17-12-1999,6.9
2446,Role Models,Comedy,"Two salesmen trash a company truck on an energy drink-fueled bender. Upon their arrest, the court gives them a choice: do hard time or spend 150 service hours with a mentorship program. After one day with the kids, however, jail doesn't look half bad.",Seann William Scott Paul Rudd Elizabeth Banks Christopher Mintz-Plasse Bobb'e J. Thompson,David Wain,24.917665,03-02-2008,6.4
3100,The Losers,Action Adventure Crime Mystery Thriller,"A tale of double cross and revenge, centered upon the members of an elite U.S. Special Forces unit sent into the Bolivian jungle on a search and destroy mission. The team-Clay, Jensen, Roque, Pooch and Cougar -find themselves the target of a lethal betrayal instigated from inside by a powerful enemy known only as Max. Presumed dead, the group makes plans to even the score when they're joined by the mysterious Aisha, a beautiful operative with her own agenda. Working together, they must remain deep undercover while tracking the heavily-guarded Max, a ruthless man bent on embroiling the world in a new high-tech global war.",Jeffrey Dean Morgan Zoe Saldana Chris Evans Idris Elba Columbus Short,Sylvain White,24.903418,23-04-2010,6.2
1755,Wall Street,Crime Drama,"A young and impatient stockbroker is willing to do anything to get to the top, including trading on illegal inside information taken through a ruthless and greedy corporate raider whom takes the youth under his wing.",Charlie Sheen Michael Douglas Martin Sheen Daryl Hannah John C. McGinley,Oliver Stone,24.898687,10-12-1987,7.0
1016,Vantage Point,Drama Action Thriller Crime,The attempted assassination of the American President is told and re-told from several different perspectives.,Dennis Quaid Matthew Fox Forest Whitaker Sigourney Weaver William Hurt,Pete Travis,24.862767,01-02-2008,6.2
677,L.A. Confidential,Crime Drama Mystery Thriller,Three detectives in the corrupt and brutal L.A. police force of the 1950s use differing methods to uncover a conspiracy behind the shotgun slayings of the patrons at an all-night diner.,Kevin Spacey Guy Pearce Danny DeVito James Cromwell Kim Basinger,Curtis Hanson,24.860326,19-09-1997,7.7
2522,Astro Boy,Animation Action Family Science Fiction,"Set in futuristic Metro City, Astro Boy is about a young robot with incredible powers created by a brilliant scientist in the image of the son he has lost. Unable to fulfill the grieving man's expectations, our hero embarks on a journey in search of acceptance, experiencing betrayal and a netherworld of robot gladiators, before he returns to save Metro City and reconcile with the father who had rejected him.",Nicolas Cage Kristen Bell Bill Nighy Donald Sutherland Freddie Highmore,David Bowers,24.857079,15-10-2009,6.1
419,Lethal Weapon 4,Action Adventure Comedy Crime Thriller,"In the combustible action franchise's final installment, maverick detectives Martin Riggs and Roger Murtaugh square off against Asian mobster Wah Sing Ku, who's up to his neck in slave trading and counterfeit currency. With help from gumshoe Leo Getz and smart-aleck rookie cop Lee Butters, Riggs and Murtaugh aim to take down Ku and his gang.",Mel Gibson Danny Glover Joe Pesci Rene Russo Jet Li,Richard Donner,24.855701,10-07-1998,6.3
4356,Victor Frankenstein,Drama Science Fiction Thriller,Eccentric scientist Victor Von Frankenstein creates a grotesque creature in an unorthodox scientific experiment.,James McAvoy Daniel Radcliffe Jessica Brown Findlay Andrew Scott Charles Dance,Paul McGuigan,24.821138,10-11-2015,5.6
507,The Lost Boys,Horror Comedy,A mother and her two teenage sons move to a seemingly nice and quiet small coastal California town yet soon find out that it's overrun by bike gangs and vampires. A couple of teenage friends take it upon themselves to hunt down the vampires that they suspect of a few mysterious murders and restore peace and calm to their town.,Jason Patric Corey Haim Corey Feldman Dianne Wiest Kiefer Sutherland,Joel Schumacher,24.750909,31-07-1987,6.8
2006,Old School,Comedy,Three friends attempt to recapture their glory days by opening up a fraternity near their alma mater.,Luke Wilson Will Ferrell Vince Vaughn Ellen Pompeo Leah Remini,Todd Phillips,24.70166,21-02-2003,6.6
591,World Trade Center,Drama History Thriller,"On September, 11th 2001, after the terrorist attack to the World Trade Center, the building collapses over the rescue team from the Port Authority Police Department. Will Jimeno and his sergeant John McLoughlin are found alive trapped under the wreckage while the rescue teams fight to save them.",Nicolas Cage Maria Bello Maggie Gyllenhaal Michael Pe\u00f1a Jay Hernandez,Oliver Stone,24.697533,09-08-2006,5.9
1077,Four Brothers,Action Crime,Four adopted brothers return to their Detroit hometown when their mother is murdered and vow to exact revenge on the killers.,Mark Wahlberg Tyrese Gibson Andr\u00e9 Benjamin Garrett Hedlund Terrence Howard,John Singleton,24.694551,11-08-2005,6.7
4679,The Infiltrator,Crime Drama Thriller,A U.S Customs official uncovers a massive money laundering scheme involving Pablo Escobar.,Bryan Cranston Diane Kruger John Leguizamo Daniel Mays Benjamin Bratt,Brad Furman,24.672234,13-07-2016,6.6
903,Sky Captain and the World of Tomorrow,Mystery Action Thriller Science Fiction Adventure,"When gigantic robots attack New York City, ""Sky Captain"" uses his private air force to fight them off. His ex-girlfriend, reporter Polly Perkins, has been investigating the recent disappearance of prominent scientists. Suspecting a link between the global robot attacks and missing men, Sky Captain and Polly decide to work together. They fly to the Himalayas in pursuit of the mysterious Dr. Totenkopf, the mastermind behind the robots.",Jude Law Gwyneth Paltrow Giovanni Ribisi Angelina Jolie Bai Ling,Kerry Conran,24.664776,17-09-2004,5.7
2113,Edge of Darkness,Crime Drama Mystery Thriller,"As a seasoned homicide detective, Thomas Craven has seen the bleakest side of humanity. But nothing prepares him for the toughest investigation of his life: the search for his only daughter Emma's killer. Now, he is on a personal mission to uncover the disturbing secrets surrounding her murder, including corporate corruption, government collusion and Emma's own mysterious life.",Mel Gibson Ray Winstone Danny Huston Shawn Roberts Denis O'Hare,Martin Campbell,24.657931,29-01-2010,6.2
4100,No Good Deed,Crime Thriller,"Terri is a devoted wife and mother of two, living an ideal suburban life in Atlanta when Colin, a charming but dangerous escaped convict, shows up at her door claiming car trouble. Terri offers her phone to help him but soon learns that no good deed goes unpunished as she finds herself fighting for survival when he invades her home and terrorizes her family.",Idris Elba Taraji P. Henson Leslie Bibb Kate del Castillo Henry Simmons,Sam Miller,24.656068,10-09-2014,5.6
66,Star Trek: The Motion Picture,Science Fiction Adventure Mystery,"When a destructive space entity is spotted approaching Earth, Admiral Kirk resumes command of the Starship Enterprise in order to intercept, examine, and hopefully stop it.",William Shatner Leonard Nimoy DeForest Kelley James Doohan George Takei,Robert Wise,24.616634,06-12-1979,6.2
3662,Killing Them Softly,Crime Thriller,"Jackie Cogan is an enforcer hired to restore order after three dumb guys rob a Mob protected card game, causing the local criminal economy to collapse.",Brad Pitt Scoot McNairy Ben Mendelsohn James Gandolfini Ray Liotta,Andrew Dominik,24.612603,20-09-2012,5.8
473,The Fountain,Drama Adventure Science Fiction Romance,"Spanning over one thousand years, and three parallel stories, The Fountain is a story of love, death, spirituality, and the fragility of our existence in this world.",Hugh Jackman Rachel Weisz Ellen Burstyn Mark Margolis Stephen McHattie,Darren Aronofsky,24.606012,06-09-2006,6.8
707,Cold Mountain,Drama,"In this classic story of love and devotion set against the backdrop of the American Civil War, a wounded Confederate soldier named W.P. Inman deserts his unit and travels across the South, aiming to return to his young wife, Ada, who he left behind to tend their farm. As Inman makes his perilous journey home, Ada struggles to keep their home intact with the assistance of Ruby, a mysterious drifter sent to help her by a kindly neighbor.",Jude Law Nicole Kidman Ren\u00e9e Zellweger Eileen Atkins Brendan Gleeson,Anthony Minghella,24.598479,24-12-2003,6.7
216,Ed Wood,Comedy Drama History,"The mostly true story of the legendary ""worst director of all time"", who, with the help of his strange friends, filmed countless B-movies without ever becoming famous or successful.",Johnny Depp Martin Landau Sarah Jessica Parker Patricia Arquette Jeffrey Jones,Tim Burton,24.548633,27-09-1994,7.3
1230,Eraser,Action Drama Mystery Thriller,"U.S. Marshall John Kruger erases the identities of people enrolled in the Witness Protection Program. His current assignment is to protect Lee Cullen, who's uncovered evidence that the weapons manufacturer she works for has been selling to terrorist groups. When Kruger discovers that there's a corrupt agent within the program, he must guard his own life while trying to protect Lee's.",Arnold Schwarzenegger James Caan Vanessa Williams James Coburn Robert Pastorelli,Chuck Russell,24.507987,21-06-1996,5.6
283,Butch Cassidy and the Sundance Kid,History Drama Western Crime,"In late 1890s Wyoming, Butch Cassidy is the affable, clever and talkative leader of the outlaw Hole in the Wall Gang. His closest companion is the laconic dead-shot 'Sundance Kid'. As the west rapidly becomes civilized, the law finally catches up to Butch, Sundance and their gang.  Chased doggedly by a special posse, the two decide to make their way to South America in hopes of evading their pursuers once and for all.",Paul Newman Robert Redford Katharine Ross Strother Martin Henry Jones,George Roy Hill,24.499996,23-09-1969,7.4
453,Letters from Iwo Jima,Action Adventure Drama War,"The story of the battle of Iwo Jima between the United States and Imperial Japan during World War II, as told from the perspective of the Japanese who fought it.",Ken Watanabe Kazunari Ninomiya Tsuyoshi Ihara Ryo Kase Shidou Nakamura,Clint Eastwood,24.47248,19-12-2006,7.2
1437,Cellular,Action Adventure Crime Thriller,A young man receives an emergency phone call on his cell phone from an older woman. She claims to have been kidnapped – and the kidnappers have targeted her husband and child next.,Chris Evans Kim Basinger Jason Statham Jessica Biel William H. Macy,David R. Ellis,24.459948,06-09-2004,6.1
590,Man on the Moon,Comedy Drama Romance,"A film about the life and career of the eccentric avant-garde comedian, Andy Kaufman.",Jim Carrey Courtney Love Bob Zmuda Danny DeVito Gerry Becker,Milo\u0161 Forman,24.444186,22-12-1999,6.9
2963,The Other Guys,Action Comedy Crime,"NYPD detectives Christopher Danson (Johnson) and P.K. Highsmith (Jackson) are the baddest and most beloved cops in New York City. They don't get tattoos, other men get tattoos of them. Two desks over and one back, sit detectives Allen Gamble (Ferrell) and Terry Hoitz (Wahlberg). You've seen them in the background of photos of Danson and Highsmith, out of focus and eyes closed. They're not heroes, they're ""the other guys."" But every cop has his or her day and soon Gamble and Hoitz stumble into a seemingly innocuous case no other detective wants to touch that could turn into NYC's biggest crime. It's the opportunity of their lives, but do these guys have the right stuff?",Will Ferrell Mark Wahlberg Eva Mendes Samuel L. Jackson Dwayne Johnson,Adam McKay,24.399642,06-08-2010,6.1
554,Beneath the Planet of the Apes,Adventure Science Fiction Mystery,"Astronaut Brent is sent to rescue Taylor but crash lands on the Planet of the Apes, just like Taylor did in the original film. Taylor has disappeared into the Forbidden Zone so Brent and Nova try to follow and find him. He discovers a cult of humans that fear the Apes' latest military movements and finds himself in the middle. Tension mounts to a climactic battle between ape and man deep in the bowels of the planet.",James Franciscus Kim Hunter Maurice Evans Linda Harrison Charlton Heston,Ted Post,24.393296,01-05-1970,6.2
1372,Big Momma's House,Crime Comedy,"When a street-smart FBI agent is sent to Georgia to protect a beautiful single mother and her son from an escaped convict, he is forced to impersonate a crass Southern granny known as Big Momma in order to remain incognito.",Martin Lawrence Nia Long Paul Giamatti Jascha Washington Terrence Howard,Raja Gosnell,24.389194,31-05-2000,5.6
1914,Nanny McPhee,Fantasy Comedy Family,"Widower Cedric Brown (Colin Firth) hires Nanny McPhee (Emma Thompson) to care for his seven rambunctious children, who have chased away all previous nannies. Taunted by Simon (Thomas Sangster) and his siblings, Nanny McPhee uses mystical powers to instill discipline. And when the children's great-aunt and benefactor, Lady Adelaide Stitch (Angela Lansbury), threatens to separate the kids, the family pulls together under the guidance of Nanny McPhee.",Emma Thompson Colin Firth Kelly Macdonald Thomas Brodie-Sangster Eliza Bennett,Kirk Jones,24.356483,21-10-2005,6.4
796,Bandits,Action Comedy Crime Romance,Two bank robbers fall in love with the girl they've kidnapped.,Bruce Willis Billy Bob Thornton Cate Blanchett Troy Garity William Converse-Roberts,Barry Levinson,24.353302,12-10-2001,6.2
441,Escape from New York,Science Fiction Action,"In 1997, the island of Manhattan has been walled off and turned into a giant maximum security prison within which the country's worst criminals are left to form their own anarchic society. However, when the President of the United States crash lands on the island, the authorities turn to a former soldier and current convict, Snake Plissken, to rescue him.",Kurt Russell Lee Van Cleef Ernest Borgnine Donald Pleasence Isaac Hayes,John Carpenter,24.351305,22-05-1981,6.9
1647,Freaky Friday,Comedy,"Mother and daughter bicker over everything -- what Anna wears, whom she likes and what she wants to do when she's older. In turn, Anna detests Tess's fiancé. When a magical fortune cookie switches their personalities, they each get a peek at how the other person feels, thinks and lives.",Jamie Lee Curtis Lindsay Lohan Mark Harmon Harold Gould Haley Hudson,Mark Waters,24.345651,03-08-2003,6.0
1748,Pay It Forward,Drama Romance,"Like some other kids, 12-year-old Trevor McKinney believed in the goodness of human nature. Like many other kids, he was determined to change the world for the better. Unlike most other kids, he succeeded.",Kevin Spacey Helen Hunt Haley Joel Osment Jay Mohr Jim Caviezel,Mimi Leder,24.313684,12-10-2000,7.0
1207,Eight Below,Adventure Drama Family,"In the Antarctic, after an expedition with Dr. Davis McClaren, the sled dog trainer Jerry Shepherd has to leave the polar base with his colleagues due to the proximity of a heavy snow storm. He ties his dogs to be rescued after, but the mission is called-off and the dogs are left alone at their own fortune. For six months, Jerry tries to find a sponsor for a rescue mission.",Paul Walker Bruce Greenwood Moon Bloodgood Jason Biggs Gerard Plunkett,Frank Marshall,24.287306,17-02-2006,6.7
647,Persepolis,Animation Drama,"In 1970s Iran, Marjane 'Marji' Statrapi watches events through her young eyes and her idealistic family of a long dream being fulfilled of the hated Shah's defeat in the Iranian Revolution of 1979. However as Marji grows up, she witnesses first hand how the new Iran, now ruled by Islamic fundamentalists, has become a repressive tyranny on its own.",Chiara Mastroianni Danielle Darrieux Catherine Deneuve Simon Abkarian Gabrielle Lopes Benites,Vincent Paronnaud,24.281951,23-05-2007,7.7
1401,The Jacket,Drama Mystery Thriller Fantasy,"A military veteran goes on a journey into the future, where he can foresee his death and is left with questions that could save his life and those he loves.",Adrien Brody Keira Knightley Kris Kristofferson Jennifer Jason Leigh Kelly Lynch,John Maybury,24.240361,04-03-2005,6.8
2809,The Town,Crime Drama Thriller,"Doug MacRay is a longtime thief, who, smarter than the rest of his crew, is looking for his chance to exit the game. When a bank job leads to the group kidnapping an attractive branch manager, he takes on the role of monitoring her – but their burgeoning relationship threatens to unveil the identities of Doug and his crew to the FBI Agent who is on their case.",Ben Affleck Rebecca Hall Jeremy Renner Jon Hamm Blake Lively,Ben Affleck,24.218358,15-09-2010,7.0
3337,Flipped,Romance Drama,"When Juli meets Bryce in the second grade, she knows it's true love. After spending six years trying to convince Bryce the same, she's ready to give up - until he starts to reconsider.",Madeline Carroll Callan McAuliffe Rebecca De Mornay Anthony Edwards John Mahoney,Rob Reiner,24.210698,06-08-2010,7.4
4387,The Boy Next Door,Thriller,"A recently cheated on married woman falls for a younger man who has moved in next door, but their torrid affair soon takes a dangerous turn.",Jennifer Lopez Ryan Guzman Ian Nelson John Corbett Kristin Chenoweth,Rob Cohen,24.161735,23-01-2015,4.1
742,Two Weeks Notice,Romance Comedy,"Dedicated environmental lawyer Lucy Kelson goes to work for billionaire George Wade as part of a deal to preserve a community center. Indecisive and weak-willed George grows dependent on Lucy's guidance on everything from legal matters to clothing. Exasperated, Lucy gives notice and picks Harvard graduate June Carter as her replacement. As Lucy's time at the firm nears an end, she grows jealous of June and has second thoughts about leaving George.",Sandra Bullock Hugh Grant Alicia Witt Dana Ivey Robert Klein,Marc Lawrence,24.153567,19-12-2002,5.9
2073,Men of Honor,Drama,"Against formidable odds -- and an old-school diving instructor embittered by the U.S. Navy's new, less prejudicial policies -- Carl Brashear sets his sights on becoming the Navy's first African-American master diver in this uplifting true story. Their relationship starts out on the rocks, but fate ultimately conspires to bring the men together into a setting of mutual respect, triumph and honor.",Robert De Niro Cuba Gooding Jr. Charlize Theron Aunjanue Ellis Hal Holbrook,"George Tillman, Jr.",24.147269,13-09-2000,7.0
253,Solaris,Drama Science Fiction Adventure Mystery,"Ground control has been receiving strange transmissions from the three remaining residents of the Solaris space station. When cosmonaut and psychologist Kris Kelvin is sent to investigate, he experiences the strange phenomena that afflict the Solaris crew, sending him on a voyage into the darkest recesses of his own consciousness. Based on the novel by the same name from Polish author Stanislaw Lem.",Donatas Banionis Natalya Bondarchuk J\u00fcri J\u00e4rvet Anatoliy Solonitsyn Nikolay Grinko,Andrei Tarkovsky,24.132271,20-03-1972,7.7
1299,The Royal Tenenbaums,Comedy Drama,An estranged family of former child prodigies reunites when their father announces he has a terminal illness.,Gene Hackman Anjelica Huston Ben Stiller Gwyneth Paltrow Luke Wilson,Wes Anderson,24.13081,05-10-2001,7.4
510,Flatliners,Drama Horror Science Fiction Thriller,"Five medical students want to find out if there is life after death. They plan to stop one of their hearts for a few seconds, thus simulating death, and then bring the person back to life. A science fiction thriller from the early 1990's with a star studded cast.",Kiefer Sutherland Julia Roberts Kevin Bacon William Baldwin Oliver Platt,Joel Schumacher,24.114459,09-08-1990,6.3
1588,The Rundown,Adventure Action Comedy Thriller,"When Travis, the mouthy son of a criminal, disappears in the Amazon in search of a treasured artifact, his father sends in Beck, who becomes Travis's rival for the affections of Mariana, a mysterious Brazilian woman. With his steely disposition, Beck is a man of few words -- but it takes him all the discipline he can muster to work with Travis to nab a tyrant who's after the same treasure.","Dwayne Johnson Seann William Scott Rosario Dawson Christopher Walken Ernie Reyes, Jr.",Peter Berg,24.107835,26-09-2003,6.4
411,Cinderella Man,Romance Drama History,"The true story of boxer, Jim Braddock who, in the 1920’s after his retirement, has a surprise comeback in order to get him and his family out of a socially poor state.",Russell Crowe Ren\u00e9e Zellweger Paul Giamatti Craig Bierko Paddy Considine,Ron Howard,24.100863,02-06-2005,7.3
1539,My Sister's Keeper,Drama,"Sara and Brian live an idyllic life with their young son and daughter. But their family is rocked by sudden, heartbreaking news that forces them to make a difficult and unorthodox choice in order to save their baby girl's life. The parents' desperate decision raises both ethical and moral questions and rips away at the foundation of their relationship. Their actions ultimately set off a court case that threatens to tear the family apart, while revealing surprising truths that challenge everyone's perceptions of love and loyalty and give new meaning to the definition of healing.",Cameron Diaz Alec Baldwin Abigail Breslin Joan Cusack Sofia Vassilieva,Nick Cassavetes,24.09152,26-06-2009,7.1
1329,Spy Kids 2: The Island of Lost Dreams,Action Adventure Family,"Exploring the further adventures of Carmen and Juni Cortez, who have now joined the family spy business as Level 2 OSS agents. Their new mission is to save the world from a mad scientist living on a volcanic island populated by an imaginative menagerie of creatures. On this bizarre island, none of the Cortez's gadgets work and they must rely on their wits--and each other--to survive and save the day.",Antonio Banderas Carla Gugino Alexa PenaVega Daryl Sabara Steve Buscemi,Robert Rodriguez,24.085144,07-08-2002,5.3
3185,Beastly,Drama Fantasy Romance,"A curse transforms a handsome and arrogant young man into everything he detests in this contemporary retelling of Beauty and the Beast. Wealthy Kyle Kingson has everything a teenager could want in life, but he still gets off on humiliating the weaker and less attractive. When Kyle invites his misfit classmate Kendra to an environmental rally at their school, she questions his motivations but reluctantly accepts. Later, Kyle blows Kendra off, prompting the spurned goth girl to cast a dark spell on the swaggering egotist.",Alex Pettyfer Vanessa Hudgens Mary-Kate Olsen Lisa Gay Hamilton Neil Patrick Harris,Daniel Barnz,24.054062,21-01-2011,6.0
1045,Behind Enemy Lines,Action Drama Thriller War,"While flying a routine reconnaissance mission over Bosnia, fighter pilot Chris Burnett photographs something he wasn't supposed to see and gets shot down behind enemy lines, where he must outrun an army led by a ruthless Serbian general. With time running out and a deadly tracker on his trail, Burnett's commanding officer decides to risk his career and launch a renegade rescue mission to save his life.",Owen Wilson Gene Hackman Gabriel Macht Charles Malik Whitfield David Keith,John Moore,24.012986,17-11-2001,6.0
877,Layer Cake,Drama Thriller Crime,"When a seemingly straight-forward drug deal goes awry, XXXX has to break his die-hard rules and turn up the heat, not only to outwit the old regime and come out on top, but to save his own skin...",Daniel Craig Tom Hardy Colm Meaney George Harris Sally Hawkins,Matthew Vaughn,24.0034,30-09-2004,7.0
114,High Fidelity,Comedy Drama Romance Music,"When record store owner Rob Gordon gets dumped by his girlfriend, Laura, because he hasn't changed since they met, he revisits his top five breakups of all time in an attempt to figure out what went wrong. As Rob seeks out his former lovers to find out why they left, he keeps up his efforts to win Laura back.",John Cusack Iben Hjejle Todd Louiso Jack Black Lisa Bonet,Stephen Frears,23.982956,17-03-2000,7.0
118,Willy Wonka & the Chocolate Factory,Family Fantasy,Eccentric candy man Willy Wonka prompts a worldwide frenzy when he announces that golden tickets hidden inside five of his delicious candy bars will admit their lucky holders into his top-secret confectionary. But does Wonka have an agenda hidden amid a world of Oompa Loompas and chocolate rivers?,Gene Wilder Jack Albertson Peter Ostrum Roy Kinnear Denise Nickerson,Mel Stuart,23.981601,29-06-1971,7.4
1838,Hoodwinked!,Animation Comedy Family,"The recipes of candies of the goody shops have been stolen by the Goody Bandit, and many animals are out of business. While the police are chasing the criminal, there is a mess at Granny's house evolving Little Red Hiding Hood, The Wolf, The Woodsman and Granny, disturbing the peace in the forest and they are all arrested by the impatient Chief Grizzly.",Anne Hathaway Glenn Close Jim Belushi Patrick Warburton Anthony Anderson,Cory Edwards,23.980329,16-12-2005,5.9
359,Lolita,Drama Romance,"Humbert Humbert is a middle-aged British novelist who is both appalled by and attracted to the vulgarity of American culture. When he comes to stay at the boarding house run by Charlotte Haze, he soon becomes obsessed with Lolita, the woman's teenaged daughter.",James Mason Sue Lyon Shelley Winters Peter Sellers Lois Maxwell,Stanley Kubrick,23.962109,13-06-1962,7.3
816,Flags of Our Fathers,War Drama History,"There were five Marines and one Navy Corpsman photographed raising the U.S. flag on Mt. Suribachi by Joe Rosenthal on February 23, 1945. This is the story of three of the six surviving servicemen – John 'Doc' Bradley, Pvt. Rene Gagnon and Pvt. Ira Hayes, who fought in the battle to take Iwo Jima from the Japanese.",Ryan Phillippe Adam Beach Jesse Bradford John Benjamin Hickey John Slattery,Clint Eastwood,23.9366,18-10-2006,6.7
2284,Race to Witch Mountain,Adventure Family Fantasy Science Fiction Thriller,"A taxi driver gets more than he bargained for when he picks up two teen runaways. Not only does the pair possess supernatural powers, but they're also trying desperately to escape people who have made them their targets.",Dwayne Johnson AnnaSophia Robb Alexander Ludwig Carla Gugino Chris Marquette,Andy Fickman,23.935053,12-03-2009,5.5
2985,Case 39,Horror Mystery Thriller,"In her many years as a social worker, Emily Jenkins believes she has seen it all, until she meets 10-year-old Lilith and the girl's cruel parents. Emily's worst fears are confirmed when the parents try to harm the child, and so Emily assumes custody of Lilith while she looks for a foster family. However, Emily soon finds that dark forces surround the seemingly innocent girl, and the more she tries to protect Lilith, the more horrors she encounters.",Ren\u00e9e Zellweger Jodelle Ferland Ian McShane Kerry O'Malley Callum Keith Rennie,Christian Alvart,23.917982,13-08-2009,6.1
1502,How to Lose a Guy in 10 Days,Comedy Romance,"An advice columnist, Andie Anderson (Kate Hudson), tries pushing the boundaries of what she can write about in her new piece about how to get a man to leave you in 10 days. Her editor, Lana (Bebe Neuwirth), loves it, and Andie goes off to find a man she can use for the experiment. Enter executive Ben Berry (Matthew McConaughey), who is so confident in his romantic prowess that he thinks he can make any woman fall in love with him in 10 days. When Andie and Ben meet, their plans backfire.",Kate Hudson Matthew McConaughey Kathryn Hahn Annie Parisse Adam Goldberg,Donald Petrie,23.854701,07-02-2003,6.3
2801,Invictus,Drama History,"Newly elected President Nelson Mandela knows his nation remains racially and economically divided in the wake of apartheid. Believing he can bring his people together through the universal language of sport, Mandela rallies South Africa's rugby team as they make their historic run to the 1995 Rugby World Cup Championship match.",Morgan Freeman Matt Damon Tony Kgoroge Patrick Mofokeng Matt Stern,Clint Eastwood,23.85119,10-12-2009,7.0
1753,The Waterboy,Comedy,Bobby Boucher is a water boy for a struggling college football team. The coach discovers Boucher's hidden rage makes him a tackling machine whose bone-crushing power might vault his team into the playoffs.,Adam Sandler Kathy Bates Fairuza Balk Henry Winkler Jerry Reed,Frank Coraci,23.839127,06-11-1998,5.9
3103,Nanny McPhee and the Big Bang,Comedy Fantasy,"Nanny McPhee appears at the door of a harried young mother, Mrs. Isabel Green, who is trying to run the family farm while her husband is away at war. But once she’s arrived, Nanny McPhee discovers that the children are fighting a war of their own against two spoiled city cousins who have just moved in. Relying on everything from a flying motorcycle and a statue that comes to life to a tree-climbing piglet and a baby elephant, Nanny uses her magic to teach her mischievous charges five new lessons.",Emma Thompson Asa Butterfield Ralph Fiennes Maggie Gyllenhaal Maggie Smith,Susanna White,23.835055,26-03-2010,6.0
3154,The Firm,Drama Mystery Thriller,"Mitch McDeere is a young man with a promising future in Law. About to sit his Bar exam, he is approached by 'The Firm' and made an offer he doesn't refuse. Seduced by the money and gifts showered on him, he is totally oblivious to the more sinister side of his company. Then, two Associates are murdered. The FBI contact him, asking him for information and suddenly his life is ruined. He has a choice - work with the FBI, or stay with the Firm. Either way he will lose his life as he knows it. Mitch figures the only way out is to follow his own plan...",Tom Cruise Jeanne Tripplehorn Gene Hackman Holly Hunter Ed Harris,Sydney Pollack,23.736535,30-06-1993,6.6
3738,The Pirates! In an Adventure with Scientists!,Animation Adventure Family Comedy,"The luxuriantly bearded Pirate Captain is a boundlessly enthusiastic, if somewhat less-than-successful, terror of the High Seas. With a rag-tag crew at his side, and seemingly blind to the impossible odds stacked against him, the Captain has one dream: to beat his bitter rivals Black Bellamy and Cutlass Liz to the much coveted Pirate of the Year Award. It’s a quest that takes our heroes from the shores of exotic Blood Island to the foggy streets of Victorian London. Along the way they battle a diabolical queen and team up with a haplessly smitten young scientist, but never lose sight of what a pirate loves best: adventure!",Hugh Grant Brendan Gleeson Jeremy Piven Brian Blessed Salma Hayek,Peter Lord,23.700759,12-03-2012,6.4
30,Before Sunrise,Drama Romance,"A dialogue marathon of a film, this fairytale love story of an American boy and French girl. During a day and a night together in Vienna their two hearts collide.",Ethan Hawke Julie Delpy Andrea Eckert Hanno P\u00f6schl Karl Bruckschwaiger,Richard Linklater,23.672571,27-01-1995,7.7
917,The Ladykillers,Comedy Crime Thriller,"An eccentric, if not charming Southern professor and his crew pose as a band in order to rob a casino, all under the nose of his unsuspecting landlord – a sharp old woman.",Tom Hanks Irma P. Hall Marlon Wayans J.K. Simmons Tzi Ma,Joel Coen,23.666229,25-03-2004,6.0
653,Hostage,Mystery Drama Thriller Crime,"When a mafia accountant is taken hostage on his beat, a police officer – wracked by guilt from a prior stint as a negotiator – must negotiate the standoff, even as his own family is held captive by the mob.",Bruce Willis Kevin Pollak Jimmy Bennett Michelle Horn Ben Foster,Florent-Emilio Siri,23.663713,09-03-2005,6.2
2540,Planet 51,Science Fiction Animation Family Comedy Adventure,"When Earth astronaut Capt. Chuck Baker arrives on Planet 51 -- a world reminiscent of American suburbia circa 1950 -- he tries to avoid capture, recover his spaceship and make it home safely, all with the help of an empathetic little green being.",Dwayne Johnson Seann William Scott Jessica Biel Justin Long Gary Oldman,Jorge Blanco,23.661071,19-11-2009,5.6
652,The Patriot,Drama History War Action,"After proving himself on the field of battle in the French and Indian War, Benjamin Martin wants nothing more to do with such things, preferring the simple life of a farmer. But when his son Gabriel enlists in the army to defend their new nation, America, against the British, Benjamin reluctantly returns to his old life to protect his son.",Mel Gibson Heath Ledger Joely Richardson Jason Isaacs Tch\u00e9ky Karyo,Roland Emmerich,23.657284,28-06-2000,6.8
2149,A Serious Man,Comedy Drama,"A Serious Man is the story of an ordinary man's search for clarity in a universe where Jefferson Airplane is on the radio and F-Troop is on TV. It is 1967, and Larry Gopnik, a physics professor at a quiet Midwestern university, has just been informed by his wife Judith that she is leaving him. She has fallen in love with one of his more pompous acquaintances Sy Ableman.",Michael Stuhlbarg Richard Kind Fred Melamed Sari Lennick Aaron Wolff,Joel Coen,23.612409,02-10-2009,6.6
33,Hero,Drama Adventure Action History,One man defeated three assassins who sought to murder the most powerful warlord in pre-unified China.,Jet Li Tony Leung Chiu-Wai Maggie Cheung Donnie Yen Zhang Ziyi,Zhang Yimou,23.607392,19-12-2002,7.2
1266,Species,Science Fiction Horror Action,"In 1993, the Search for Extra Terrestrial Intelligence Project receives a transmission detailing an alien DNA structure, along with instructions on how to splice it with human DNA. The result is Sil, a sensual but deadly creature who can change from a beautiful woman to an armour-plated killing machine in the blink of an eye.",Natasha Henstridge Ben Kingsley Michael Madsen Alfred Molina Forest Whitaker,Roger Donaldson,23.607071,07-07-1995,5.5
1006,Elite Squad,Drama Action Crime,"In 1997, before the visit of the pope to Rio de Janeiro, Captain Nascimento from BOPE (Special Police Operations Battalion) is assigned to eliminate the risks of the drug dealers in a dangerous slum nearby where the pope intends to be lodged.",Wagner Moura Caio Junqueira Andr\u00e9 Ramiro Milhem Cortaz Fernanda Machado,Jos\u00e9 Padilha,23.604936,12-10-2007,7.8
1063,Napoleon Dynamite,Comedy,"A listless and alienated teenager decides to help his new friend win the class presidency in their small western high school, while he must deal with his bizarre family life back home.",Jon Heder Aaron Ruell Jon Gries Efren Ramirez Shondrella Avery,Jared Hess,23.603514,11-06-2004,6.7
1611,Bedtime Stories,Fantasy Comedy Family Romance,Skeeter Bronson is a down-on-his-luck guy who's always telling bedtime stories to his niece and nephew. But his life is turned upside down when the fantastical stories he makes up for entertainment inexplicably turn into reality. Can a bewildered Skeeter manage his own unruly fantasies now that the outrageous characters and situations from his mind have morphed into actual people and events?,Adam Sandler Keri Russell Guy Pearce Courteney Cox Lucy Lawless,Adam Shankman,23.531721,24-12-2008,5.9
3848,Rock of Ages,Comedy Drama Music Romance,"A small town girl and a city boy meet on the Sunset Strip, while pursuing their Hollywood dreams.",Julianne Hough Diego Boneta Tom Cruise Alec Baldwin Russell Brand,Adam Shankman,23.515938,13-06-2012,6.0
2013,Get Smart,Action Comedy Thriller,"When the identities of secret agents from Control are compromised, the Chief promotes hapless but eager analyst Maxwell Smart and teams him with stylish, capable Agent 99, the only spy whose cover remains intact. Can they work together to thwart the evil plans of KAOS and its crafty operative?",Steve Carell Anne Hathaway Dwayne Johnson Alan Arkin Terence Stamp,Peter Segal,23.496054,19-06-2008,6.0
1025,Smokin' Aces,Action Comedy Crime Thriller,"When a Las Vegas performer-turned-snitch named Buddy Israel decides to turn state's evidence and testify against the mob, it seems that a whole lot of people would like to make sure he's no longer breathing.",Ryan Reynolds Ray Liotta Joseph Ruskin Alex Rocco Wayne Newton,Joe Carnahan,23.491962,09-12-2006,6.4
3542,Alvin and the Chipmunks: Chipwrecked,Comedy Fantasy Family Music Animation,"Playing around while aboard a cruise ship, the Chipmunks and Chipettes accidentally go overboard and end up marooned in a tropical paradise. They discover their new turf is not as deserted as it seems.",Jason Lee David Cross Jenny Slate Andy Buckley Justin Long,Mike Mitchell,23.473004,14-12-2011,5.4
2260,City of Ember,Adventure Family Fantasy,"For generations, the people of the City of Ember have flourished in an amazing world of glittering lights. But Ember's once powerful generator is failing and the great lamps that illuminate the city are starting to flicker. Now, two teenagers, in a race against time, must search Ember for clues that will unlock the ancient mystery of the city's existence, before the the lights go out forever.",Saoirse Ronan Harry Treadaway Mary Kay Place Bill Murray Martin Landau,Gil Kenan,23.465539,07-10-2008,6.2
357,Cruel Intentions,Drama Romance Thriller,"Slaking a thirst for dangerous games, Kathryn challenges her stepbrother, Sebastian, to deflower their headmaster's daughter before the summer ends. If he succeeds, the prize is the chance to bed Kathryn. But if he loses, Kathryn will claim his most prized possession.",Sarah Michelle Gellar Ryan Phillippe Reese Witherspoon Selma Blair Louise Fletcher,Roger Kumble,23.449703,05-03-1999,6.6
665,The Whole Nine Yards,Comedy Crime,"A mobster named Jimmy the Tulip agrees to cooperate with an FBI investigation in order to stay out of prison; he's relocated by the authorities to a life of suburban anonymity as part of a witness protection program. It's not long before a couple of his new neighbors figure out his true identity and come knocking to see if he'd be up for one more hit, suburban style.",Bruce Willis Matthew Perry Rosanna Arquette Michael Clarke Duncan Kevin Pollak,Jonathan Lynn,23.441135,18-02-2000,6.2
1932,Walking Tall,Adventure Drama Action Thriller,"A former U.S. soldier returns to his hometown to find it overrun by crime and corruption, which prompts him to clean house.",Dwayne Johnson Johnny Knoxville Neal McDonough Kristen Wilson Cobie Smulders,Kevin Bray,23.438398,02-04-2004,6.0
567,West Side Story,Crime Drama Music,"In the slums of the upper West Side of Manhattan, New York, a gang of Polish-American teenagers called the Jets compete with a rival gang of recently immigrated Puerto Ricans, the Sharks, to ""own"" the neighborhood streets. Tensions are high between the gangs but two kids, one from each rival gang, fall in love leading to tragedy.",Natalie Wood Richard Beymer Russ Tamblyn Rita Moreno George Chakiris,Robert Wise,23.431117,18-10-1961,7.0
1404,Sideways,Comedy Drama Romance,"Two middle-aged men embark on a spiritual journey through Californian wine country. One is an unpublished novelist suffering from depression, and the other is only days away from walking down the aisle.",Paul Giamatti Thomas Haden Church Virginia Madsen Sandra Oh Marylouise Burke,Alexander Payne,23.425431,22-10-2004,6.9
1945,Not Another Teen Movie,Comedy,"On a bet, a gridiron hero at John Hughes High School sets out to turn a bespectacled plain Jane into a beautiful and popular prom queen in this outrageous send-up of the teen movie genre.",Chyler Leigh Chris Evans Jaime Pressly Eric Christian Olsen Mia Kirshner,Joel Gallen,23.423082,07-12-2001,5.5
3891,Robot & Frank,Science Fiction Comedy Drama Crime,"A delightful dramatic comedy, a buddy picture, and, for good measure, a heist film. Curmudgeonly old Frank lives by himself. His routine involves daily visits to his local library, where he has a twinkle in his eye for the librarian. His grown children are concerned about their father’s well-being and buy him a caretaker robot. Initially resistant to the idea, Frank soon appreciates the benefits of robotic support – like nutritious meals and a clean house – and eventually begins to treat his robot like a true companion. With his robot’s assistance, Frank’s passion for his old, unlawful profession is reignited, for better or worse.",Frank Langella Liv Tyler James Marsden Susan Sarandon Peter Sarsgaard,Jake Schreier,23.419061,16-08-2012,6.8
1288,The Descent,Adventure Horror,"After a tragic accident, six friends reunite for a caving expedition. Their adventure soon goes horribly wrong when a collapse traps them deep underground and they find themselves pursued by bloodthirsty creatures. As their friendships deteriorate, they find themselves in a desperate struggle to survive the creatures and each other.",Shauna Macdonald Natalie Mendoza Alex Reid Saskia Mulder MyAnna Buring,Neil Marshall,23.413188,08-07-2005,6.8
3137,Never Say Never Again,Adventure Action Thriller,"James Bond returns as the secret agent 007 one more time to battle the evil organization SPECTRE. Bond must defeat Largo, who has stolen two atomic warheads for nuclear blackmail. But Bond has an ally in Largo's girlfriend, the willowy Domino, who falls for Bond and seeks revenge. This is the last time for Sean Connery as Her Majesty's Secret Agent 007.",Sean Connery Kim Basinger Klaus Maria Brandauer Edward Fox Barbara Carrera,Irvin Kershner,23.380757,07-10-1983,5.8
3728,The Iron Lady,History Drama,"A look at the life of Margaret Thatcher, the former Prime Minister of the United Kingdom, with a focus on the price she paid for power.",Meryl Streep Anthony Stewart Head Harry Lloyd Jim Broadbent Susan Brown,Phyllida Lloyd,23.3784,30-12-2011,6.2
3322,Piranha 3D,Comedy Horror,"Each year the population of sleepy Lake Victoria, Arizona explodes from 5,000 to 50,000 residents for the annual Spring Break celebration. But then, an earthquake opens an underwater chasm, releasing an enormous swarm of ancient Piranha that have been dormant for thousands of years, now with a taste for human flesh. This year, there's something more to worry about than the usual hangovers and complaints from locals, a new type of terror is about to be cut loose on Lake Victoria.",Elisabeth Shue Adam Scott Jerry O'Connell Steven R. McQueen Jessica Szohr,Alexandre Aja,23.343839,20-08-2010,5.3
541,Speed 2: Cruise Control,Action Adventure Thriller,Sandra Bullock and Jason Patric star as a young couple whose dream cruise turns to terror when a lunatic computer genius (Willem Dafoe) sets a new course for destruction.,Sandra Bullock Jason Patric Willem Dafoe Temuera Morrison Mike Hagerty,Jan de Bont,23.336875,13-06-1997,4.1
322,The Living Daylights,Action Adventure Thriller,James Bond helps a Russian General escape into the west. He soon finds out that the KGB wants to kill him for helping the General. A little while later the General is kidnapped from the Secret Service leading 007 to be suspicious.,Timothy Dalton Maryam d'Abo Jeroen Krabb\u00e9 Joe Don Baker John Rhys-Davies,John Glen,23.331459,29-06-1987,6.2
3723,The Darkest Hour,Horror Action Thriller Science Fiction,"In Moscow, five young people lead the charge against an alien race which has attacked Earth via our power supply.",Emile Hirsch Rachael Taylor Olivia Thirlby Joel Kinnaman Max Minghella,Chris Gorak,23.328823,22-12-2011,4.8
1168,Jeepers Creepers,Horror Thriller,"A college-age brother and sister get more than they bargained for on their road trip home from spring break. When the bickering siblings witness a creepy truck driver tossing body bags into a sewer near an abandoned church, they investigate. Bad move! Opening a Pandora's Box of unspeakable evil, the pair must flee for their lives -- with a monstrous ""shape"" in hot pursuit.",Gina Philips Justin Long Jonathan Breck Patricia Belcher Eileen Brennan,Victor Salva,23.316208,01-07-2001,6.1
2356,Primer,Science Fiction Drama Thriller,"Friends/fledgling entrepreneurs invent a device in their garage that reduces the apparent mass of any object placed inside it, but they accidentally discover that it has some highly unexpected capabilities -- ones that could enable them to do and to have seemingly anything they want. Taking advantage of this unique opportunity is the first challenge they face. Dealing with the consequences is the next.",Shane Carruth David Sullivan Casey Gooden Anand Upadhyaya Carrie Crawford,Shane Carruth,23.307949,08-10-2004,6.9
4084,Before Midnight,Romance Drama,We meet Jesse and Celine nine years on in Greece. Almost two decades have passed since their first meeting on that train bound for Vienna.,Ethan Hawke Julie Delpy Seamus Davey-Fitzpatrick Jennifer Prior Charlotte Prior,Richard Linklater,23.299907,05-04-2013,7.4
3622,Silent Hill: Revelation 3D,Thriller Horror Mystery,"Heather Mason and her father have been on the run, always one step ahead of dangerous forces that she doesn't fully understand, Now on the eve of her 18th birthday, plagued by horrific nightmares and the disappearance of her father, Heather discovers she's not who she thinks she is. The revelation leads her deeper into a demonic world that threatens to trap her forever.",Adelaide Clemens Kit Harington Sean Bean Carrie-Anne Moss Radha Mitchell,Michael J. Bassett,23.292761,10-10-2012,5.0
17,Amores perros,Drama Thriller,Three different people in Mexico City are catapulted into dramatic and unforeseen circumstances in the wake of a terrible car crash: a young punk stumbles into the sinister underground world of dog fighting; an injured supermodel's designer pooch disappears into the apartment's floorboards; and an ex-radical turned hit man rescues a gunshot Rotweiler.,Gael Garc\u00eda Bernal Vanessa Bauche Goya Toledo Alvaro Guerrero Emilio Echevarr\u00eda,Alejandro Gonz\u00e1lez I\u00f1\u00e1rritu,23.281616,16-06-2000,7.6
3077,Wall Street: Money Never Sleeps,Drama Crime,"As the global economy teeters on the brink of disaster, a young Wall Street trader partners with disgraced former Wall Street corporate raider Gordon Gekko on a two tiered mission: To alert the financial community to the coming doom, and to find out who was responsible for the death of the young trader's mentor.",Michael Douglas Shia LaBeouf Josh Brolin Carey Mulligan Frank Langella,Oliver Stone,23.25645,02-09-2010,5.8
994,Coach Carter,Drama,"Based on a true story, in which Richmond High School head basketball coach Ken Carter made headlines in 1999 for benching his undefeated team due to poor academic results.",Samuel L. Jackson Rob Brown Robert Ri'chard Rick Gonzalez Channing Tatum,Thomas Carter,23.234651,14-01-2005,7.3
1292,Surf's Up,Animation Comedy Family,"Cody is a surfing penguin from Shiverpool who dreams of making it big and being like his idol Big Z. On his journey he discovers his talents are not all he thinks they are and he must learn to accept that their is more to surfing than fame and fortune.  Surf's Up is a 2007 American computer-animated mockumentary film produced by Sony Pictures Animation and distributed by Columbia Pictures and ImageWorks Studios. It stars the voices of Shia LaBeouf, Jeff Bridges, Zooey Deschanel, Jon Heder among others.",Shia LaBeouf Jeff Bridges Zooey Deschanel Jon Heder James Woods,Ash Brannon,23.230851,08-06-2007,5.9
3161,Splice,Horror Thriller Science Fiction,"Elsa and Clive, two young rebellious scientists, defy legal and ethical boundaries and forge ahead with a dangerous experiment: splicing together human and animal DNA to create a new organism. Named ""Dren"", the creature rapidly develops from a deformed female infant into a beautiful but dangerous winged human-chimera, who forges a bond with both of her creators - only to have that bond turn deadly.",Adrien Brody Sarah Polley Delphine Chan\u00e9ac David Hewlett Abigail Chu,Vincenzo Natali,23.227877,06-10-2009,5.5
543,The Net,Crime Drama Mystery Thriller Action,"Angela Bennett is a freelance software engineer who lives in a world of computer technology. When a cyber friend asks Bennett to debug a new game, she inadvertently becomes involved in a conspiracy that will soon turn her life upside down. While on vacation in Mexico, her purse is stolen. She soon finds that people and events may not be what they seem as she becomes the target of an assassination. Her vacation is ruined.  She gets a new passport at the U.S. Embassy in Mexico but it has the wrong name, Ruth Marx. When she returns to the U.S. to sort things out, she discovers that Ruth Marx has an unsavory past and a lengthy  police record. To make matters worse, another person has assumed her real identity ...",Sandra Bullock Jeremy Northam Dennis Miller Wendy Gazelle Ken Howard,Irwin Winkler,23.218144,28-07-1995,5.6
809,The Number 23,Thriller Drama Mystery,"Walter Sparrow is an animal control officer that becomes obsessed with a mysterious book that seems to be based on his own life. As soon as he opens the book, he notices strange parallels between what he reads and what he's experienced. But now he's worried that a fictional murder might materialize.",Jim Carrey Virginia Madsen Logan Lerman Danny Huston Lynn Collins,Joel Schumacher,23.197408,23-02-2007,6.3
390,WarGames,Thriller Science Fiction,"High School student David Lightman (Matthew Broderick) has a talent for hacking. But while trying to hack into a computer system to play unreleased video games, he unwittingly taps into the Defense Department's war computer and initiates a confrontation of global proportions! Together with his girlfriend (Ally Sheedy) and a wizardly computer genius (John Wood), David must race against time to outwit his opponent...and prevent a nuclear Armageddon.",Matthew Broderick Dabney Coleman Ally Sheedy John Wood Barry Corbin,John Badham,23.161754,03-06-1983,7.0
3112,The Last Song,Drama Family Romance,"A drama centered on a rebellious girl who is sent to a Southern beach town for the summer to stay with her father. Through their mutual love of music, the estranged duo learn to reconnect.",Miley Cyrus Greg Kinnear Bobby Coleman Liam Hemsworth Hallock Beals,Julie Anne Robinson,23.139971,31-03-2010,6.9
1356,Any Given Sunday,Drama,A star quarterback gets knocked out of the game and an unknown third stringer is called in to replace him. The unknown gives a stunning performance and forces the aging coach to reevaluate his game plans and life. A new co-owner/president adds to the pressure of winning. The new owner must prove her self in a male dominated world.,Al Pacino Cameron Diaz Dennis Quaid James Woods Jamie Foxx,Oliver Stone,23.127561,16-12-1999,6.8
375,The Bridge on the River Kwai,Drama History War,"The classic story of English POWs in Burma forced to build a bridge to aid the war effort of their Japanese captors. British and American intelligence officers conspire to blow up the structure, but Col. Nicholson , the commander who supervised the bridge's construction, has acquired a sense of pride in his creation and tries to foil their plans.",William Holden Alec Guinness Jack Hawkins Sessue Hayakawa James Donald,David Lean,23.109959,02-10-1957,7.7
1983,Small Soldiers,Comedy Adventure Fantasy Science Fiction Action,"When missile technology is used to enhance toy action figures, the toys soon begin to take their battle programming too seriously.",Gregory Smith Kirsten Dunst Denis Leary Phil Hartman David Cross,Joe Dante,23.088571,10-07-1998,6.2
1413,Assassins,Action Adventure Crime Thriller,"Assassin Robert Rath arrives at a funeral to kill a prominent mobster, only to witness a rival hired gun complete the job for him -- with grisly results. Horrified by the murder of innocent bystanders, Rath decides to take one last job and then return to civilian life. But finding his way out of the world of contract killing grows ever more dangerous as Rath falls for his female target and becomes a marked man himself.",Sylvester Stallone Antonio Banderas Julianne Moore Anatoli Davydov Muse Watson,Richard Donner,23.073933,06-10-1995,6.0
767,A Very Long Engagement,Drama,"In 1919, Mathilde was 19 years old. Two years earlier, her fiancé Manech left for the front at the Somme. Like millions of others he was ""killed on the field of battle."" It's written in black and white on the official notice. But Mathilde refuses to believe it. If Manech had died, she would know. She hangs on to her intuition as tightly as she would onto the last thread of hope linking her to her lover. A former sergeant tells her in vain that Manech died in the no man's land of a trench named Bingo Crepescule, in the company of four other men condemned to die for self-inflicted wounds. Her path ahead is full of obstacles but Mathilde is not frightened. Anything is possible to someone who is willing to challenge fate...",Audrey Tautou Gaspard Ulliel Dominique Pinon Chantal Neuwirth Andr\u00e9 Dussollier,Jean-Pierre Jeunet,23.05451,26-10-2004,7.1
3169,Killers,Action Comedy Thriller Romance,"When an elite assassin marries a beautiful computer whiz after a whirlwind romance, he gives up the gun and settles down with his new bride. That is, until he learns that someone from his past has put a contract out on his life.",Katherine Heigl Ashton Kutcher Tom Selleck Catherine O'Hara Alex Borstein,Robert Luketic,23.004607,04-06-2010,5.7
4668,Race,Action Drama,"Based on the incredible true story of Jesse Owens, the legendary athletic superstar whose quest to become the greatest track and field athlete in history thrusts him onto the world stage of the 1936 Olympics, where he faces off against Adolf Hitler's vision of Aryan supremacy. Starring Stephan James, Jason Sudeikis, Jeremy Irons, Carice Van Houten and William Hurt - Race is an enthralling film about courage, determination, tolerance, and friendship, and an inspiring drama about one man's fight to become an Olympic legend.",Stephan James Jason Sudeikis Carice van Houten Jeremy Irons Amanda Crew,Stephen Hopkins,22.9951,19-02-2016,7.1
1165,Deep Blue Sea,Action Science Fiction Thriller,"On a remote former submarine refueling facility called Aquatica, a team of scientists are searching for a cure for Alzheimer's disease. Dr. Susan McAlester genetically engineers three Mako sharks, intending to increase their brain capacity so that they can harvest the tissue as a cure for Alzheimer's. Unfortunately, the increased brain capacity also makes the sharks smarter, faster, and more dangerous. Aquatica's financial backers are skeptical and nervous about the tests, and send a corporate executive to visit the facility.",Thomas Jane Saffron Burrows LL Cool J Michael Rapaport Samuel L. Jackson,Renny Harlin,22.991269,28-07-1999,5.6
4166,Joe,Drama,The rough-hewn boss of a lumber crew courts trouble when he steps in to protect the youngest member of his team from an abusive father.,Nicolas Cage Tye Sheridan Ronnie Gene Blevins Sue Rock Heather Kafka,David Gordon Green,22.987897,11-04-2014,6.5
